image_path,sha256,label,source,origin_split,folder_label,dup_group
v1/train/ambulance/214587510.jpg,d1e76b95fc4b409636876cf9f0833feee0534d507d0953c2856427964114c99a,ambulance,v1,train,ambulance,
v1/train/ambulance/216019173.jpg,eda4eabc2fdc861b8017eae0973c5a1655d5b22acabc7b7a7429bff19afb89ac,ambulance,v1,train,ambulance,
v1/train/ambulance/216077999.jpg,414cc963ec9885c04c0df6ad81bacb6c3fc97c02f77528269146bf40191ec9ce,ambulance,v1,train,ambulance,
v1/train/autobus/193229239.jpg,e216c4e684c99a54381d4267a74a1971e9f8c691792fff6668faefa6d17a8147,autobus,v1,train,autobus,
v1/train/autobus/194279229.jpg,733e469f11bdc00ac6204bc75e0a845cab4e73740d2d913623e43b1c8c99bcb1,autobus,v1,train,autobus,
v1/train/autobus/195459397.jpg,c3644d1abacc6f381bcde5b51735d681f49b1ba9e8b8eb88af452d6eb06e79bc,autobus,v1,train,autobus,
v1/train/autobus/199033958.jpg,a18b7a21a2f1039019f1c54b8578ee86dd7d20f86726d29097fdfecbe3a534c2,autobus,v1,train,autobus,
v1/train/autobus/200168649.jpg,f3d163b351c702b6338094121c3d96f1ddfe6330346c7ce208d927596f450659,autobus,v1,train,autobus,
v1/train/autobus/205052162.jpg,f9a4cc5aba5467b12b31ee024e436ae43056db3675ba1cffffca39b88f890513,autobus,v1,train,autobus,
v1/train/autobus/205343679.jpg,36ee5a04676d753ec5491b95daf0e276a998861393c0e083cd6ab214968f4ce8,autobus,v1,train,autobus,
v1/train/autobus/208843464.jpg,f7ee530d980e11946ee340a03015663a98c42b9a4c7236362cdc9e7b5c8124ca,autobus,v1,train,autobus,
v1/train/autobus/210456615.jpg,8d0877cd620583a9dcc0855a496912ff7a51f02a5ca24058a4ee9fac4ad79770,autobus,v1,train,autobus,
v1/train/autobus/211794766.jpg,80a0df63b16c511106d2f55cc417674e3b3b62bef9445c574d2baff4b3d8e8ac,autobus,v1,train,autobus,
v1/train/autobus/213633279.jpg,a1fec9b1595e4d5b11186346a4f7b1dc0706296c1f32c25a6d68fb9a0f21798d,autobus,v1,train,autobus,
v1/train/autobus/213843804.jpg,0b6d7dd3f0f3440c9d1b8893335a6283ebf821dcfb33164689d63cfc8f563c8a,autobus,v1,train,autobus,
v1/train/autobus/215655037.jpg,af9d243d62a11d06fdf33db915064ac8b201df5b737983892b0eadaf41a558ba,autobus,v1,train,autobus,
v1/train/autobus/215825621.jpg,990872b881c822778f9f725f27d1ef87f59bf3b97467f7eb6bf719d3ca73ff56,autobus,v1,train,autobus,
v1/train/autobus/215825639.jpg,7512b50408a5311ccd099782ec8e0593615bbc51c8a26ba382a0cf52cd43b3ba,autobus,v1,train,autobus,
v1/train/autobus/215865900.jpg,98844fd48df3cb625d9eea61c198cbaf0a91b77e0a930ec59551f553b7309d5d,autobus,v1,train,autobus,
v1/train/autobus/215992943.jpg,061fe9fba927d86211d229d9879f0c45f8a67be50f3abb4b9a9894d88b73ffe7,autobus,v1,train,autobus,
v1/train/autobus/216021441.jpg,f98cfed1e0acc2a17742905f93b7682975fb5756d1eed62739ca1415f44550aa,autobus,v1,train,autobus,
v1/train/autobus/216060637.jpg,139ef9ce879c6236aa0d2725021c8227bf484aa1e5444099de9a40b449c8b54c,autobus,v1,train,autobus,
v1/train/autobus/216240222.jpg,9ba2f65cfe2fc637153d3c2d9e838790cae87e50dc6ed41cdb383bbe3d411750,autobus,v1,train,autobus,
v1/train/autobus/216318824.jpg,a59bf2da3805155665e2c7a4172f4043a27e899dbbb9817010bd4452a0bb083d,autobus,v1,train,autobus,
v1/train/autobus/216664450.jpg,6d5fe6aec65b582d36ac5abce67f180dc17776719514687050e2725dc6f33bcf,autobus,v1,train,autobus,
v1/train/autobus/216684204.jpg,851cf2ba95ae3f67f465f86d6ad3fdcf0e4da89f0dbddf09d0f98f3e8f58626f,autobus,v1,train,autobus,
v1/train/autobus/216802875.jpg,b9a6e087c2173b717d793bdbdff8fa4f64c6055d6e9996856bbf0949582ac50e,autobus,v1,train,autobus,
v1/train/autobus/216875964.jpg,892a51f9b16724489f3eb791e3a5cdbf25891f5fa778847c1ac63aa0b6d065f9,autobus,v1,train,autobus,
v1/train/autobus/216926734.jpg,bf848c3ff2c182b59219bf9e5e1b532a1299ec2fecebd33b9709ebcd61c5b018,autobus,v1,train,autobus,
v1/train/autobus/216947535.jpg,06f13a8b9ed5bacc22e448c1b9c7e5b047315fe55c8cdbf7865c29cc19fec3e2,autobus,v1,train,autobus,
v1/train/autobus/217252048.jpg,660d8cc184c9072dad29b3c8cf54e0270a79426b250e19148d24013ff61664b8,autobus,v1,train,autobus,
v1/train/autobus/217672139.jpg,7040494ed3b7a3acad8202e5454ea2935306de67e56c9eed82ad5a7c1e11c511,autobus,v1,train,autobus,
v1/train/autobus/217891887.jpg,0c310f1eaeb782af74901124a57cfa0a16c578e79dab33758dddf9c4be7cf997,autobus,v1,train,autobus,
v1/train/autobus/217999167.jpg,b9491c65bc79fadcdabcd4b4bbf385f557892ee9bcf5c72328a797a75b38862f,autobus,v1,train,autobus,
v1/train/autobus/218020051.jpg,bfab0110dcb7eeff4ab0938e33e0786b0438e7c56144e0a8bbe9eddc131ca80d,autobus,v1,train,autobus,
v1/train/autobus/218182608.jpg,fefd0ca6806f0e929d52f38115fe6ab21fd3988b93dbd44735da08d8dcdf11b4,autobus,v1,train,autobus,
v1/train/autobus/218286526.jpg,3bce401a88b84773b40e6bcfa142c266aed79b5231d485cad7b4af047fdfab46,autobus,v1,train,autobus,
v1/train/autobus/218293611.jpg,2f1c01aacc235d2be22a7df6277f8a62653f8c6d2d2d6e958f0d8da7e2b16cb1,autobus,v1,train,autobus,
v1/train/autobus/218337345.jpg,3716e06968e9e89274f38256173b9ce5b78e787774ef9fb92dc701b5c4ba6a65,autobus,v1,train,autobus,DUPG03
v1/train/autobus/218405590.jpg,9c85ffeaf577784856b2200f16b47e1682cf69583eba16ab9aa22e7f76ef2791,autobus,v1,train,autobus,
v1/train/autobus/218505266.jpg,24677d2e368c77c3b59aada0cb59c58aa1c4e7ad5bfb6765796a8fb45c2390a8,autobus,v1,train,autobus,
v1/train/autobus/218737303.jpg,b066fa98873665fba9565aba5091b0db304f96784291f3735e020293cc1900ea,autobus,v1,train,autobus,
v1/train/autobus/218787299.jpg,57b227853c928247261ad382a25c886347207b2768fcdff42e041a7b7162885f,autobus,v1,train,autobus,
v1/train/autobus/218959354.jpg,b6a4e1f3a2745ebb9df5f4298087d819aca9a81d371d7a069e5f5dfc12345587,autobus,v1,train,autobus,
v1/train/kamyun/215893105.jpg,f3ea31676a480133aab0c382689304f673d309a90614309e087ce0d51e787ea4,kamyun,v1,train,kamyun,
v1/train/kamyunet/193903806.jpg,9def8f4ce1815871c5acd6bc88a6e486def8c8bdf5b3da2b6d8dd976f9d5e7c7,kamyunet,v1,train,kamyunet,DUPG11
v1/train/kamyunet/194270924.jpg,fe00abd9cf8930c082cfd1c0a8f6b1382a0881434f19b4709b5ba9fb60af4da0,kamyunet,v1,train,kamyunet,DUPG15
v1/train/kamyunet/194278256.jpg,cac131e472a9dd044ca6419ddaf576b41cde6f6924953a7caaf4b78aa3fb69f1,kamyunet,v1,train,kamyunet,
v1/train/kamyunet/195578789.jpg,514bd004de238148eeeca748a182bea9050c8ce31395cd9ad0d51fa29343f925,kamyunet,v1,train,kamyunet,DUPG05
v1/train/kamyunet/197387270.jpg,2b0988a26ab084e5025c426c09d5f4ca1949cd832dd40c045d097d554e2847ad,kamyunet,v1,train,kamyunet,
v1/train/kamyunet/210064050.jpg,7e69dabb9d5ca7b9c58bce1f2d155b244df3403023a0b5ce9c360ed34aebf628,kamyunet,v1,train,kamyunet,
v1/train/kamyunet/210127639.jpg,5a4f7e1a31a6e2e4f5ba34c8862047e59d95243523f06d5f4156dfa6db5c5637,kamyunet,v1,train,kamyunet,
v1/train/kamyunet/210504161.jpg,1591e8dca8fb26603cf4417c7f0da7c5c9b74a9937caf44617931af5ae7c6803,kamyunet,v1,train,kamyunet,
v1/train/kamyunet/212119384.jpg,f66f6d78ee331a46799350da8375568242820fc5a0b4384e99ea6419624f8250,kamyunet,v1,train,kamyunet,
v1/train/kamyunet/213479569.jpg,087bc2fab9cf4b8e2ebf437929ea196bf915ee504566969ebd3304a3e04c53e5,kamyunet,v1,train,kamyunet,
v1/train/kamyunet/214284950.jpg,a82638a731b06482c02e82260f6e5cddc401c87c683fd9574769aae082830d32,kamyunet,v1,train,kamyunet,
v1/train/kamyunet/214285219.jpg,722c3ff81874b0f1fc996277501171a5c8e717e2a313cd84bee3afeb150e308e,kamyunet,v1,train,kamyunet,
v1/train/kamyunet/214358573.jpg,a090ad15599969131774dafabaf63adda8f0e1f7eb2898a009daf13f6b83e6f1,kamyunet,v1,train,kamyunet,
v1/train/kamyunet/214641253.jpg,e39f3dbd0678fb81a04fe1d3a3ca5f8b3272f6cf756a67924032401d51dbafed,kamyunet,v1,train,kamyunet,
v1/train/kamyunet/215756767.jpg,44cbb2cf578832fc4a8b64fe243e925a630de35cdcd7fe535766a618b2bcb5d3,kamyunet,v1,train,kamyunet,
v1/train/kamyunet/215862632.jpg,d62ec8301e7b12089c83f9ed751698db78a35186ebc2c055ee42b0ff34ceeacc,kamyunet,v1,train,kamyunet,
v1/train/kamyunet/215904707.jpg,4562e35075d1959c13ae43d6fd90266dbc02e976a9704c54dac461fdc90f23a8,kamyunet,v1,train,kamyunet,
v1/train/kamyunet/216027967.jpg,3b70a9b28d6b55aa73416499d58e3839e3c7af80886ee21bcf82d5fe9ec0e933,kamyunet,v1,train,kamyunet,
v1/train/kamyunet/216038703.jpg,325063138c12936c188e381cbc2ef2a6aa8d22863f20602a7943159fd09c9fce,kamyunet,v1,train,kamyunet,
v1/train/kamyunet/216433007.jpg,7d02ab333d0619cc98189e28ad0461bc5cd943afb24c9398edc31119f8dde0fc,kamyunet,v1,train,kamyunet,
v1/train/kamyunet/216589057.jpg,2a638476b2941aa90bcd443c787a7215851687c7da10a1ebfb9b3097ccc6e489,kamyunet,v1,train,kamyunet,
v1/train/kamyunet/216625819.jpg,2528801d73ec5fb272299699291e0cea861d9644abfa2628524a2015088e1089,kamyunet,v1,train,kamyunet,
v1/train/kamyunet/216646196.jpg,0bb889d4573249dca3c314662c4110a6a1ba84c671a7b7c43b1b1c71aa833939,kamyunet,v1,train,kamyunet,
v1/train/kamyunet/216738258.jpg,95613ca44d72ad0958c71326482ae4bebe833f1be3c17ec8f566aaf9dedd0599,kamyunet,v1,train,kamyunet,
v1/train/kamyunet/216832169.jpg,76341d595de65fccfc0ba9f9c5f6144508cc23ca55e6566f78a095dbbfb4912a,kamyunet,v1,train,kamyunet,
v1/train/kamyunet/216854381.jpg,f85892e33dd4f4da2c777167b1ffb0411b8fbbcb73b567d6362681d716baf0f3,kamyunet,v1,train,kamyunet,
v1/train/kamyunet/217054853.jpg,2dce2bb51d781dbc945bd7be2949f2669e540ecef4a1d60aa78c0ebe166e2c1c,kamyunet,v1,train,kamyunet,
v1/train/kamyunet/217156552.jpg,84769d43cad4efcdd1a551d7239353683eba5bf2b9a4b77f39d48e7d777b3a63,kamyunet,v1,train,kamyunet,DUPG10
v1/train/kamyunet/217185484.jpg,7c1308e5f29b1a9f2655066d9548a8801ed3e6f5c9ce9c65cb01b3fd6d7d4fa9,kamyunet,v1,train,kamyunet,
v1/train/kamyunet/217203351.jpg,04b95857cf14208827cf431213cd95e4a19b5a23939c631362bd85b97dc83260,kamyunet,v1,train,kamyunet,
v1/train/kamyunet/217425322.jpg,36fd0134042d3faa41391a4f64213df685769aa0129cacc9a26891d276417c11,kamyunet,v1,train,kamyunet,
v1/train/kamyunet/217800606.jpg,a5638d36f734fd9e0c8e2f66b75bab58fa7ab4ce490e0cf1483de0c685e66e25,kamyunet,v1,train,kamyunet,
v1/train/kamyunet/218130006.jpg,1407ec8bc301ed5573ee7a25f17baaa0235c93549ac6667c5675f1f08a635980,kamyunet,v1,train,kamyunet,
v1/train/kamyunet/218712588.jpg,009b47f903b2e59a514369ed420b2896ea63ec0a1629252f9766658f9aec4f56,kamyunet,v1,train,kamyunet,
v1/train/kamyunet/218716430.jpg,c795838fb17f7c3cb2b25394080082e6c8e1c11459e5de6ed135adf21695c902,kamyunet,v1,train,kamyunet,
v1/train/kamyunet/218777039.jpg,872f6f84553f494dd44ba52af58d3de9e9654e27facf30d5c827a124ff6e2053,kamyunet,v1,train,kamyunet,
v1/train/kamyunet/218839669.jpg,6e4751427e236a4aa7adbe4daf69a1fe1dc344c6595b70eb710b7a75f11c5b09,kamyunet,v1,train,kamyunet,
v1/train/kamyunet/218892809.jpg,65fbba8426a5a95251901252c2443b17f2cc887bb801d3aec13789fc8ad73ab4,kamyunet,v1,train,kamyunet,
v1/train/kamyunet/218948404.jpg,a02e995234e3fe8a10091323a265c5fba383e1854eb6ce309483062496d6bbeb,kamyunet,v1,train,kamyunet,
v1/train/kamyunet/218963223.jpg,68ec2e3f6d026f62784bc431f40774fcf0dad1e9e0c87c63f35388b23a5cb052,kamyunet,v1,train,kamyunet,
v1/train/kamyunet/218984358.jpg,6d7d7308e24aca71142726d5e8b8c658d5bc37e9a0846402b5b752bee1ae2fc6,kamyunet,v1,train,kamyunet,
v1/train/minibus/210099617.jpg,101623b3df5bf08516d9fb309523a194c1f43f89ad83ac72ebca6c1d8d287a6d,minibus,v1,train,minibus,
v1/train/minibus/215113899.jpg,397dab0b53f9bf2f70c0ad06181352e9bd23157661593b05ca946732fd1efca4,minibus,v1,train,minibus,
v1/train/minibus/215508288.jpg,effb853e0b9beba7ae8e830e52e97be34f6d3a1f59c18aa87acf3e1312c64c6d,minibus,v1,train,minibus,
v1/train/savari/195839967.jpg,a59b88540e6315da41ddbe37b0fd0eaa124cf4183cf15dc686f76b319677ff1c,savari,v1,train,savari,
v1/train/savari/197696747.jpg,1cc6d07505d54f5cfbce301ae429a5e21887ecf47bd619e32b9a04601c664089,savari,v1,train,savari,
v1/train/savari/199201260.jpg,cea079f0f0203229d78ad6a09a960742adfd375c11a069620bbc85ace0b715f1,savari,v1,train,savari,
v1/train/savari/200850651.jpg,7590b6812c64077e16205d530a543d4c0fba05296f7f98f02cadbdf65add5250,savari,v1,train,savari,
v1/train/savari/202273928.jpg,8cdc386f6c36114e1427fe696d45f7094fbd130b00e5177d670a750c5066f0be,savari,v1,train,savari,
v1/train/savari/205049904.jpg,6a7b9269a80f45177ee11e2b1eb51a9527d745cbbda530084783e429d5da4982,savari,v1,train,savari,
v1/train/savari/205313767.jpg,6ecbf036499918a0955bbbe33ee4c508a21f5e6112a2f513f59acfec6f9e6f13,savari,v1,train,savari,
v1/train/savari/205377474.jpg,9552997ac579cd9f5391526e3eea56f3b1d926bac30e332d8f90e95f406ffb59,savari,v1,train,savari,
v1/train/savari/205495938.jpg,47de06b13be4b9b78f11a2b78b2adef19cf9e2d2a3c9d1fdf623866bfa7157e7,savari,v1,train,savari,
v1/train/savari/206147449.jpg,85d944f9b0ea699ed4a89127701edb960bf08da52c3cfe4113aab8e1fe01b703,savari,v1,train,savari,
v1/train/savari/206375505.jpg,66a6c5fab6882693abe31800e00677adfcc298865ae79b9808a0579770d62d8e,savari,v1,train,savari,
v1/train/savari/206431037.jpg,87704eca05ea948de6fbbdaf92f33b3a06c8a874345415ad4b2237197d0a5247,savari,v1,train,savari,
v1/train/savari/206573249.jpg,8c9d96f4a844a1d845b7efad1f07c8c8f25f01aad3266f710d5e27b91f516a47,savari,v1,train,savari,
v1/train/savari/207857225.jpg,6f2d6fef2fc90596441807d6d70c11c034bab24e1efa7bf04dd598e5d35e9e11,savari,v1,train,savari,
v1/train/savari/208296185.jpg,e1ec7038c2b1a887090450b28e0781eb76171db2d7218df743a5454b0891c5d2,savari,v1,train,savari,
v1/train/savari/208443200.jpg,f5e942155083b8faf5a8e9b46ccf0231d788e2da8ce5cdb031cc848eb7813b03,savari,v1,train,savari,
v1/train/savari/208561726.jpg,3854f3c327fa75faff99018d4968065247413268768d47184944922370ef9554,savari,v1,train,savari,
v1/train/savari/209013092.jpg,1f9c3fbc2fa0b19e7fb3026c931477c4154601c41cb23e2adc72ac197ed66f0c,savari,v1,train,savari,
v1/train/savari/210015193.jpg,9bfba6537380d04a49694966e49de02cfa431a13a0d59c4812bd4bffb3f127b3,savari,v1,train,savari,
v1/train/savari/210565057.jpg,854d0958539a48a569ff5be722fb1d96d970f365884e64ca4c29329922945478,savari,v1,train,savari,
v1/train/savari/211781928.jpg,c08abd0383760361e9d031c60fe29e238fda83e52121d0835f6cf2d398012625,savari,v1,train,savari,
v1/train/savari/212301629.jpg,ed797ea15942e43b21a467a7f8f14bf3c7bcb45fd0b48fd7fd881c98655e50ba,savari,v1,train,savari,
v1/train/savari/214749765.jpg,fdb2b47ff179eb644c032efebe06b494bc8bbb640ebc456d859e3091c3868294,savari,v1,train,savari,
v1/train/savari/216020950.jpg,ad6a4eabeda0914885d3028c6f76bdc32f4b9aa88b4611e5dd77ced32245c12f,savari,v1,train,savari,
v1/train/savari/216129393.jpg,52d400d317d18f15d5e5eacb6f6ef7a8a004a66668ae4410a408f2c57eacf59c,savari,v1,train,savari,
v1/train/savari/216192117.jpg,051e7c4a1be420b17b072767e3dd44ae1c2b4803043cacbd4b6c9c9fafdc478c,savari,v1,train,savari,
v1/train/savari/216453356.jpg,1ebbf6cde5d74889c53d8348fe88beb223840dc86a3d27246ffcaa0e761f9b42,savari,v1,train,savari,
v1/train/savari/216662449.jpg,cdd43dea08cd060172e26de4e2428f0dd1088ebc5d4703a2535025403100d4f4,savari,v1,train,savari,
v1/train/savari/217103048.jpg,5ade371479f5e35d30b1b2c9886f57d1e9918672650369ad5338558bb9515814,savari,v1,train,savari,
v1/train/savari/217164961.jpg,b6dee3499eba2948a8a47ffb1c59ea8c4106d02be4770e05a67692a1d1c4d6b1,savari,v1,train,savari,
v1/train/savari/217253879.jpg,345415358258add9b9cd90b8c51c463b0c90fb682cd67f9dfa481b80f9fc4f5f,savari,v1,train,savari,
v1/train/savari/217377450.jpg,ced133bc46c825bf1737bbeb8dce68df42033b91c30a9eef33757da6db8adc2a,savari,v1,train,savari,
v1/train/savari/217387431.jpg,2256911bcbebd179b95ad3eac4c6d980cd25ed7806a0f7963b250204afc9fd11,savari,v1,train,savari,
v1/train/savari/217528722.jpg,1d744393131a0fe97e5cb80231e7557cbe215c0eb5fe237a07facae3ac7c621a,savari,v1,train,savari,
v1/train/savari/217737871.jpg,860e701e31db6993821422a421c3dd96cc73ca4dd2915eac27e98809f4b4864b,savari,v1,train,savari,
v1/train/savari/218077655.jpg,9253d80cc308b3b896749d12a7a8eba9ab873b0ee085f96217f377c51212119a,savari,v1,train,savari,
v1/train/savari/218577056.jpg,f7c8becccdaa25ee221526895f24f4510aaf87a46a91e4cfd2291eb176ff606c,savari,v1,train,savari,
v1/train/savari/218777657.jpg,96fc91bd71824b5f6ba8fc06c6c10f466a98b1a1de8eacaa28a1b2b702f73dfd,savari,v1,train,savari,
v1/train/savari/218986062.jpg,dfbadcd38d6a5a14a7136e9b164e4e4cdc31af954e165f4698a87b3bcab9daac,savari,v1,train,savari,
v1/train/savari/219093208.jpg,a3e0f0ad523c6b1e927ec0e9923104c247c16afa315844b8927ea996818386e2,savari,v1,train,savari,
v1/train/taxi/197362638.jpg,1342774c1c9305283f680f3f278bf6f9dde0cdd2412cfe1d4645e3264020ae4f,taxi,v1,train,taxi,
v1/train/taxi/198048598.jpg,7d083cb8ca3be5577ed81fd1fad8df555d60c7b0e93cb824ffd406335520abf3,taxi,v1,train,taxi,
v1/train/taxi/199044255.jpg,27b45ff2b63e675fae635b6de4bb76f0523153a71ddc295d576bfc7e23e09ec2,taxi,v1,train,taxi,
v1/train/taxi/212110018.jpg,e03ac3a2ab9cd7517f6849e87138f0ae8aabbcda72bdb92e210ddd39cb259b72,taxi,v1,train,taxi,
v1/train/taxi/212460719.jpg,63c796b6209528fd5020037b5489bfb3dcf8a37dcb836e174b2f2f2b0588a919,taxi,v1,train,taxi,
v1/train/taxi/213061361.jpg,fbb13c8e92eecfd490035bd1bb994e9d3f60da9a21c0e95f03a37aff2ed5b915,taxi,v1,train,taxi,
v1/train/taxi/213300692.jpg,7ba69ca9cf83fcee38397e61e8b102a09e3d94c39b54eaa26f53f03991d0c01a,taxi,v1,train,taxi,
v1/train/taxi/214833819.jpg,0b24a316fee6f9559e0c9e4d205494987dd0602305e0a301411fdc88a1ff8f2e,taxi,v1,train,taxi,
v1/train/taxi/215626542.jpg,c2a037861edbc11be55a8fbe5f41aec996a9948cc0a7079c6990c149ec5844d8,taxi,v1,train,taxi,
v1/train/taxi/215710435.jpg,f193a04b3d64dd37408bdcd62ca02cfcc7066339508a381b717d9b5061c7edf9,taxi,v1,train,taxi,
v1/train/taxi/215773124.jpg,8fded22fd00088e2e5a815c0a41041f41a460b40084b11a2cd763195c122e544,taxi,v1,train,taxi,
v1/train/taxi/215822416.jpg,3af6ecabf8218a4691ba470b0a448e9261f730fe0fb4f966ce909c5d4087fb83,taxi,v1,train,taxi,
v1/train/taxi/215833228.jpg,59dda805a2d8b044672489fe359a0bbfd1c6b10fafd1709e5714a25e10140759,taxi,v1,train,taxi,
v1/train/taxi/216209734.jpg,545f83b5a828dc9a10e12ee4cac11aa21518c211548954465f73ade9843e0a11,taxi,v1,train,taxi,
v1/train/taxi/216616795.jpg,b47af45c755be303fc3c507aca431be543b49ac16adf56d0e3846dd85945dd0c,taxi,v1,train,taxi,
v1/train/taxi/216860191.jpg,a5633b795832abdd1fb5dc03eccff8a24ff87027261d2803666b4a84e25aec0c,taxi,v1,train,taxi,
v1/train/taxi/216878759.jpg,65a283f2700af07b1b6d854f030a13e576eee83d887e5d954b175e1232bbb5d2,taxi,v1,train,taxi,
v1/train/taxi/216893661.jpg,72f0cd040b618b920c9b39c80de31c90bf881e3231b26e0e89e5dae5cd9db62b,taxi,v1,train,taxi,
v1/train/taxi/216929149.jpg,63447c3832c66bf10fcb22177812b3646e63a55e5257fafd9438bcb20e70f8cc,taxi,v1,train,taxi,
v1/train/taxi/217088721.jpg,ba2a9df19280ea081c28c5356640fd5e1b404f517c56ab1b06919d3c4eb7c0f4,taxi,v1,train,taxi,
v1/train/taxi/217243222.jpg,1952dc08883e1617b942644946f8413ef8a91a2ca3161d2bdb567ff88e7bb5fa,taxi,v1,train,taxi,
v1/train/taxi/217264329.jpg,5e81e0342581f7de53abec4def80190527dde40816f351f4d5cef82668af3423,taxi,v1,train,taxi,
v1/train/taxi/217787108.jpg,5ea5469d49a56dfbc5f83512757bb4dd91db3fb365ab1e4818e1692487277fcd,taxi,v1,train,taxi,
v1/train/taxi/217834801.jpg,f1c10927339c199d6a847c922c82bef771e078a041ec6c4ea3e62f9165324398,taxi,v1,train,taxi,
v1/train/taxi/217898024.jpg,ae9ce9ce0544c05cf1582c5362024c0956227b53fc1400376ca6b728c8229fa2,taxi,v1,train,taxi,
v1/train/taxi/217951846.jpg,b143b2098fc51370325351707f1bad090b4e3c59903ad4cc31fbad0f86d8ec5a,taxi,v1,train,taxi,
v1/train/taxi/218009858.jpg,e861fa902120e4f685e055291413d0d772dbc546ee8bf6b2b7171fa99bb4f960,taxi,v1,train,taxi,
v1/train/taxi/218136743.jpg,fcb878166e367855ffa7c7a4c2320d6a4798e07b23cbfa7d465bf7d6a1e966ca,taxi,v1,train,taxi,
v1/train/taxi/218156501.jpg,02c69f67329e4c437ec7311084877af99e22f77c3bf71a44d1e5d556160b982d,taxi,v1,train,taxi,
v1/train/taxi/218414701.jpg,9df48a4f014d34b9cb7dde1fb1dd989e0691a412e6b57925802fc9ea7b5e35c3,taxi,v1,train,taxi,
v1/train/taxi/218655409.jpg,d658e386209c722668eab47e3d9a46f6b3a62ce25c6ed694b740060b52d2d44f,taxi,v1,train,taxi,
v1/train/taxi/218681190.jpg,0413c11c3a893ad6adbd9d67be885dee86c7c3072330be11a779da5fe9948a6d,taxi,v1,train,taxi,
v1/train/taxi/218685986.jpg,94ab027b715d038e026cde473934cda06e1cc14633dc6663ed17f3e0c1059450,taxi,v1,train,taxi,
v1/train/taxi/218937266.jpg,f8dc8c8013ce88131970ec69e621f5a2f9444d9217002977ba8a344453a5b21c,taxi,v1,train,taxi,
v1/train/taxi/218948357.jpg,a3008e68344ded00704c91e565a3a59c5027f744b9f3ff4ed1c9ce5a67561c8b,taxi,v1,train,taxi,
v1/train/vanet/196305661.jpg,813c75fbbbb869ce671fe778e6b340b61b85ffd278ab1f25a085436ff5435fca,vanet,v1,train,vanet,
v1/train/vanet/198055205.jpg,8f3d1bf6996765dd638f923291e154ef7f847b727b7f5b66eaaa495b12ad8ee6,vanet,v1,train,vanet,
v1/train/vanet/209780947.jpg,858af96cbf5274de446f31565fb889f32927f94c6b8a9bfb57ca3aeb9d590bc4,vanet,v1,train,vanet,
v1/train/vanet/214726285.jpg,3c3e5367ca5367ee04f5f2ea83d5112a68ff62258dc96c227508a35128c54507,vanet,v1,train,vanet,
v1/train/vanet/216972735.jpg,9622230ae65373c82645be4aff12d36100686b6def9a9af60c67f38930fa4e18,vanet,v1,train,vanet,
v1/unclean/ambulance/206808986.jpg,4a71d5dec64fb4531c91e6d62662cced4b7c24939f0859d109fa9f45913995c5,ambulance,v1,unclean,ambulance,DUPG04
v1/unclean/ambulance/210925845.jpg,2374f527de6a7b52b4c260017c9607549264f624e540e36902129670700ca448,ambulance,v1,unclean,ambulance,
v1/unclean/ambulance/213495669.jpg,aa114d0b0f69ea8a5a6038ebed71bf66e6af9bf6b6c1aecd57c5b89b678f5cb7,ambulance,v1,unclean,ambulance,
v1/unclean/ambulance/214491147.jpg,8d952bc2d0259e283e491dc7c6057e5e74dd382ef2cb04cea26b37232e60e838,ambulance,v1,unclean,ambulance,
v1/unclean/ambulance/217579130.jpg,4f0a5cf82f534304eaaa3df692bdd11fdca9d39508be3d6ab0b51413e5c46dae,ambulance,v1,unclean,ambulance,
v1/unclean/autobus/197977992.jpg,b7569de51666961228c3069bc68103ea11a0b5ae0b579418eedfaa5c28672e80,autobus,v1,unclean,autobus,
v1/unclean/autobus/198272507.jpg,f730c99e7b25d2772d7e7b406e1a547200491e7e590149e2bd67903f269e498b,autobus,v1,unclean,autobus,
v1/unclean/autobus/199115928.jpg,f6a7fd96b2191f6d3766163a8f2059dd4019ef3fc378245133ef61c974cdc860,autobus,v1,unclean,autobus,
v1/unclean/autobus/199205393.jpg,b93edf93cfffc0e2f01adc695397683628b7c286742744f275c6a8c74aeda32d,autobus,v1,unclean,autobus,
v1/unclean/autobus/199209846.jpg,1147738d528845e793ad3e70866171b9111c4d59aec638cca519d7e9d71893b7,autobus,v1,unclean,autobus,
v1/unclean/autobus/199713076.jpg,df8c2d36a2a5ef4c5f3ca6695cd0ea10c1f0cf1b81a719ac88e54b8db4336cd3,autobus,v1,unclean,autobus,
v1/unclean/autobus/199917107.jpg,63c522a95cbb5380d8f166922d82002e969a9cd9d742e8b9f7f86875dd9849da,autobus,v1,unclean,autobus,
v1/unclean/autobus/200699667.jpg,7e061f76f7f639a18d027eaa12ffce8c226ede2f65d9ed985887df6e5cc0a7ca,autobus,v1,unclean,autobus,
v1/unclean/autobus/213497548.jpg,f6ec21ff316f46f90f30f15117bd739400f2be9cf2a6640a1c1c80a28eaf0c4c,autobus,v1,unclean,autobus,
v1/unclean/autobus/215151704.jpg,44e5276f2427e9731b165326e481d882746382437fd51907e1a0d03cdbb2903b,autobus,v1,unclean,autobus,
v1/unclean/autobus/215161403.jpg,d706b8bc1c876b9c1eb832bff369a014ced9ec32ab2d8b58affb78aa274251d3,autobus,v1,unclean,autobus,
v1/unclean/autobus/215521655.jpg,b41a10fd5cb323fe79a6d5d4489af33116318dd1ba6ae1a1357b7a71dba04aa9,autobus,v1,unclean,autobus,
v1/unclean/autobus/215551069.jpg,af8fa14e0fb38d73c4ec5b3017add311401b35b0a39cbb08105b4567a973a457,autobus,v1,unclean,autobus,
v1/unclean/autobus/215587537.jpg,3c4c5f7c7ec4369cd6e8539b4c70177248b54aac398ae081fc381fb5ba293f6f,autobus,v1,unclean,autobus,
v1/unclean/autobus/215685399.jpg,cb16798952bd2c572314b12c58af059b442cd2fddbfeec1d78ef726fda6735b6,autobus,v1,unclean,autobus,
v1/unclean/autobus/215825871.jpg,bbdcb9615d8f04d23384a0e9014ff0f67cfc6949ed54ac469f41aad26d0c1564,autobus,v1,unclean,autobus,
v1/unclean/autobus/215829949.jpg,31ee47ddab4711b4526e3ff96684f5fe90441551c4d546e03d93b4d333b2f3c2,autobus,v1,unclean,autobus,
v1/unclean/autobus/215856085.jpg,d53964afb7264a24f0d5c9c535ad902324876727dd2a8a4324159cba80a2dd84,autobus,v1,unclean,autobus,
v1/unclean/autobus/216037448.jpg,e944531a934ceb49e27ea25dacb7ccecd14e86a1ed37a1bf50ee7532965c2476,autobus,v1,unclean,autobus,
v1/unclean/autobus/216086020.jpg,83abb06f1b7ef843b322606dee153b2a5f4880a4ccb8d6bf669ae93062948335,autobus,v1,unclean,autobus,
v1/unclean/autobus/216162374.jpg,2c52b421ef8554e9a7160e3bf975c07995ac6def7a9ae53787e139308f18bd9e,autobus,v1,unclean,autobus,
v1/unclean/autobus/216594094.jpg,e91b39660468404db0159e320fc856fea1eee7b20defc98de192c52c625dabe7,autobus,v1,unclean,autobus,
v1/unclean/autobus/216735885.jpg,685c97d0d579700b34fd944369fcaab9b4caa8269279f03e76cae4e9a6fed2a2,autobus,v1,unclean,autobus,
v1/unclean/autobus/217116492.jpg,d3649d6030b3ab41ebe7e05000eba0255d2ee69592275f43afad7338201f9d14,autobus,v1,unclean,autobus,
v1/unclean/autobus/217768428.jpg,d07bfa15f3eab51124d3e054bfdf5c8cd1a9d2deef64fdcbc91d1ffa89d9b15d,autobus,v1,unclean,autobus,
v1/unclean/autobus/217784847.jpg,6c635bef24e43c3ff4eb1469c087186970e672b0f2165d865d2d865a4bd53e96,autobus,v1,unclean,autobus,
v1/unclean/autobus/217852671.jpg,8f90651036158332e58b596db2e4ee179b8d4907bb6724187b94d22a32dd6c80,autobus,v1,unclean,autobus,
v1/unclean/autobus/218187113.jpg,bd4b79c20fc0c9e449731c76f0b65fbeb86fac8fedb0945b32c0f6506cb7cb52,autobus,v1,unclean,autobus,
v1/unclean/autobus/218267459.jpg,c5552ecdc9b809a094588036197fee6bea272bcb9040402318ac4771139e003c,autobus,v1,unclean,autobus,
v1/unclean/autobus/218337345.jpg,3716e06968e9e89274f38256173b9ce5b78e787774ef9fb92dc701b5c4ba6a65,autobus,v1,unclean,autobus,DUPG03
v1/unclean/autobus/218595025.jpg,08b85b14a23f914023dbbfa39ce2a7a1e8c5c85654543692f8f1926882566268,autobus,v1,unclean,autobus,
v1/unclean/autobus/218634883.jpg,2b628ad512e9dd15b03c35671c554d9697ce3e36c1df5b6cb0e1c403370020d0,autobus,v1,unclean,autobus,
v1/unclean/autobus/218729996.jpg,fa299d3030056f09c2b069b750c234b9e68a0e685b0199799b14491dae137313,autobus,v1,unclean,autobus,
v1/unclean/autobus/218737467.jpg,98dfe8333231d641e1d8cec3794e56e6e5ba6ffc1e5d238a9ab06b92b7b90129,autobus,v1,unclean,autobus,
v1/unclean/autobus/218800911.jpg,e27c72a49630e4083d8c59cd26b04122fda7c3445e3f6f62393a227f8b54adb4,autobus,v1,unclean,autobus,
v1/unclean/autobus/218905897.jpg,c8f4c0fbc6cf89848dad3ce646e18ea47ce5fb2d532a5b10e2605c640a0882e3,autobus,v1,unclean,autobus,
v1/unclean/autobus/218907601.jpg,02c2dbf7ef2a0134e60df7f563f22e69095bfdbb5e99ecd9b49dfc7e4b64b3a5,autobus,v1,unclean,autobus,
v1/unclean/autobus/218955741.jpg,575e333b164a345b23ff58b95ff360c44de24f38903af213581f9301f2351501,autobus,v1,unclean,autobus,
v1/unclean/autobus/219027510.jpg,6412bfc0dac055efc8446d01195dbff9095caca0bc9eb820398c575a2c8a0ae9,autobus,v1,unclean,autobus,
v1/unclean/kamyun/209859136.jpg,4913f8b0101bb70c3fd43ad9ea4ea6a547404fee503764089e73411eba8da231,kamyun,v1,unclean,kamyun,
v1/unclean/kamyun/215976288.jpg,1dce249b7ba63fbc23c818024ec73f04c41467dd7a3d03eebed7a00ba0d39869,kamyun,v1,unclean,kamyun,
v1/unclean/kamyun/216212208.jpg,855a83c12a92643865fa06f7f65274ba85b8643bbd4f293f1e6e2c4081af9ebf,kamyun,v1,unclean,kamyun,
v1/unclean/kamyun/218666415.jpg,ee87789e49402772c42fa1ed9c93fda45f06fedbd7459d903cfaf6d379e52b2c,kamyun,v1,unclean,kamyun,
v1/unclean/kamyunet/193903806.jpg,9def8f4ce1815871c5acd6bc88a6e486def8c8bdf5b3da2b6d8dd976f9d5e7c7,kamyunet,v1,unclean,kamyunet,DUPG11
v1/unclean/kamyunet/194270924.jpg,fe00abd9cf8930c082cfd1c0a8f6b1382a0881434f19b4709b5ba9fb60af4da0,kamyunet,v1,unclean,kamyunet,DUPG15
v1/unclean/kamyunet/195578789.jpg,514bd004de238148eeeca748a182bea9050c8ce31395cd9ad0d51fa29343f925,kamyunet,v1,unclean,kamyunet,DUPG05
v1/unclean/kamyunet/195918838.jpg,c43d4fa78c5f9b0f5c04ea45ae22992cd16ca775c45565a57455f330e5a7966c,kamyunet,v1,unclean,kamyunet,
v1/unclean/kamyunet/198385201.jpg,8d017077e5cdc58445d31487f84fdf78d8cd5a7fe40a79dbf2972f97a833f37f,kamyunet,v1,unclean,kamyunet,
v1/unclean/kamyunet/198425102.jpg,0510d0b53b9a1b4fc02e4a1483d4130a889a8266ef7b95ddf91cdbce3e1e5171,kamyunet,v1,unclean,kamyunet,
v1/unclean/kamyunet/199279799.jpg,0c6ea59e18ec1886e197ec187dcfa4d411e181d42c597b90c32fff1a7d480381,kamyunet,v1,unclean,kamyunet,
v1/unclean/kamyunet/199375942.jpg,e0c52ad7ceb82f1f05fe733e532e3f214f62035f26c781d1d4657c695c5523b3,kamyunet,v1,unclean,kamyunet,
v1/unclean/kamyunet/199637722.jpg,9e74ede6ddfce4ce665cb7e57ede55dedf5036efd68c9434d2ce6b312b6677f1,kamyunet,v1,unclean,kamyunet,
v1/unclean/kamyunet/202209206.jpg,b557f26eece725122cacdcdc4a011399fe6a4d8100b0448ad39ab921c2d68ecd,kamyunet,v1,unclean,kamyunet,
v1/unclean/kamyunet/205243013.jpg,f001c2879d5a6db91cd7d58f79bf818c3eae7c5de9b77a4dd95722013f276e1f,kamyunet,v1,unclean,kamyunet,
v1/unclean/kamyunet/212295113.jpg,b5032382f8472c1b8451cdedbcebcf4a54650cd4640b7be32273ae577c81a5a7,kamyunet,v1,unclean,kamyunet,
v1/unclean/kamyunet/213511840.jpg,4c9c3c2a435a1e2c77a3c85e1bf54d3e067225dae1e13014c011728f0bb2e8aa,kamyunet,v1,unclean,kamyunet,
v1/unclean/kamyunet/213627127.jpg,851878dd97ace3b823aff10363810163a2e782e848070e9d4dd65950f536241a,kamyunet,v1,unclean,kamyunet,
v1/unclean/kamyunet/214283248.jpg,fb6b0427c138aeea8edc4ad47471e351a7f9ccb0d8f0cf33eeb55630b33ba852,kamyunet,v1,unclean,kamyunet,
v1/unclean/kamyunet/214357757.jpg,cca28e3371d2bf9ac63fb9786c32256ec53a6a212e5b4363daf98ad956926e6c,kamyunet,v1,unclean,kamyunet,
v1/unclean/kamyunet/214359092.jpg,fba3dd663dafdb487fc857c46fcc211adc3dd754bc85f807ee80493861fae786,kamyunet,v1,unclean,kamyunet,
v1/unclean/kamyunet/215100998.jpg,f1edf473e676727b89c05bf2c9d804220d3034ef94eff918a7ec789c73fbfd91,kamyunet,v1,unclean,kamyunet,
v1/unclean/kamyunet/215569155.jpg,9fc7664ca4ac36cdf6aea378697806748efbb2454069af18940675b027fd920d,kamyunet,v1,unclean,kamyunet,
v1/unclean/kamyunet/216023451.jpg,3d41b7497549902449d591690d242d1d4d1985699af8444b7125321587d242aa,kamyunet,v1,unclean,kamyunet,
v1/unclean/kamyunet/216070131.jpg,959d338c3c3ee3ea58af03b3f511ced60ea5e510bafa88dd7d26640ca3b94565,kamyunet,v1,unclean,kamyunet,
v1/unclean/kamyunet/216297399.jpg,071bc4341b017f050c397a9b1c93e28c56ada1df15d848ca42184134fc63e58a,kamyunet,v1,unclean,kamyunet,
v1/unclean/kamyunet/216618682.jpg,e582009f2f07a157b6ef022268b1773e77d320c7be04e2954a89976bd6681cd8,kamyunet,v1,unclean,kamyunet,
v1/unclean/kamyunet/216696969.jpg,a612c39a53a64a375f6fed6a91c3cb2cdcefe3f58c795e1ba432344e7d06cc55,kamyunet,v1,unclean,kamyunet,
v1/unclean/kamyunet/216779130.jpg,a593308762d7ac2e6b6b94155158fd91bdbbb244002f7867e8eb1fb7841181ed,kamyunet,v1,unclean,kamyunet,
v1/unclean/kamyunet/216929918.jpg,c64a1461ee44dec29300e74873a2b3765052771f40995d1301dea9cb8f2f8ef4,kamyunet,v1,unclean,kamyunet,
v1/unclean/kamyunet/217000128.jpg,3fcaf719d8ba7fc101c6c1386f21166d666d50e92a47d98e661e29a08602c3f4,kamyunet,v1,unclean,kamyunet,
v1/unclean/kamyunet/217156552.jpg,84769d43cad4efcdd1a551d7239353683eba5bf2b9a4b77f39d48e7d777b3a63,kamyunet,v1,unclean,kamyunet,DUPG10
v1/unclean/kamyunet/217385379.jpg,77bbdae528b40c8f27b5ae05095eb30b5a2c413dc85a9d9adadc61bcf99f0720,kamyunet,v1,unclean,kamyunet,
v1/unclean/kamyunet/217739639.jpg,bc1220e05d7128a4c7c1ed3406f8338094ca14edbf560f12196ac5b483b751dd,kamyunet,v1,unclean,kamyunet,
v1/unclean/kamyunet/217804557.jpg,0f2b27709ab228de52dbe4bc58f41b8d877fc4d21287245a5ce4088c021fe752,kamyunet,v1,unclean,kamyunet,
v1/unclean/kamyunet/217957904.jpg,27c72a8a330d3bdd8424fdd350f89f577c9e1efd8009480b5f5ca43cf58b3ae0,kamyunet,v1,unclean,kamyunet,
v1/unclean/kamyunet/218176905.jpg,5a5249f411f5eb234b4fd9e5a03380c6ca6b069098a34b9affbbe2ce0e25439c,kamyunet,v1,unclean,kamyunet,
v1/unclean/kamyunet/218262985.jpg,da1920a04433c0ccf115b6165495bc85389f260d0e1b7e042c9a568cb544a2d6,kamyunet,v1,unclean,kamyunet,
v1/unclean/kamyunet/218322871.jpg,700b101dec536f6af9cd27c025acc8a3e6fe659fdd6c8b492fc93887a78108e8,kamyunet,v1,unclean,kamyunet,
v1/unclean/kamyunet/218375873.jpg,3fdf9a149e0a01ff8bca8f66ef1f1805de9afaa7a26a6ca47c79ffd7c6d8b0eb,kamyunet,v1,unclean,kamyunet,
v1/unclean/kamyunet/218490161.jpg,d466e8235bbc0674085cb67cb06dfdf42818d1c2078fc65df925f173e0381233,kamyunet,v1,unclean,kamyunet,
v1/unclean/kamyunet/218623319.jpg,5edb0bb9b910fe63dfb0db58b60573b402be693ead3b8e78cc7869dba1e620e6,kamyunet,v1,unclean,kamyunet,
v1/unclean/kamyunet/218726135.jpg,d83e8e40c89bd8799a27c22418ddf289c3af5ef06b89c0cba4c85d4b83b26ac6,kamyunet,v1,unclean,kamyunet,
v1/unclean/kamyunet/218884519.jpg,ac25f8c58f6cd871b3b458d713bbc14f371bef9b0a38c2a135b469028cdce240,kamyunet,v1,unclean,kamyunet,
v1/unclean/kamyunet/218903080.jpg,45beb14a0d724af1ced30b9a24dfbcd57ce94504a1bd43297ed5c6e1f8ca893d,kamyunet,v1,unclean,kamyunet,
v1/unclean/kamyunet/218972329.jpg,698543478a8ca1877c44592e4dcf80cf456f55524f00df355ad9f5cb28049903,kamyunet,v1,unclean,kamyunet,
v1/unclean/minibus/215644672.jpg,945508a9d2d6dd251d50b1fabbf19b739982ec92e3c57b5e0bf3a809a77a7d3b,minibus,v1,unclean,minibus,
v1/unclean/minibus/215782961.jpg,d04120774fc0fb79c5f87d8d6ea51568877c3f44213d90bb4e0eb306a47c629c,minibus,v1,unclean,minibus,
v1/unclean/minibus/216421891.jpg,62834b7d50a077bb7d3b3dff9a5cc4c0d5c93a204efe9c3812d0b2dbca91b1c1,minibus,v1,unclean,minibus,
v1/unclean/minibus/218007837.jpg,4d9b54b783540be8d3bea3765e739e2487cb036245a987529020031fce5c5573,minibus,v1,unclean,minibus,
v1/unclean/savari/195800847.jpg,2742160b69c4c1afccdd00a03aa355162db209d2c53c87304d5e33e899526b7c,savari,v1,unclean,savari,
v1/unclean/savari/198098595.jpg,44d634220ebc45dd3bbd98162b71f624939defa1d82da3b54bcd6c255a600ff7,savari,v1,unclean,savari,
v1/unclean/savari/198468980.jpg,e0c99fcc96694982f05b28ff27f69bffa87851921cdb6729c54dfedbf054c9a5,savari,v1,unclean,savari,
v1/unclean/savari/199907289.jpg,979e7615ec741abfd02aa059faa134c59a5a0d6bb6f6d2523647e4011d2eea65,savari,v1,unclean,savari,
v1/unclean/savari/205048854.jpg,f1c52b425367a811548722e82a600d6911b60bdf214ff5b6b29206a9da010960,savari,v1,unclean,savari,
v1/unclean/savari/205865817.jpg,495f6dfc935e642c3cfe95a16a0a5971ee40463186abfae32157e20886e337c1,savari,v1,unclean,savari,
v1/unclean/savari/206276702.jpg,6bc23cec1d4d57249c0d11684d180644f95ee05e1c35668c1bc77aa8e6453379,savari,v1,unclean,savari,
v1/unclean/savari/206644295.jpg,a04a0f15d6178f4bd47c802e51c86d6d210bd14cb483bff867040a6023facdd3,savari,v1,unclean,savari,
v1/unclean/savari/209155552.jpg,26452e6c0701da60250212b3061902c49e2e041c63523c87f3285047b077cdc5,savari,v1,unclean,savari,
v1/unclean/savari/210273275.jpg,d23c2c1c82bffcbaa501b0466f8e5ca4eef290a0f1f041b8d88a03962015ae19,savari,v1,unclean,savari,
v1/unclean/savari/210680167.jpg,f6a93b88b7611fc4ea8e837f00e32d5359b7dc3d8ed050cb80c7bee760a1f600,savari,v1,unclean,savari,
v1/unclean/savari/211383068.jpg,67ff8212d8fb4108d29c829399e95970e2b6ccf504a911a6d648629e72439822,savari,v1,unclean,savari,
v1/unclean/savari/212357584.jpg,ba6138a210ac39f5acf173cd77884767e1b2af5f4094b1ab5abc56d97e8e0646,savari,v1,unclean,savari,
v1/unclean/savari/212740634.jpg,a6af782501ebecbac7db04ac618b2935702fa8d369a1953175bfbddce3f9ba47,savari,v1,unclean,savari,
v1/unclean/savari/214318978.jpg,9870cefe31083865b2bf02ad3027f801e367697783d5527a960d6fbda566e290,savari,v1,unclean,savari,
v1/unclean/savari/214818268.jpg,bdeea70ac8536eff74988e6539640ec704419926e954d32a78540a8b97e49813,savari,v1,unclean,savari,
v1/unclean/savari/214835469.jpg,d132fd22086117187619bc0278d31948fbc1364793ba8506a3571e2f97f4ea06,savari,v1,unclean,savari,
v1/unclean/savari/214848779.jpg,fad1d71ae82be7a228e8b51954c3bc717c57a545137c5d7bb64267f13aec2b58,savari,v1,unclean,savari,
v1/unclean/savari/215933473.jpg,fef990db31667f2a1ff07081e6e1edbf1588652f693562850bee7523bc426999,savari,v1,unclean,savari,
v1/unclean/savari/216014638.jpg,912f99272a443f89f7670b277e6e8cdfa2695e9e768fc4507b75ea445279671a,savari,v1,unclean,savari,
v1/unclean/savari/216079172.jpg,2a6e26a53eca51f10c7ebdde7bd38e7abe3b7c916a0594d3010665c27e622238,savari,v1,unclean,savari,
v1/unclean/savari/216751233.jpg,b23a5ebfa9c62f6605b0ca31806819926e723b22106bcd752d177b0f71595db9,savari,v1,unclean,savari,
v1/unclean/savari/216860877.jpg,408d6dd004f6386917e64cd24a1af4a1a6867d6fa7187ea56bb746cb643a1453,savari,v1,unclean,savari,
v1/unclean/savari/217011281.jpg,3206bbf984cad0d30e21c50121610ea18732bde9e1b07c2bf9093bd72519015e,savari,v1,unclean,savari,
v1/unclean/savari/217040826.jpg,d6b8b2179e931974f5351c4b7794b15fd7d15c7d9897b538e020128fe5c79fd8,savari,v1,unclean,savari,
v1/unclean/savari/217108489.jpg,8ea9f71521fdee35cff920a79f4a5acd5afa22e5b88133c5e2b7c7cb26b54926,savari,v1,unclean,savari,
v1/unclean/savari/217408734.jpg,e98ca357b3b619f0c6e5a3f3b0c7ce6a64787271894e7aa75768458dfb3bb4f2,savari,v1,unclean,savari,
v1/unclean/savari/217430133.jpg,f04528e1f33d691737a240efcfd04cc9a5dc6a6abb38c530e6363ba71b8b2772,savari,v1,unclean,savari,
v1/unclean/savari/217448062.jpg,5f6cd55b785beb9662284158a6195857953f6f88b49986c047ce36a3c4f7a4db,savari,v1,unclean,savari,
v1/unclean/savari/217510361.jpg,679e5c48f9bb9ca9770294b3705c310071b407e9c4ebfbd8b160c0d6e4ba4968,savari,v1,unclean,savari,
v1/unclean/savari/217561081.jpg,835668b49ce9c1ad00e19c3326a3069195a7e293ebf610adb77b9210769de233,savari,v1,unclean,savari,
v1/unclean/savari/217746881.jpg,5e26cc92e8dc2855987e4369a911b031ef6993cd6c222577a1c46a295978b0fa,savari,v1,unclean,savari,
v1/unclean/savari/217768353.jpg,57fb68448375a2a5e1535a3fdf20a0c5aac06b458c4bb8b4562ad5bc9cca1b97,savari,v1,unclean,savari,
v1/unclean/savari/217841511.jpg,22c1968fe5980c4193f6ac44e003dddb2aa28791f43e13b100f98b42a32de4c3,savari,v1,unclean,savari,
v1/unclean/savari/217945404.jpg,42b5e978e7ab7eb28317aa3700b57a4fb4fa29529dc034154823b975fcf4b18a,savari,v1,unclean,savari,
v1/unclean/savari/218327694.jpg,0877481903758f5f1ad01e1df987b51f20e13783e3e242c854d8e415acb4c978,savari,v1,unclean,savari,
v1/unclean/savari/218467171.jpg,be80ffc5d607efe8508e6cb56a9b2454eaef1d869997758e97eb9e1eaccafc41,savari,v1,unclean,savari,
v1/unclean/savari/218689207.jpg,2c2b50acaa036fd9a7f32840fb8354134acb1f9e18afb87fd487c558eaa380cf,savari,v1,unclean,savari,
v1/unclean/savari/218713286.jpg,36f62890febb76df8ed18a02ad0520201d5dfb3de4a69e89c0660f912b7719fb,savari,v1,unclean,savari,
v1/unclean/savari/218954447.jpg,5034be0f27f25622befcde4ad5a50d1566379f42099a18e89200eb9d8814d34b,savari,v1,unclean,savari,
v1/unclean/taxi/197011132.jpg,08196d9fcc606487fc4f03caeb3d417025bb28eac590f585c9b1b635eb3ada45,taxi,v1,unclean,taxi,
v1/unclean/taxi/197838399.jpg,73ea0b7f1be5f966b358a986cd9e4b2e5b82d6d585f2834506ab5f25519282dd,taxi,v1,unclean,taxi,
v1/unclean/taxi/198214415.jpg,0a2a0db7e67363e2c3fe6047be1a7c7bfdd12bd31c4af4a7874ff0abb0fe637d,taxi,v1,unclean,taxi,
v1/unclean/taxi/199209656.jpg,2ee0bb2d4e292aa40f8dfeab4444f811048a7d97fcbdad0bb6109102dae027d8,taxi,v1,unclean,taxi,
v1/unclean/taxi/199704344.jpg,7a9c90f09521206fdda0a688911dad02f70a81f6aa5f173f6406c0739f75ee59,taxi,v1,unclean,taxi,
v1/unclean/taxi/200016494.jpg,8ca3212e3214806f7b136ac983b9fe50f1e46baaad7a706c910795f8ecb11c02,taxi,v1,unclean,taxi,
v1/unclean/taxi/211861167.jpg,18ad8bcdd11cdcbc47370d98b0390a556a78d4c539602d1751ccf7975676a0bd,taxi,v1,unclean,taxi,
v1/unclean/taxi/212080463.jpg,a7b4f541ff67d3092c613d37300ae4566dbf3559a5f1c566bef917b8af8b9de0,taxi,v1,unclean,taxi,
v1/unclean/taxi/212216436.jpg,cf6ca41ddfdabf95e266a470411cffb9439f0e655dcde840474f45cfdd6528d0,taxi,v1,unclean,taxi,
v1/unclean/taxi/212556511.jpg,1b944f87a72410b37e00d462b0beedf1bbf4b20d215df6c326e1797ecfe45b1c,taxi,v1,unclean,taxi,
v1/unclean/taxi/212778844.jpg,161dd7d3cac65ae3ca0339fcf4bf61a637d8e5a790f876b26fb695e01b8f8dec,taxi,v1,unclean,taxi,
v1/unclean/taxi/213603022.jpg,bd04d7565f14d98d3aa533783154b7855b841c9eb30193d877b987d169eda217,taxi,v1,unclean,taxi,
v1/unclean/taxi/214761981.jpg,79485c4d9875f0f3f9d64993222587ed70293f731919a3aecbe84db87d2dc3ab,taxi,v1,unclean,taxi,
v1/unclean/taxi/215049694.jpg,fdc9ef1acc8cf756c1c9fa688023b1a5040d93e14ef8849ad54548a445acad37,taxi,v1,unclean,taxi,
v1/unclean/taxi/215089910.jpg,6c8306d33b436a052712f0709543375affb3322f0d4fe67cd3ec599789c801f1,taxi,v1,unclean,taxi,
v1/unclean/taxi/215503531.jpg,4373ec931bd27f17f33c05515c56e9ddb7604dfb3ec5a2518d6afea417c5286b,taxi,v1,unclean,taxi,
v1/unclean/taxi/215840117.jpg,bec4fc59810a455f914da0d183d7ed0fd056c7c683172dc1485fd8c8da14a2f2,taxi,v1,unclean,taxi,
v1/unclean/taxi/216029720.jpg,cf48aef4c0baf59b72d87e99adc566627e1b68378daf275a59b7b579c6e163f0,taxi,v1,unclean,taxi,
v1/unclean/taxi/216047371.jpg,3b170fae42d4ed062af37cfb8bb1cb2bb6c6019031607bd37be9f7be159a4618,taxi,v1,unclean,taxi,
v1/unclean/taxi/216241992.jpg,2786552348e2661a04eb046c2811c29400d03c5ff6287ea8c67dd7b556cc4e8a,taxi,v1,unclean,taxi,
v1/unclean/taxi/216266678.jpg,89ddea5364cb93ca6b066a9c268c18be3ed1cbf4be078a38fd02d78e3f44e142,taxi,v1,unclean,taxi,
v1/unclean/taxi/216875057.jpg,c45a393d84a16f08bb78f17a27ab1d67d15fbd6bca43f0a7a1f2487c223fa5e1,taxi,v1,unclean,taxi,
v1/unclean/taxi/217041267.jpg,7bbfd2179a4694e9786d44b29af62c20c7dccfab5500f8dd0dc8d8b3e408cca3,taxi,v1,unclean,taxi,
v1/unclean/taxi/217106962.jpg,4037a453d0d34e1b46ddf81dff55c3e5fce1b68688324de34835729f3f5c769e,taxi,v1,unclean,taxi,
v1/unclean/taxi/217247964.jpg,056b855847ee0e38503f7e09bff4245a1fa56ae5c5110ce87e815efbc4b680cb,taxi,v1,unclean,taxi,
v1/unclean/taxi/217502539.jpg,00a0952c5d2f5c3bdb07be82db9fdca5acab9334bc683f53544e5c86d513a491,taxi,v1,unclean,taxi,
v1/unclean/taxi/217918556.jpg,48b287c7fb42c62f266f0fef28bb7c93b1eda85c254dc1e5da92de29c8d1c069,taxi,v1,unclean,taxi,
v1/unclean/taxi/217967703.jpg,d3863f34ee115cf956cba2ba95d77fc57c0cd126efa276a00f9d13b2b02d55e0,taxi,v1,unclean,taxi,
v1/unclean/taxi/218028690.jpg,db80538fc57f618ef84a3f678bc4851b2b56b1cdc6ec8b42e545d5c8ca660b07,taxi,v1,unclean,taxi,
v1/unclean/taxi/218124538.jpg,735908711c8e18a9763e0d1d6dd2ef84d91f629ec37f876d86a1841f509fa30f,taxi,v1,unclean,taxi,
v1/unclean/taxi/218212988.jpg,c0d4dadfa0ba4e1b476baaab5120ea94362a6bd5c785c46ff78dcd5aab961fe1,taxi,v1,unclean,taxi,
v1/unclean/taxi/218256574.jpg,eec7557795a09cf7c5a37181d01ad164634c24a1fb349a34369640f64ec3a337,taxi,v1,unclean,taxi,
v1/unclean/taxi/218257216.jpg,1363eaf1ef302afd7512c2e27d0a48424467ece8c14e96a580a7eb0f6e3c90a9,taxi,v1,unclean,taxi,
v1/unclean/taxi/218566564.jpg,02971cfde316ea4080b95081cecfb5fd599f83a3a8a473ecb3da865f7b4dea9d,taxi,v1,unclean,taxi,
v1/unclean/taxi/218609374.jpg,63280f0c70b225384f4187b28ecf50d7ed39c7a44c580ccb9998bd00710f5f76,taxi,v1,unclean,taxi,
v1/unclean/taxi/218623451.jpg,535445d6e0d70d29db3d79ace252b415c42da7d558c03167f3a7aa94c7dc207e,taxi,v1,unclean,taxi,
v1/unclean/taxi/218892466.jpg,4e387da0b188d0b84f40a1c79f71063b2e74c0227a5fcd4e7c2c15b00773ff47,taxi,v1,unclean,taxi,
v1/unclean/taxi/218935254.jpg,6f38bac258620c23b53753b79fa0942b56321f495f2ba2848dd457c4501c0127,taxi,v1,unclean,taxi,
v1/unclean/taxi/219091412.jpg,1f9166039563e4e7f8975c2210d35f8199096d2fe32320d4e3735c8c35e7857a,taxi,v1,unclean,taxi,
v1/unclean/vanet/197678284.jpg,072d4cc4b91ac0bc753464dd41e9ef8a645cff02d5af7748d24ff90760c0f7d8,vanet,v1,unclean,vanet,
v1/unclean/vanet/205896670.jpg,8b24b13efd5571e50490658f2b22c949eac27bc8a21e646595bf0d5aca64b80f,vanet,v1,unclean,vanet,
v1/unclean/vanet/207758538.jpg,1b8d22a09084a9bcd3b8d8f3d78194e957720a61e01c0ce116526dc6a67e4878,vanet,v1,unclean,vanet,
v1/unclean/vanet/212662044.jpg,538b01ac64b3f51b96f63e912ebd76befc4940360f1c05c0e92e94b5a0f22084,vanet,v1,unclean,vanet,
v1/unclean/vanet/214785158.jpg,1d4b61cd147878e159d306228df6cbac1477275300315ffd98fdda05b2065aee,vanet,v1,unclean,vanet,
v1/unclean/vanet/217207555.jpg,f1860eb2c0738ed82b401db3173d9aa21c1e5f8bb2b049a985a12634603f7bda,vanet,v1,unclean,vanet,
v2/train/ambulance/214725360.jpg,48abb880dfa37cfc0e2bab94bd131f68c33e38a2f4416c2942d7a940179bccb2,ambulance,v2,train,ambulance,
v2/train/ambulance/215455492.jpg,89ca5e25cebdb00f3e976d09ef95ba325d736f6564bd79e442e761cb0aaa4f70,ambulance,v2,train,ambulance,
v2/train/ambulance/215890423.jpg,2f42697e952a6a4cc1d1e46e8bba7a5450002dab433d5cdb7e70b2f6459f3df6,ambulance,v2,train,ambulance,
v2/train/ambulance/216035809.jpg,6460290c048ea32f1ae32cb0d84c276cddae65a5e2c3382689ac2b7c9072808e,ambulance,v2,train,ambulance,
v2/train/ambulance/216561672.jpg,ebbaa58f4eb803626ee01f7de0a76358635e2f34a3f9136b2c7880de2545ab9d,ambulance,v2,train,ambulance,
v2/train/autobus/193143598.jpg,2f039b076382c0d5b62e413f049ecc7b02ff40aaf674d5690dea4fc90c2a4868,autobus,v2,train,autobus,
v2/train/autobus/193247490.jpg,4589d27d867abcf14f77e32fc5300b8a7b845dc9efe7d283ad2fd32d6b1a1b20,autobus,v2,train,autobus,
v2/train/autobus/193913981.jpg,1fb0f59fa3e161334f352a864a38339baee3604ae45479bf79b60626962d1e69,autobus,v2,train,autobus,
v2/train/autobus/193934570.jpg,079e0eb6735dbd5dfc0e92d0bce50b86e9050e6ac5f6c80f83b0e0016f3057c3,autobus,v2,train,autobus,
v2/train/autobus/193937509.jpg,1f6791253e1c7839faab0493cbbe5f0e3c986bb4d29918db62a155b084d4e9d7,autobus,v2,train,autobus,
v2/train/autobus/194264789.jpg,26a677010774e38bc5c8a5663ed75b2d1525260dee1efb81311dcd5aded3d227,autobus,v2,train,autobus,
v2/train/autobus/194356888.jpg,c426e1d10619ae9ba5988b557782d3ad4bebe1e063c221951e348017dd388be1,autobus,v2,train,autobus,
v2/train/autobus/194603835.jpg,0d779252afd608c8c83e0a40dbc8108141d42c55ee5e7341d4ad711384a4b8b4,autobus,v2,train,autobus,
v2/train/autobus/194628481.jpg,65875038622a8ab8d5288d0589970ec399721798deab0be9eba71d364ab8de13,autobus,v2,train,autobus,
v2/train/autobus/195327944.jpg,ffd5a0170a9cba91b550db076653f3625e41918a33e6ae44a2cffeafea44df13,autobus,v2,train,autobus,
v2/train/autobus/195353874.jpg,f8677ff69fdcfb0fdcb28dfbc1b51acd1707df0c852a70dc3644750e71170c1a,autobus,v2,train,autobus,
v2/train/autobus/195928852.jpg,0f1ff2474e1a758e57f79e7eebf9c195b5fc8ca9fafe19bfc2278d09d2ae6ec3,autobus,v2,train,autobus,
v2/train/autobus/195938542.jpg,0854a7d38f298a619f1cfe71e7af963439bd436dc0ccc993e0ebec1dfc25616c,autobus,v2,train,autobus,
v2/train/autobus/196077431.jpg,2d2d1cb1405fec2811247cd33bceb54477c0d3a54c3c28b504372db1873f801c,autobus,v2,train,autobus,
v2/train/autobus/196503008.jpg,674a2cc930d250e0b489940587336538ff86b2637a93f3e6a35afec2f40ae83b,autobus,v2,train,autobus,
v2/train/autobus/196513999.jpg,7983a833d7b70b5a7611f9fd2fb901a134f323c29d4ecf9fb4760d7d183dc7d0,autobus,v2,train,autobus,
v2/train/autobus/197162771.jpg,75f3551c173e9bd4f2a4fddc92deb138eef97748ae0cd397aca0bd9410f28779,autobus,v2,train,autobus,
v2/train/autobus/198261344.jpg,5a582573045dd97ccae17d056e1b70269657d6239330764a551ebf55090bba16,autobus,v2,train,autobus,
v2/train/autobus/198389317.jpg,383b23f40644fb0861bc4b25a2d5ca4a02a297be601329ce741deef2c6496f86,autobus,v2,train,autobus,
v2/train/autobus/198462591.jpg,4aadf6323cd1a41236e29dee7afe926b09ffad66e9b47f6cbe3ed61c98dd769e,autobus,v2,train,autobus,
v2/train/autobus/198480054.jpg,137aa4994ac6f5129952ab931404f7b1416305b7d118d1ae48a68d1449529108,autobus,v2,train,autobus,
v2/train/autobus/198481791.jpg,8fadec1695f5f7f7789355e0c865f434ab44a839c9c4a58bad5435d50313a174,autobus,v2,train,autobus,
v2/train/autobus/198539778.jpg,a359736e07ebe51b0e2052bde161112c2d8e675f22b30899cb080c99a1dd3956,autobus,v2,train,autobus,
v2/train/autobus/199176140.jpg,f714d376a8dd4512e41896497cbdc80f04a1bdad58735c114b43b13cb7546280,autobus,v2,train,autobus,
v2/train/autobus/202162316.jpg,d146a7a31657582fa1a691550d29eddf5d1f768718d5c4b2e87027c0e654d47d,autobus,v2,train,autobus,
v2/train/autobus/203314263.jpg,1eb5cb2c1e1ca3647e82ac3b3e1af36b35db0194a05ab869d3b847f4469e874f,autobus,v2,train,autobus,
v2/train/autobus/205169590.jpg,7ce911b79c3cdedecc2a20acc3f0b177568a545e7e043c19effa239a5befca50,autobus,v2,train,autobus,
v2/train/autobus/208876395.jpg,d9498baed3f8e3efe6f9c611547220c39d59f76093958fd1da80b9f85c3a3721,autobus,v2,train,autobus,
v2/train/autobus/209038128.jpg,f0bbbfe4a7bde6f15710795223a386a8bd6619cc0b2fa90ef90589e9a0486478,autobus,v2,train,autobus,
v2/train/autobus/209549928.jpg,14591b40419848165fa23bf21d227210e757bef36bad0a2b9a9ecf0d3451b5e0,autobus,v2,train,autobus,
v2/train/autobus/210036680.jpg,24507657749db98b8564200020c28315c5cea1db5518a359023aa320fc31a41c,autobus,v2,train,autobus,
v2/train/autobus/210098742.jpg,df4472934c2b40351bf8e3cab5ff5752e6ce738bcaa9a551e8ecb9b18e178cd7,autobus,v2,train,autobus,
v2/train/autobus/210184901.jpg,13965d89986e09ae17e5b143aebfc146414551aacc7077a46aa48d4cc59c5820,autobus,v2,train,autobus,
v2/train/autobus/210328665.jpg,73b42e344b0effdaf07a887ac5159b0cecb24ba063a2acabd6f6e8308aa04335,autobus,v2,train,autobus,
v2/train/autobus/210391171.jpg,7c81e40cb35d10ae2ed6927a8fe534183c6ac0f4052f7319166485e3b2b5e17b,autobus,v2,train,autobus,
v2/train/autobus/211087357.jpg,afa34a5c4dc026450f6cb082066ec777fa2fc473f26e2a5d9631e861e37b8923,autobus,v2,train,autobus,
v2/train/autobus/211222927.jpg,9b4ce8a6a9f64e4bd90c0c3a630013abd76df3401af0b8d1ae8e9b808777a500,autobus,v2,train,autobus,
v2/train/autobus/211576935.jpg,1159c856571829a1108a28b45cc4b09f7a0bb1f95ea74f84c2ead5cc610e157c,autobus,v2,train,autobus,
v2/train/autobus/211692128.jpg,99fcee5261d399aa7336f2d13b9dae43534df303c64fde9eddf09973072f6fd5,autobus,v2,train,autobus,
v2/train/autobus/212142265.jpg,68d6089033aad416ecc5ed88aaad73c613a0966a1b06adf4c6c3b91efb2e6dd7,autobus,v2,train,autobus,
v2/train/autobus/212543172.jpg,49e964fabaef4aa2bea915196c9f4191a850ce531c37c667bfbb640f285e8a97,autobus,v2,train,autobus,
v2/train/autobus/212950745.jpg,02f5372e3adcec588363eb9fa727b19c7ba512c9f2854f1d0b8a8e8af0639a75,autobus,v2,train,autobus,
v2/train/autobus/213844436.jpg,5100df19432f5e4398e725ed3fd1e04a972730c979b472cd8e9c3a2f8d34832f,autobus,v2,train,autobus,
v2/train/autobus/214177928.jpg,fd0c537b9a5c4cdd8e141d34aa6f23d32b8e6d80c41e5ad64f820a56456c3c94,autobus,v2,train,autobus,
v2/train/autobus/214187028.jpg,8aa64d1b450de8db9b24a81b33531bf1444194928a43594f889c32421db7d7a1,autobus,v2,train,autobus,
v2/train/autobus/214398398.jpg,c7e56006b13f898cae485aabff84fc16101bfef58dea496c39f5107e67156b7d,autobus,v2,train,autobus,
v2/train/autobus/214640760.jpg,60e24a13619b8c7c88057bd7d40367565717d0455d9acf24db56ebd6b27e7041,autobus,v2,train,autobus,
v2/train/autobus/214742657.jpg,44895ba05d97d05610d4f67d24665301edc87080e912359da33eef54c27d8167,autobus,v2,train,autobus,
v2/train/autobus/214743978.jpg,68d170c0a913ba05fad366669d9c5599b97dcf601895e164345d29b01600a1f3,autobus,v2,train,autobus,
v2/train/autobus/214839567.jpg,dbcc3bb8163f97761e07b790320e73e814adcf46f4f28d9315ba7624fd936e21,autobus,v2,train,autobus,
v2/train/autobus/215033304.jpg,b31bca31c204cf299644bd4b809c85f4be4a727df42ae6449bb0db25168c4023,autobus,v2,train,autobus,
v2/train/autobus/215071661.jpg,65f64e1191b0df1900cefe7db408f87be9f37aeadf8658f95c2211a8dfd35343,autobus,v2,train,autobus,
v2/train/autobus/215123839.jpg,fec923e8b6bb04652b8dba355fb61b77d70743414028e853c39d3d04fe515b9b,autobus,v2,train,autobus,
v2/train/autobus/215186162.jpg,d6f159011c1ba78a9aab1882da4f2f46db2670aedca938fa15d5826215b05af3,autobus,v2,train,autobus,
v2/train/autobus/215321465.jpg,f7549012686aaf69969080eb0f8bb2db67055d1933470dfe1c6520aef22aeda4,autobus,v2,train,autobus,
v2/train/autobus/215679623.jpg,f1f4b8dcf898a2fbabab9d632049ad79cd93bf9192b0930326e0d4b35c092150,autobus,v2,train,autobus,
v2/train/autobus/215686284.jpg,c491699edbb42b1b3bcd516970cad121b7bf4a9dacfd076f949ceb1079ac8e39,autobus,v2,train,autobus,
v2/train/autobus/215687278.jpg,0e3ac4a23aba2eea2db1f2872386cc72805d726f1b9154a55908330e647d7e94,autobus,v2,train,autobus,
v2/train/autobus/215710303.jpg,5978b1a89c2c236a093109a0b580e304d624d3134fd5707c8988c543f11e4281,autobus,v2,train,autobus,
v2/train/autobus/215770203.jpg,c50f22ccc0af5a1d4656a1bbd67b9b62b7a62527453b2920d60feb25ef242b0c,autobus,v2,train,autobus,
v2/train/autobus/215821118.jpg,f5bb25596e535576ef8a5a4a3aaad2405e0d88849b78b1ccaf3e2137c7af4ee6,autobus,v2,train,autobus,
v2/train/autobus/215918108.jpg,1941d832a06f35f200b8877f3f45592ef6f3743e3acf3683b6faea9308bb1400,autobus,v2,train,autobus,
v2/train/autobus/215950476.jpg,7e4c49f779dc11bce7f220f1d40553d351693b1ce9f20275633a2772284ed460,autobus,v2,train,autobus,
v2/train/autobus/215976846.jpg,dd1dcff52674c9b268d95051eb9da33e58393627bfb9e08dc88df1a955b5fccb,autobus,v2,train,autobus,
v2/train/autobus/215989839.jpg,77ef3f1249fb4828f9d745be86a061980c1e0f654cb933a06c37379d9924dbdf,autobus,v2,train,autobus,
v2/train/autobus/216010502.jpg,3b51b9915afaf83465523bbc5393db52f59b7e26c7eee395eecd01e33b57b367,autobus,v2,train,autobus,
v2/train/autobus/216013650.jpg,f76f67d84fd80463a4f3dabd98b25fc0ce968a05c8c66b4801dc087a96199fdd,autobus,v2,train,autobus,
v2/train/autobus/216041425.jpg,f691693780f6f90d63a8a4a80d2edaab5d1986d9f13cdd45546d64f94aa8f314,autobus,v2,train,autobus,
v2/train/autobus/216086152.jpg,2593846d2d8ee601eb9f0c7c1a26e0eaa2def1710c84a298f94369fe26c129bc,autobus,v2,train,autobus,
v2/train/autobus/216086604.jpg,4417b3596aed5186cba0f1a22c1ab3f5d709e90dc46e3c0e3a5954e946cd166d,autobus,v2,train,autobus,
v2/train/autobus/216176130.jpg,e0af3a9174f6ca84537433f7cf166c9900f0df5f380908028cccedd678091ea9,autobus,v2,train,autobus,
v2/train/autobus/216240847.jpg,2eed82fca43ff4164cad76837d60fce6338f8eec657674868c9f26c43e450461,autobus,v2,train,autobus,
v2/train/autobus/216262792.jpg,36ce1067a2b5296ff2d8c62f34c29789c5a9d6df47b0aebcd395fd3a7b871451,autobus,v2,train,autobus,
v2/train/autobus/216264423.jpg,8e80c7b1c2a85a4ecc4a84125fed3c0712dc92b52dc962f1d5a641d7923e1643,autobus,v2,train,autobus,
v2/train/autobus/216277099.jpg,5f9d36c1c7c4086643fe235025eefa06b990244ad935e0ff69eb935d2f843360,autobus,v2,train,autobus,
v2/train/autobus/216283106.jpg,8208c7c1dc2117f46c89e623aa090f8cb67dfc75553b8ff840805f85b2da23f9,autobus,v2,train,autobus,
v2/train/autobus/216293919.jpg,8282a92e06ede6f1a0fa6d22a2b6ddb5f113fd9429e0486291de9cc461696fc5,autobus,v2,train,autobus,
v2/train/autobus/216322942.jpg,d31ffb9ae00fa2f115359afbf95b8ca05b17eb831f638892501ba4018a8aa44a,autobus,v2,train,autobus,
v2/train/autobus/216328773.jpg,8f4fd82eeed11438a439647658fac0052dbf5e1b5799f86f8c4b4f5f09426d38,autobus,v2,train,autobus,
v2/train/autobus/216357327.jpg,ebc26654283bb05953cb05d4a5c759dd2fef8f7e0748ba792f8b694073242499,autobus,v2,train,autobus,
v2/train/autobus/216412255.jpg,3984640f7d27f0aabbdc3a436cdb005d469283d6cb4a4f21c1091b7e1139e46f,autobus,v2,train,autobus,
v2/train/autobus/216423047.jpg,2ec07cf7336ec20dc893c69dff03949abeb34e0fb1e241d8d628596660893a88,autobus,v2,train,autobus,
v2/train/autobus/216485879.jpg,44d1dc5558dc90efb1ebae7c2975b7369210dda7bdd63b1eb234a3671cf24353,autobus,v2,train,autobus,
v2/train/autobus/216539622.jpg,275afefa48a0ffed7835e2f9285930aae07f1865d762314a02a436801f7982b8,autobus,v2,train,autobus,
v2/train/autobus/216559230.jpg,174a89c185f04dea46760842a68fbc5984f9b5a050bb9f28d9dd02d1c4c051fc,autobus,v2,train,autobus,
v2/train/autobus/216560648.jpg,a243a5945a80bb6cfe2e6a1db58d6f435244d9cca52ed9c5aead714d581abb9d,autobus,v2,train,autobus,
v2/train/autobus/216573141.jpg,00623a68fd17711dc36d6f201835bda72343477611a1e3a35fffc562ba82a7b3,autobus,v2,train,autobus,
v2/train/autobus/216575324.jpg,44cf9f649433203c5b0dc3b7775fb9d807f66f61dad286273aee74ad31421377,autobus,v2,train,autobus,
v2/train/autobus/216588181.jpg,19e0bb66ebb912efb03a99ab3dc9bcc206ce0272aa35bd9e142cb475e4a842d9,autobus,v2,train,autobus,
v2/train/autobus/216714407.jpg,4ca5b100d4eb8d65cb6b45b16c0bf15b22b2a4f021b276e414a5949af00d470b,autobus,v2,train,autobus,
v2/train/autobus/216729767.jpg,d44ef218aa80ee0c799a548d6a4dd370247cbba9d0eb4f02c8305af4f2342d28,autobus,v2,train,autobus,
v2/train/autobus/216760038.jpg,77d9855b55048b173193f82e6bb32df3e44101c86d687ad5345cd0fe49545a7e,autobus,v2,train,autobus,
v2/train/autobus/216797527.jpg,5035ed26a1497073fc39fee621a3f99134a2703d7eced207725197006e253059,autobus,v2,train,autobus,
v2/train/autobus/216797653.jpg,a40b7f7409631b001d74b77637d0d925dc5f26c7f131473704e0bb76708b8b6d,autobus,v2,train,autobus,
v2/train/autobus/216850693.jpg,26e86f58190428b36a8a4cb79e41d239fa2e7f8851a6cb407e0d394fe9a72e99,autobus,v2,train,autobus,
v2/train/autobus/216946113.jpg,a6ce18f3f1b48a6a9ea16444252c8ab881af7d2f614ee717d8d9df5b4e0d5c00,autobus,v2,train,autobus,
v2/train/autobus/216947005.jpg,afdb81fd1bf64b00875fe4011de0d481b6e556505e97bf3a2a8276caad3ddd7f,autobus,v2,train,autobus,
v2/train/autobus/216948140.jpg,6f08ab6d49e7c81934f19e846e268195a1640181cbb496ec31cb4a71a616699c,autobus,v2,train,autobus,
v2/train/autobus/217040529.jpg,48ebe3ff3512338afaf426dd2ea8324f8af5517db6c71ce2cbf0533b9b63a5a0,autobus,v2,train,autobus,
v2/train/autobus/217091265.jpg,63c7884f42e0f1429798b7954c1d9d68f13b27146d4868bae22c372855dbff97,autobus,v2,train,autobus,
v2/train/autobus/217140059.jpg,64c2394a14e685a147b39afff31f6b5db31c8ff278662e86ed5d17aab193c513,autobus,v2,train,autobus,
v2/train/autobus/217413615.jpg,00b483ba6e4632533c722b6d4d2d6a221391408ec84b3bbea882f42299fe0778,autobus,v2,train,autobus,
v2/train/autobus/217420553.jpg,d57f9eb6175e6c3818b554778923c9eb55fd001e532c2f431533fd60c336feba,autobus,v2,train,autobus,
v2/train/autobus/217427229.jpg,7f7123a262cdd3f493298e810d4e8d7679b018ebd776175bf6e0dfa4cf049e05,autobus,v2,train,autobus,
v2/train/autobus/217619978.jpg,57363a271683a10d4a38767ea94ea4460673a6097e70b2c7e35e718215464d1a,autobus,v2,train,autobus,
v2/train/autobus/217734773.jpg,6682e7673946645c07350704845d7da24e1e3a308586840149b9f15c01841d69,autobus,v2,train,autobus,
v2/train/autobus/217769175.jpg,3362a69928eb4e343cd64fde739967e182697891f6cf1faf4a27da4f39c95923,autobus,v2,train,autobus,
v2/train/autobus/217780130.jpg,1ad014cb0c265165f3b9cb951103a23c65b7cd4d82022c908102eba29788d018,autobus,v2,train,autobus,
v2/train/autobus/217791047.jpg,02635d7df53184bf7c9e7dfb8fc4ad28ab136349639e9f87552161056ae0feed,autobus,v2,train,autobus,
v2/train/autobus/217891763.jpg,c63fe2900ea8890bd6658e46e51bd8ce9ad1aaaefd37ef5d63e6357b2667c687,autobus,v2,train,autobus,
v2/train/autobus/217893775.jpg,5bf7906a8e406dd92b9dd66b22860f8eaf15f70ea00501862215cc9ccd5db217,autobus,v2,train,autobus,
v2/train/autobus/217916961.jpg,076e0fbaf35cc453a12c0ed8fc9c87861c053435c048359646247b9dc7b979cf,autobus,v2,train,autobus,
v2/train/autobus/217930382.jpg,8faafb6112f608fb7f1f7ecd794bb1e8caadea3d0404edde47db436a1b047202,autobus,v2,train,autobus,
v2/train/autobus/217932299.jpg,7b661c1aa06755a05d162018ecb3ea84f2aac115144e0ca56da7d483a4ecf3ad,autobus,v2,train,autobus,
v2/train/autobus/217947174.jpg,a29139118cff393e8a4bb63813d62eebb7b8cfe3d9adb76483506b17bad5e45d,autobus,v2,train,autobus,
v2/train/autobus/217971815.jpg,11de0c60f27a1d48c723797326adabb47a1349e5646d6e8a85e4836eea94a98f,autobus,v2,train,autobus,
v2/train/autobus/217976090.jpg,8641b4a5b7512559ba9debe1cb8b1d75ef753d2b74c6fc58d7c211dab18eeac2,autobus,v2,train,autobus,
v2/train/autobus/218000072.jpg,bfa51c8d34ca9cc2e82d5917e60d63fd8ec09363994bd80a1ed40f4209278a3f,autobus,v2,train,autobus,
v2/train/autobus/218080642.jpg,7c3ad9eda3e4860b97584ecaf6ef47dcb2ef0dbd89b1a8b01c03ce3d039bd9e0,autobus,v2,train,autobus,
v2/train/autobus/218220108.jpg,17874c575f33872528e719d594f81cdce01ab71075579ef8b749f05fb9e9e3bc,autobus,v2,train,autobus,
v2/train/autobus/218265944.jpg,1e4f2ddf119dc2df5dfa7d643b7ab5f96a0dd84764b7e69b8a93a1bdcc30949a,autobus,v2,train,autobus,
v2/train/autobus/218283778.jpg,464bc585c118a0e16a88e9861a2d2b6f1130c391a0225d3fbf452f3b0cb52514,autobus,v2,train,autobus,
v2/train/autobus/218333729.jpg,0fe423123d945a5612b5af27aa3f7dfc4e1a54a75d87a367b2d103db3a38527e,autobus,v2,train,autobus,
v2/train/autobus/218375514.jpg,9fa163ad3d291746064a38877c69efdeb516669ab2fc6919634d79ed3d0bd209,autobus,v2,train,autobus,
v2/train/autobus/218417318.jpg,b36100b0f2e4fe19fd3e95a074334933cbf0964b37b3f4d452b760f1307aaa3b,autobus,v2,train,autobus,
v2/train/autobus/218429535.jpg,a215c97872ced64fedab427dc32f2c4c7643365cd930007f0e2ceb5a0e5a8bd5,autobus,v2,train,autobus,
v2/train/autobus/218485526.jpg,8c3fed71a2aa44618a7bf40e01b90de97b3cead7bf3ef865d7b5d8ff14958be2,autobus,v2,train,autobus,
v2/train/autobus/218575882.jpg,6acb6b40db15c21519350e69edda78d1bf8afb00112f562ee3982195e1788bf8,autobus,v2,train,autobus,
v2/train/autobus/218619004.jpg,0004bf15bfb7bfaafc695e1d5df07991e34a2ed4275f80571e12bba9c137a64e,autobus,v2,train,autobus,
v2/train/autobus/218625583.jpg,bba819ba797680a68b0860abf41badfe6e67827332c1a7358f3497ec5d67e450,autobus,v2,train,autobus,
v2/train/autobus/218637584.jpg,95bf3ae2e84a9c4203a3163ea944a2178a9c33e582c45dda46cc9813319df953,autobus,v2,train,autobus,
v2/train/autobus/218643529.jpg,9da13353ca83184e496822f13fcb01c640d9428f7a790c9c7cbb62ad1ae876aa,autobus,v2,train,autobus,
v2/train/autobus/218658621.jpg,07c97f2cd0d8e41d6fa0d9dff9655af9d967f6fe67342e614f6ddf0c614d618b,autobus,v2,train,autobus,
v2/train/autobus/218667916.jpg,ec843c334a5a309814608881e992b1a2bf4cd4be241a80dd190fec518ce9e74a,autobus,v2,train,autobus,
v2/train/autobus/218688301.jpg,3cf30d632f46ff3151546a3165774873a79fb0ca12711b1f8f83302fec29470e,autobus,v2,train,autobus,
v2/train/autobus/218700576.jpg,8b08c4c17b3b077b0db84b84cf1d429cd81ca83be9116b5a42d46882e30db017,autobus,v2,train,autobus,
v2/train/autobus/218707877.jpg,e0b5c65de902392dfb54efc51bf6e446cd61e0c201941cf3259b61b9e870fda1,autobus,v2,train,autobus,
v2/train/autobus/218767971.jpg,3838caa80b184a8436d48ff3e02239ede97ae45dd0a2bcd08145ac0c2a39167e,autobus,v2,train,autobus,
v2/train/autobus/218778454.jpg,c127c4665419f18aae72f1a334161b135b6c89ad8848609a2a86b51b855a328d,autobus,v2,train,autobus,
v2/train/autobus/218833342.jpg,1c12bdb011f70622b97b28f2f1a979fd73672f9f3890881dd61d26fe2de206d4,autobus,v2,train,autobus,
v2/train/autobus/218884742.jpg,cc363a34968750a6e002a76439b4afe5342001c55179438586af5512f9b3d75e,autobus,v2,train,autobus,
v2/train/autobus/218906989.jpg,1e261a9937b8a4325eece8a83084f2dbcc1ecdf94960e02a195ededf3d944455,autobus,v2,train,autobus,
v2/train/autobus/218908275.jpg,ccfd7f495ed8018f85b03ca2043bbcf176700714f7d278a076d7278c8df57952,autobus,v2,train,autobus,
v2/train/autobus/218908823.jpg,008ba0458d27561b2a4f18a8816dfbf9f28fd9a4845d3a8b90d0fe18bd7e8cd3,autobus,v2,train,autobus,
v2/train/autobus/218915919.jpg,901005ee9c7eb97aa9db35f70e47be92756152c04c80fb6e660bbe1732c7e6d9,autobus,v2,train,autobus,
v2/train/autobus/218936050.jpg,5d9fc7189adc65c06e62258f10ab6bb39ab9e9b5bb7ac9ff0078ef3c7a8bd095,autobus,v2,train,autobus,
v2/train/autobus/218952897.jpg,f8ea1fd6614cf543d3fd6cca09222f63c99b54b0da5e6aaf73e447bd52607f33,autobus,v2,train,autobus,
v2/train/autobus/218964750.jpg,316029c7f37e069085901ef312b3a966ada5fadeef26464423ad35e8fa8e2142,autobus,v2,train,autobus,
v2/train/autobus/218993616.jpg,32a34e9cf967a7b6259a62189b61251d0538a12b90094783eea22e998f92e98c,autobus,v2,train,autobus,
v2/train/autobus/219073679.jpg,ef65c9f1d291b0ba9d251f94371c9f524e1afe6bf25dfe5ab0435e888d2644bf,autobus,v2,train,autobus,
v2/train/kamyun/214657348.jpg,d296f046682b7aa03a360efc7df33fb072f17aaab9225e5e7c37930d035625f0,kamyun,v2,train,kamyun,
v2/train/kamyun/215635181.jpg,6f107b1fd129ffb7324486f2d669c9f83f053f21a2ef66db3f3a210b8d37fcda,kamyun,v2,train,kamyun,
v2/train/kamyun/216010811.jpg,9fad729545416506224647ad7cf59e1f42f48eb36d106cea2360a3049493b62b,kamyun,v2,train,kamyun,
v2/train/kamyun/218697288.jpg,56e96eb1ea6f710140cb0a8ffc1c92326abf33a481ba0db61be900e1233370d9,kamyun,v2,train,kamyun,
v2/train/kamyunet/193171555.jpg,ded3a2175b7ebfe53329d3aa9a44f7e5da86cee36bbeb7da74b1f3cd0e5148a9,kamyunet,v2,train,kamyunet,
v2/train/kamyunet/193234027.jpg,5fad7b4f1954b4df9ed52ccbebcf01410e54aeb395423fa7809503cafc93b836,kamyunet,v2,train,kamyunet,
v2/train/kamyunet/193372049.jpg,d56ed20d5f54ebf5cc39fc35d72d01a31b0a25d80dacb87b71ae4c7475d6daa9,kamyunet,v2,train,kamyunet,
v2/train/kamyunet/195923707.jpg,4aa3e0a22d78c99821ee8bac8bd3c92350495ecd512c78ed040de51c543c422a,kamyunet,v2,train,kamyunet,
v2/train/kamyunet/196412320.jpg,98626a3c6d701e5efd1a90a3e98389ec088d53b737a3527dd314c15a62ff5b97,kamyunet,v2,train,kamyunet,
v2/train/kamyunet/197510266.jpg,ba27b45490efd439311265a960f2f0aecb1da9fcdb55432110c01f10b731db54,kamyunet,v2,train,kamyunet,
v2/train/kamyunet/197524191.jpg,61d02f24343454c085cad52ff4e891e659c534c3429466f0382ef442c4ad04f0,kamyunet,v2,train,kamyunet,
v2/train/kamyunet/198247089.jpg,601f9591d80bae23c672e87dc89908d939c290e6e4e62d1e95bcfc3052468e68,kamyunet,v2,train,kamyunet,
v2/train/kamyunet/198438253.jpg,3668de5d7d8162f4639cd893263e34072aef45e3d45edde65d0513c4789b43e0,kamyunet,v2,train,kamyunet,
v2/train/kamyunet/198458220.jpg,0bb40075db36b6510249c5d1e83e66509d899d1b286156ec2c5dc7e4a77b1c6a,kamyunet,v2,train,kamyunet,
v2/train/kamyunet/198810534.jpg,6c8457ed8b6632d6b53223ec381769313483fbda4bbe999d31f6f3d7d8fafebf,kamyunet,v2,train,kamyunet,
v2/train/kamyunet/199644443.jpg,4d66fde41495d2ff115d8093ec3af89ce70d1a83068f1cb4a73a8bcb57af077b,kamyunet,v2,train,kamyunet,
v2/train/kamyunet/200359181.jpg,140d65b562ee09ab98022ec51e18f47d35b558ee89b3f92cde1f35591bf316dd,kamyunet,v2,train,kamyunet,
v2/train/kamyunet/200460350.jpg,424b4acc68a06ac003e34ad81a1096e6db56e03894bd08efbb250eadf7e27af8,kamyunet,v2,train,kamyunet,
v2/train/kamyunet/200467078.jpg,4fd11f2a29b8066c9bb382e8e99f0beb7831a928cc9f4df27a514db91c66830e,kamyunet,v2,train,kamyunet,
v2/train/kamyunet/201261809.jpg,527b6d3a638cc6056ec3713af1be9c13014e072fc337a41e88b7f16ca8d17435,kamyunet,v2,train,kamyunet,
v2/train/kamyunet/202691204.jpg,d0dc1f7f0dd2ce6e1601bc8565a5448b7c121ec1adde3bfa8639ce73235c45e3,kamyunet,v2,train,kamyunet,
v2/train/kamyunet/205077309.jpg,55f272bf5cde35a6989cc0079f968d1f20ec7fd680c3a3f036817c25792ad13f,kamyunet,v2,train,kamyunet,
v2/train/kamyunet/205841640.jpg,36caa1b63a636fb5d68a3c1ed7bd967aa4d2e817c45716221827478e1c81b98f,kamyunet,v2,train,kamyunet,
v2/train/kamyunet/206542315.jpg,62c437c9cbd4d585d75990b406ebc19b7358ef017d0bc849ff47a83cff40c690,kamyunet,v2,train,kamyunet,
v2/train/kamyunet/208830517.jpg,230485e4a769795223b0963446f491a28e463ebcd8a5f462bfc6e22de0dc3a18,kamyunet,v2,train,kamyunet,
v2/train/kamyunet/209541758.jpg,32f793e5d1603f6a095e9df23f77aa3fd0364b74ca2347cd3307ce8a5116a8b1,kamyunet,v2,train,kamyunet,
v2/train/kamyunet/209724949.jpg,db6a2fb60a2f256ac9fafaa33d4beef8222bcd2218ad3227b002b17df4428e54,kamyunet,v2,train,kamyunet,
v2/train/kamyunet/210099989.jpg,06661f50a622a01ae4b07cab10d793f8c7a9d62390eb7dcf3d3fdc04c874855f,kamyunet,v2,train,kamyunet,
v2/train/kamyunet/211358345.jpg,cf2c7e898ad3f0eb97c04ad8ee3c2ffc58876e785bc1ba88562aea29cdee3d5e,kamyunet,v2,train,kamyunet,
v2/train/kamyunet/212033747.jpg,d84b4430201bc34e3cad15cd145ed5447925614395c41fe91ebdecc707c3ae69,kamyunet,v2,train,kamyunet,
v2/train/kamyunet/212928506.jpg,0d79e0f58910513800c297a809e08e4918d7e365e25388b01e8102105e83d7b5,kamyunet,v2,train,kamyunet,
v2/train/kamyunet/213311124.jpg,f5fa870a71cb072d07ad3d892ce8f2c2dfd0697101efedd385d916edc3b737e3,kamyunet,v2,train,kamyunet,
v2/train/kamyunet/213332262.jpg,855dfc5d4c6bd8653b0bc2486423618f65794983bed23251730a737e28a29196,kamyunet,v2,train,kamyunet,
v2/train/kamyunet/213481023.jpg,7e578dd6aaf6e154bac98b12dd8454f564fdeb6020c6cac02a9ebef2abde07ca,kamyunet,v2,train,kamyunet,
v2/train/kamyunet/213482233.jpg,21dcea5b8e4cac01be465c2f6602a582bea1375eedbea53daf6912c3f1f39978,kamyunet,v2,train,kamyunet,
v2/train/kamyunet/214845535.jpg,77669ef4d396938c6a8682818ec9b52f8ba7e028cd2009ba38eed0a7ccd82160,kamyunet,v2,train,kamyunet,
v2/train/kamyunet/214925670.jpg,ae088c3c2441246f9920e2d0bc9a9eaa049e5d2198688c0e46ad9b5d61788b1d,kamyunet,v2,train,kamyunet,
v2/train/kamyunet/215104341.jpg,9ff4b1d9b3d7c8e5c952094db76d70fc328d66d3427699d4183f93172b188c09,kamyunet,v2,train,kamyunet,
v2/train/kamyunet/215175729.jpg,06286497950b24b56fde7a46a5a3ede676f18aedf4d8d2a7106d4d87316d886b,kamyunet,v2,train,kamyunet,
v2/train/kamyunet/215188569.jpg,d83c707c4945072a23720412f9dee6e0d6891b8d0789c2856c794c90500e2455,kamyunet,v2,train,kamyunet,
v2/train/kamyunet/215242068.jpg,12661df822f222bf18989c80f7912ac7086562f91352b6cc4f7653a0db90c4f1,kamyunet,v2,train,kamyunet,
v2/train/kamyunet/215569282.jpg,a98aa0370f3769ac86c2091465503ab53516cd79864909f84ed33edd369e315f,kamyunet,v2,train,kamyunet,
v2/train/kamyunet/215671765.jpg,7824d97e63558279c4b01814745821a42203031838f83782be99eb852877dc59,kamyunet,v2,train,kamyunet,
v2/train/kamyunet/215685158.jpg,15f6f4f152ce1fd28ad162e9c520cf5a7c8b2cf08cf4265c4ad12511c1595a35,kamyunet,v2,train,kamyunet,
v2/train/kamyunet/215687118.jpg,efa977bc8a028f274dcbaa67bdca09c9f4d0b195f66f306fa642b58d0c9ba679,kamyunet,v2,train,kamyunet,
v2/train/kamyunet/215687961.jpg,0a12a858e4ab06770ccefa3e0c0522bb270cc5336edcb3b139ba30d0339b011e,kamyunet,v2,train,kamyunet,
v2/train/kamyunet/215699541.jpg,6004ea0aff7955efa72b620e10f294a3ae92e5a646eb49360632cca1d52c01fd,kamyunet,v2,train,kamyunet,
v2/train/kamyunet/215708185.jpg,64c1284536332e346b3b48d0a735c6f2d490e88ec9293f42da646aa7c65ded9a,kamyunet,v2,train,kamyunet,
v2/train/kamyunet/215757279.jpg,8e60f6995663afb2e1c070a1a63e25d16e977babb02b5e9faadcb8dac1710fd8,kamyunet,v2,train,kamyunet,
v2/train/kamyunet/215780691.jpg,0a72e2f92c16470d1ffd995318ae30b0ae66bd97203d3a336832ad68c631cb95,kamyunet,v2,train,kamyunet,
v2/train/kamyunet/215789530.jpg,0ec2c99950f6b50ec9904a430cf4e2553dce339537dd30fbfc564cc0cb7a480a,kamyunet,v2,train,kamyunet,
v2/train/kamyunet/215801211.jpg,22e94fcc44e7ef4eb792ac7cdadf226bbcb7fafc0b4d2b70383785be715b397b,kamyunet,v2,train,kamyunet,
v2/train/kamyunet/215829451.jpg,539f1a282b01a315fc12a622e42e66377d75f86eb1e4695028b24e240b1fb2e0,kamyunet,v2,train,kamyunet,
v2/train/kamyunet/215839717.jpg,867a6d5dee9b803a78bcbf5099a426eccbacebb633ff5a079eb9734569b2cd51,kamyunet,v2,train,kamyunet,
v2/train/kamyunet/215847280.jpg,a8c2f8abd1dddbda1849e572c7c638dd9ac227c99325a874598942682e742fd9,kamyunet,v2,train,kamyunet,
v2/train/kamyunet/215884288.jpg,a65bd29f9fb98dd1b1eca546ee9bde5c92e9cd3a0ad4a4a47897e88671c86933,kamyunet,v2,train,kamyunet,
v2/train/kamyunet/215906129.jpg,9f62dcb54f781584c82a4b11644133df581e9682fe10972316b3839041740073,kamyunet,v2,train,kamyunet,
v2/train/kamyunet/215917528.jpg,5baed443fcf2481a6d95a57c2f58f325c03bcbf6378c344f3d567f1ce6021d71,kamyunet,v2,train,kamyunet,
v2/train/kamyunet/215946155.jpg,dbe2b94d4c128185c01df26ecaa0238dd4aff25831bd38ef3d01a4a32ea26c04,kamyunet,v2,train,kamyunet,
v2/train/kamyunet/215951406.jpg,500372cc438d043f963e75fef920bf6f3d4e242fa478e47a93d50d530c4c83ec,kamyunet,v2,train,kamyunet,
v2/train/kamyunet/215951709.jpg,ba4b5857a442ed3849f99e4260a67ad7883d1e41d0b6e609d0b06c44f7594eb9,kamyunet,v2,train,kamyunet,
v2/train/kamyunet/216006559.jpg,46029f8596b1efcb5335b93ce726b65039be345c66606f7c684c31b34a4051c8,kamyunet,v2,train,kamyunet,
v2/train/kamyunet/216019031.jpg,30a7556826b582586df92c02963d0841d80499b2b553d8f98dde9c1cb96c9d4e,kamyunet,v2,train,kamyunet,
v2/train/kamyunet/216030677.jpg,66bd5fa6c1635ffbcfe5db7f5d70d022db1f18f6d7ca24e1b707eecd85a8c2ed,kamyunet,v2,train,kamyunet,
v2/train/kamyunet/216045870.jpg,f57af2241c40271ac7de731e4e837850fa76b312d0cea77752cd72c3a74dd199,kamyunet,v2,train,kamyunet,
v2/train/kamyunet/216071433.jpg,a015547b14bf7984afccd8216f970d63aaa5f50a422b0a3bc959342ae6227461,kamyunet,v2,train,kamyunet,
v2/train/kamyunet/216084425.jpg,1b053ddce3afb994b61512faf07d9efc14080a171c4a0c3d405aaf34fae78d69,kamyunet,v2,train,kamyunet,
v2/train/kamyunet/216088991.jpg,44e8ba052f7010a440c452452dd6cf53469765ee109f3befd1172dea813f73be,kamyunet,v2,train,kamyunet,
v2/train/kamyunet/216318337.jpg,23adb1434d99570771fc6736c28e7801612d62968f9cb66dba61ae045d3cdd44,kamyunet,v2,train,kamyunet,
v2/train/kamyunet/216417572.jpg,361eef0e35a8ae48a1c4298946dfa83329add082b87d4551bb2812df9e88143a,kamyunet,v2,train,kamyunet,
v2/train/kamyunet/216483357.jpg,5597df06b5cbc882b7759549b58709e833cd06ae143b54f8fa9cb9c2b688239e,kamyunet,v2,train,kamyunet,
v2/train/kamyunet/216491496.jpg,64119962437607cd7dd9231144ea7495069ccd5dc0f37c9420c651c547dc1d09,kamyunet,v2,train,kamyunet,
v2/train/kamyunet/216538122.jpg,ad73207ad3451e0ebf3437080aa7f01863a48403ed89dd570a4829b34651b2ad,kamyunet,v2,train,kamyunet,
v2/train/kamyunet/216539171.jpg,f009224715faf9ff5a5ecfb6eb2e2f9a9857870bc0486067cd273a7a5c30061f,kamyunet,v2,train,kamyunet,
v2/train/kamyunet/216563794.jpg,15bbb53deb23ac6f6ab32768ae923e665d823517690a2e9a553a76f74324b5b1,kamyunet,v2,train,kamyunet,
v2/train/kamyunet/216581893.jpg,72f3e933a555325b305a6a4e27c769b3e24a153b19064d231f71a97dd886be8b,kamyunet,v2,train,kamyunet,
v2/train/kamyunet/216628238.jpg,60b77d2fe494b2c48427722244984d21788943872919eb2f4be650166e559eb6,kamyunet,v2,train,kamyunet,
v2/train/kamyunet/216648866.jpg,09eb7c6c612691b8d2d73069b41483b3c177af50499f18a61075525285a96039,kamyunet,v2,train,kamyunet,
v2/train/kamyunet/216733938.jpg,13b89412433bdc2160e89429b2b7082775cc2912f42b557d641cf9cd965ea7f5,kamyunet,v2,train,kamyunet,
v2/train/kamyunet/216779337.jpg,ea00bdbe89ca8553cb2ee038883f70ae6316903fa3bf25b423c8ffde135aeb23,kamyunet,v2,train,kamyunet,
v2/train/kamyunet/216808886.jpg,4c5f4a02e5a61abdf34d5dfee2e77d2857bd5d54c6895d36e14659cbd45fc5a6,kamyunet,v2,train,kamyunet,
v2/train/kamyunet/216833735.jpg,9dd81d446f1cb025bfb0ca8e00fa09573dddc3a5272a1fb9b0ef444659400e4a,kamyunet,v2,train,kamyunet,
v2/train/kamyunet/216864100.jpg,8abbfa1888475b6427cb8f15a86452bfaa1eaa47bbe0da207724d6f16366df4f,kamyunet,v2,train,kamyunet,
v2/train/kamyunet/216909763.jpg,f3ec19c7ad1536caa0dcf0297e36de9d281a047fdec3d8469b50709d140c14d0,kamyunet,v2,train,kamyunet,
v2/train/kamyunet/216934910.jpg,81b278dd797cf37af18fc737b8c4ecb80cbd433ba7e287701499cd866dd59bfb,kamyunet,v2,train,kamyunet,
v2/train/kamyunet/216964385.jpg,0a483ca5f8bd4fdd674ebfb400dd1ab9db3646de44cf6b839dd45cf145b14194,kamyunet,v2,train,kamyunet,
v2/train/kamyunet/216973054.jpg,062422efc44801395a1fc7ab03e15054534f7f42cf9ec17d3c5cdf3d2171ed4b,kamyunet,v2,train,kamyunet,
v2/train/kamyunet/216984996.jpg,5fe6684d1e21988c0bc8949166b7dd2aef2aa00daf68005a24b4e73e6579f2c9,kamyunet,v2,train,kamyunet,
v2/train/kamyunet/217008914.jpg,fed86214f2b2edb9144eb69e9763ffef8ca189e53698f1d8e3ab8835584eefa3,kamyunet,v2,train,kamyunet,
v2/train/kamyunet/217031973.jpg,22309c3c251c36eee9bf358a7baddfcd5608c9ce2c921d04060b4ca474c2e39d,kamyunet,v2,train,kamyunet,
v2/train/kamyunet/217054200.jpg,2a8fcc4ee07a14fc0e49379f2a378e957fa8964ffc1bffffc9922af6620af705,kamyunet,v2,train,kamyunet,
v2/train/kamyunet/217064296.jpg,daa25a4fa31d7615bd118aea0c39f9a5b40f016afdd28e4b742d55a48c0084f6,kamyunet,v2,train,kamyunet,
v2/train/kamyunet/217143476.jpg,5a2f84df0a5089ae8fa8b5fa5c0a38d0c6f248a7d30bd11a918e174bd85df152,kamyunet,v2,train,kamyunet,
v2/train/kamyunet/217189003.jpg,05070490844074be6e696ad1c4f1fc6e099d875f02943f1b0d974208c94e2e30,kamyunet,v2,train,kamyunet,
v2/train/kamyunet/217193298.jpg,75a1cc0d6db3741ff4044a82c544e225f46c74cca7ef6f0bb4f30aa962980b29,kamyunet,v2,train,kamyunet,
v2/train/kamyunet/217194325.jpg,0886adbaecbdba07f27fa2f5de0439590e5cd65e454495d319a79554a0588449,kamyunet,v2,train,kamyunet,
v2/train/kamyunet/217199468.jpg,9e1ffe564f5a601e0061e965127f7569118c7419e87aa33e61e7243771938797,kamyunet,v2,train,kamyunet,
v2/train/kamyunet/217202775.jpg,d922e7fd88d7751794d5935d8c45332d7b456b50d884b1bf482dcb1afe3faf22,kamyunet,v2,train,kamyunet,
v2/train/kamyunet/217206646.jpg,31bcd0f3cf842f9dea3e22e21cec81cca141a85cdb0730cdb354822d5e66687e,kamyunet,v2,train,kamyunet,
v2/train/kamyunet/217328161.jpg,f65856cdd681b1d1f56fc9bdeba62f202784941dfefb2ab953b5158a8ff6092a,kamyunet,v2,train,kamyunet,
v2/train/kamyunet/217624081.jpg,87a8ff47e331265651ba8465b5602e33ca7ee79f05a7d394b1062a16e6ed72e3,kamyunet,v2,train,kamyunet,
v2/train/kamyunet/217760085.jpg,87ce3ce017188689c9258de31d9be40f4561a3be8d707f99fb0bf455cf1475eb,kamyunet,v2,train,kamyunet,
v2/train/kamyunet/217762819.jpg,c1c6def5f9000d285b2198c4ab5d9b36ddf1cbb84325da011c015643ed3cc7ad,kamyunet,v2,train,kamyunet,
v2/train/kamyunet/217763231.jpg,0fba5e496f3cb9d3014d21a91183363f549974636a0c13456eb722327e05f1ac,kamyunet,v2,train,kamyunet,
v2/train/kamyunet/217780037.jpg,a5732eca62b152c137bfcdd30cadd469dd49ba55df77cd145ed5b12aa0c7fe94,kamyunet,v2,train,kamyunet,
v2/train/kamyunet/217795203.jpg,06ad4b245fcc41f8ac6a8fc3c30fad1a48e73104fdc53372b7c09858499b1261,kamyunet,v2,train,kamyunet,
v2/train/kamyunet/217807697.jpg,bc87003daacc1b6ae74c172bf73d4a482ee6c7ad96a879047b29f7882d53a139,kamyunet,v2,train,kamyunet,
v2/train/kamyunet/217859902.jpg,dffd1987b6b307e46d1e3eaa20e812392205aae250dab91f9227ea439e64c3e2,kamyunet,v2,train,kamyunet,
v2/train/kamyunet/217914514.jpg,3da96c6b1c79e353f5414935e5ad828f632f5cef24393d6c27e4c495c34d1d6c,kamyunet,v2,train,kamyunet,
v2/train/kamyunet/217948136.jpg,c8b050eb9a1a4224f2d997fa962a9120a42f366bcc3b0b0a7278f9d72b073049,kamyunet,v2,train,kamyunet,
v2/train/kamyunet/217958045.jpg,f19eb3a18ffdd26ec0a51c030ace9acda93d5011cf0c500cab8640b7efb19307,kamyunet,v2,train,kamyunet,
v2/train/kamyunet/217970390.jpg,5661614b4c3ba4722cb0c4c2f69a276121ff758ce9a9324a79772cdcabd9f2d9,kamyunet,v2,train,kamyunet,
v2/train/kamyunet/217999922.jpg,cb6ce31d42ec2596df54428e5d02ce7d37bb1ae08c6474a8049868b44ae6141f,kamyunet,v2,train,kamyunet,
v2/train/kamyunet/218063376.jpg,592aa7e919c6f7f7f1e25b6a6a15caada55bcc914ce377d1353a905720f123e0,kamyunet,v2,train,kamyunet,
v2/train/kamyunet/218065087.jpg,11a62bf86fa14cba138e488d4b450487b47ca73be9db3636f70316c3f6054717,kamyunet,v2,train,kamyunet,
v2/train/kamyunet/218071562.jpg,ed7fb28f659c809bdc16a526453ee798450ae958182ea2249059f863de723204,kamyunet,v2,train,kamyunet,
v2/train/kamyunet/218137882.jpg,e4e23d74c6da7bd6d33adaf8a8c2754fde9c127a5c7dda98195e19cffc73d93b,kamyunet,v2,train,kamyunet,
v2/train/kamyunet/218166349.jpg,c55388569a0f7679136cecebd0b5284696f038812d4ca82d0a5bad170b5f39c8,kamyunet,v2,train,kamyunet,
v2/train/kamyunet/218178501.jpg,1ac6171155b6e9164a395b719f360d5d46982834c52e7094ab44ff8e04337fe8,kamyunet,v2,train,kamyunet,
v2/train/kamyunet/218206459.jpg,37c683b184d3a253ad10fafc41831245f5b5b501454dc7ca1aa1bf52fd7e527c,kamyunet,v2,train,kamyunet,
v2/train/kamyunet/218324130.jpg,12ea082867bfb144944606c9b5ffa31fe92701f15b86de6e75e9e53cc98b4fc6,kamyunet,v2,train,kamyunet,
v2/train/kamyunet/218324880.jpg,c18dbed9da20c699f951af0c9baddf055e99be2ffa0b26f3ffc2b7219065bc17,kamyunet,v2,train,kamyunet,
v2/train/kamyunet/218410038.jpg,552cca3ef616380e6b76a86088217a480f78e73aa47b00397e3941b474c6fc95,kamyunet,v2,train,kamyunet,
v2/train/kamyunet/218482181.jpg,08cd34e97d8af9a419270c7d03f1f2e642d455327cbc7d5590a5b66e0c9c93b3,kamyunet,v2,train,kamyunet,
v2/train/kamyunet/218541002.jpg,5683fddb91b0734c5fff6a0b6ba2bef36bba18b44e68fc69902e9c8534f2659a,kamyunet,v2,train,kamyunet,
v2/train/kamyunet/218596985.jpg,26e5d9e20bb6e2ec7dd4c45ef79aa99771de059e0cbe065761b0f5e7a69f889c,kamyunet,v2,train,kamyunet,
v2/train/kamyunet/218713895.jpg,60bc03defdbd4a7d9ffc43977d7c6b223246ff6a4dcf350b85e7a59313219bbb,kamyunet,v2,train,kamyunet,
v2/train/kamyunet/218723178.jpg,a68226efbe44bd62b9d97c1fcada42f12651748c9b971303e4d2b9a5702a19a7,kamyunet,v2,train,kamyunet,
v2/train/kamyunet/218726050.jpg,ed6f80c6cd354ce2c40ee79cb506f04e3a091d8c6d1535e297722673787549bc,kamyunet,v2,train,kamyunet,
v2/train/kamyunet/218727216.jpg,f2da38259a72cae30b43d176a81372b2c996848e14892888f60099975f7191c7,kamyunet,v2,train,kamyunet,
v2/train/kamyunet/218756122.jpg,aef7b5eb44d5eeb41aac09459e990d7161ffbf8d2c8c87fc1d939428dceeb03f,kamyunet,v2,train,kamyunet,
v2/train/kamyunet/218804420.jpg,7691fe5c037a983c619a88b442cfe387b8ffa77fb7ebb7e21167590a15c5653c,kamyunet,v2,train,kamyunet,
v2/train/kamyunet/218813969.jpg,a0d4c23179610a7fd10e277f20dd6cd7264a9052c802e0e3ddcb6eb05b4ac75c,kamyunet,v2,train,kamyunet,
v2/train/kamyunet/218825517.jpg,0e08b85c2c1562b16a7de80f21b0aa31c3f8a47cc3042156c496b2a628c24252,kamyunet,v2,train,kamyunet,
v2/train/kamyunet/218866893.jpg,06d5cdfe2ef11c296c3d8a331467e0d2f0fb71b6ee383959b032c28c4ddb0c7a,kamyunet,v2,train,kamyunet,
v2/train/kamyunet/218872188.jpg,5de9db89efed054c82f943b1f6d3c3c0bdb500dc6116783600085155e976df92,kamyunet,v2,train,kamyunet,
v2/train/kamyunet/218878704.jpg,d9b9291ac882b02275ff525ba5b2ff0ff4084f6b43aa9b1e32b970e2606277f9,kamyunet,v2,train,kamyunet,
v2/train/kamyunet/218946635.jpg,51589986689a0684fb98c8fa478a013dd7e4c5eedcbb02cdaebd3697fb05880f,kamyunet,v2,train,kamyunet,
v2/train/kamyunet/218965460.jpg,e92dd80f32686862f074ef76ebd2c8680e7fc7edaa694e765a94e033013f13af,kamyunet,v2,train,kamyunet,
v2/train/kamyunet/218973447.jpg,ee7f4119a65be0600ab977bd6b03e4df60dfb2741f3498283b4b908ddd727403,kamyunet,v2,train,kamyunet,
v2/train/kamyunet/218974741.jpg,ffe09c1bbd422061e0f78d764905b6a5db43234ad383daf124016c134d3c89eb,kamyunet,v2,train,kamyunet,
v2/train/kamyunet/218983938.jpg,0899275e5ec9033b63c7e4b5a386c425b2b9c0b413f0f706457b67678451dbe9,kamyunet,v2,train,kamyunet,
v2/train/kamyunet/218984813.jpg,bd6c2b5790a2f976af5ae4f7391f622a05323af0257a48b39109896b2520178a,kamyunet,v2,train,kamyunet,
v2/train/kamyunet/219008632.jpg,2d0ac15b048dcfc8259717f0dbda87f32bf45381f5bd7107418c338a87476262,kamyunet,v2,train,kamyunet,
v2/train/kamyunet/219008707.jpg,af171c8e733c95e157190187c0a956133bc51c4d9598a55ff6bb5964178de8e2,kamyunet,v2,train,kamyunet,
v2/train/kamyunet/219011995.jpg,6b1b5a216b6085aa14b2c6eedae4196c0cbb7501231eb1d067e9f5a208ecdd7a,kamyunet,v2,train,kamyunet,
v2/train/kamyunet/219021636.jpg,c941741d0566f5b7aa501ab17488cfed3ff1c2ceff3a329cd27baa0baa150025,kamyunet,v2,train,kamyunet,
v2/train/kamyunet/219060424.jpg,a80acfad922d6742558f9ed8efb7cfd099976d23ccb714de184fa6305921939f,kamyunet,v2,train,kamyunet,
v2/train/kamyunet/219069952.jpg,02ad1a6be126a8eb580bc19ace9561a8208e670a67996a48b9d10271fac04320,kamyunet,v2,train,kamyunet,
v2/train/kamyunet/219070364.jpg,31c1fcfeb42d42007774709e727564854867df6e824c071b29be3d5c40820998,kamyunet,v2,train,kamyunet,
v2/train/kamyunet/219114546.jpg,4997f33e72294f5158ac7dc1b7f8bf057310cb8183c9122a056549f309b04ae0,kamyunet,v2,train,kamyunet,
v2/train/minibus/197142055.jpg,252d237f4cf25148335c51714926610e019135caec8959fd2a1ea4284c91afb2,minibus,v2,train,minibus,
v2/train/minibus/210108171.jpg,180fd4d8608e65c24ded4eb04aa81187222dc2a8d5a176ae80a01145b7cd064d,minibus,v2,train,minibus,
v2/train/minibus/212142103.jpg,b28229fada2598fa725b8428c5d736acdd8bb215bbec1501b5142cb5d2238926,minibus,v2,train,minibus,
v2/train/minibus/215143612.jpg,8f6f29b9f1fa2fa5e18d86cdbf87009e006557bb953d17be878b760dda51b621,minibus,v2,train,minibus,
v2/train/minibus/215984229.jpg,684f1f0141eaa2a02b592104377ec7e37d1b0252b398fc45b9c5c6f0fc28ce65,minibus,v2,train,minibus,
v2/train/savari/195461114.jpg,e5ffc2c6808ea312c2678277d00ec845607b665402a52c9bfb60b027b6a6f28e,savari,v2,train,savari,
v2/train/savari/195586052.jpg,d016610ffb4aa7f04e898cc8ae396c3295ac9d4cf71bda6d0b7c4f42d78c77ba,savari,v2,train,savari,
v2/train/savari/195911472.jpg,be867eaab03174881dd0fa3bf9e037900e7727a9eb79137edc91dacbc2dcec68,savari,v2,train,savari,
v2/train/savari/196477980.jpg,dac230ccaeeaf37b5ab01298ef453c800f6971ad8131298e112d294cfdcfa1ca,savari,v2,train,savari,
v2/train/savari/196601379.jpg,4fae24d740e22df7a0b1351efab788d7c9be4cb0d15f4cc703fe5313449a7d7e,savari,v2,train,savari,
v2/train/savari/197021107.jpg,5c84bcd319e96f09e3776d54e9cbd6445de511b2d2a52272b2eb87289bc40396,savari,v2,train,savari,
v2/train/savari/197381955.jpg,51b975489bc787ed142847e23b4881a4a9c5dd6b101d4dbf09fcccef71e98ca7,savari,v2,train,savari,
v2/train/savari/197668390.jpg,b0d15bbcbd046c6fb1769589738e5b8b9d29c49d172da36cac614d64a3ab7f52,savari,v2,train,savari,
v2/train/savari/197695504.jpg,432db6496e02aefa84a4424a7540ef209d2fcef50e4e6611053ab72f78afe87e,savari,v2,train,savari,
v2/train/savari/197816467.jpg,922a9ccf30d60c011950ef4e429d1a71131e6c78d5af9b47c1f3519c4125f4fd,savari,v2,train,savari,
v2/train/savari/198221838.jpg,a04f9d76072ace16f0db5c92b2b1a8edc150c769ebc33ccc7e56b68b6116c005,savari,v2,train,savari,
v2/train/savari/198224561.jpg,57c5ed3d25aa6c2b730b1ae40d2bbe1568ab943a082170c8147e90c6bbfee5ea,savari,v2,train,savari,
v2/train/savari/198334045.jpg,6e17e17230761319b76be0c6bf2be223e4fa5c89519b517fcd8dcda3a8e8ee25,savari,v2,train,savari,
v2/train/savari/198385679.jpg,cc2085d39bc9c8ee1288f353290049eafe55b914777a630e07c35de933fe8028,savari,v2,train,savari,
v2/train/savari/198508281.jpg,86d3d6f507f9ad870227c0a7057ce160320af6cadc07cf21f4001d0515e0f08b,savari,v2,train,savari,
v2/train/savari/198701356.jpg,8589248376f6c3b576d5e1fb355060ad344c0e9638554cef44c4c7723c56253d,savari,v2,train,savari,
v2/train/savari/198734860.jpg,2d41d8e5eb1617608a050e23c6dd5062053116dcc3cd89ea0b1ed9d7c659abe1,savari,v2,train,savari,
v2/train/savari/198929401.jpg,c816308c55d963e96a986b0c35e71ca2c0596035ada268affe61efb576a022cb,savari,v2,train,savari,
v2/train/savari/199057130.jpg,a5b946e59140cf3aed9d1851b650dc4218a9b212ce29da28fd651af1e0e1cccd,savari,v2,train,savari,
v2/train/savari/199256640.jpg,783103eea56862261d5f164366c0fcea6929d7f25832586dc3c9087566276c9f,savari,v2,train,savari,
v2/train/savari/199300081.jpg,99274be80c087772cebc3c2aab3441b754a6d3d67328e4b9d4fad3ebdc692970,savari,v2,train,savari,
v2/train/savari/199702972.jpg,ef8062cc9b51c556897361663bd878cff65b250e1ef07152cf916fedcbb5c629,savari,v2,train,savari,
v2/train/savari/199827467.jpg,72e48eeb31f9113ca3de0ed3200f9a458440914aed4295c81473bdb269ac46b1,savari,v2,train,savari,
v2/train/savari/200121154.jpg,7226199368dc317f7be970b444b38d363f97b2369bc33fe490df83f789a48718,savari,v2,train,savari,
v2/train/savari/200868342.jpg,c1c6750a637802df4dc2525a3a04a4f2167bbce9501dbe1cb2217b111eac3945,savari,v2,train,savari,
v2/train/savari/201730625.jpg,deae8c1b61b07bf5d16767c27cf924d15c29bc21a95facfa6ca796d2c86f8721,savari,v2,train,savari,
v2/train/savari/201797319.jpg,80989e66e1d5f1ba68c0d1657786a61240ea2b54d5a3200caeab02a35f8a3b8d,savari,v2,train,savari,
v2/train/savari/202041863.jpg,42676259abdf9cad236f2892ade20c22524c86d30f4b8992a932905d9b880a2a,savari,v2,train,savari,
v2/train/savari/202772152.jpg,79fb67f9658f9d4a4b9afe3f6dee529f59dfc12150c633fbd465c6a4f37047ea,savari,v2,train,savari,
v2/train/savari/203730891.jpg,e82434ede89c46443a5e053906231222b642776c79a5ccabd32b0533043663cf,savari,v2,train,savari,
v2/train/savari/204792146.jpg,267a84de15d416d26c739d5d88588ef5751c3c0445fe557445967b877d1a2557,savari,v2,train,savari,
v2/train/savari/205009323.jpg,9bc74c71fd55fe8e12af0f977af32196cf18320b4efce5f0480d4d4110f93690,savari,v2,train,savari,
v2/train/savari/206027281.jpg,9722a3b740a1687c120a7cf93c22552c0afd4aaa8d0ca7328c829a009fdebe63,savari,v2,train,savari,
v2/train/savari/206140594.jpg,56de9fb6c039ba2638f4857dda572ac45abaf1bbf4bea45a3609140ddacdcf80,savari,v2,train,savari,
v2/train/savari/206290018.jpg,ede09c07687595b08a54599ea7c87eceb735413fa70bfcb6859efd5fb83019ca,savari,v2,train,savari,
v2/train/savari/206420263.jpg,6109ea1194a90df10a8b0ff4ee558e9642cd8366065f70bd62b939e5f7740485,savari,v2,train,savari,
v2/train/savari/206523590.jpg,7bd180c578241c0698ea75832e97885b1d8b32118df659d73582450721c81dea,savari,v2,train,savari,
v2/train/savari/206803325.jpg,52b14a8166cc802012786983a319f71d6ed0d78aadaff7d04a00a95f9f4c3eb0,savari,v2,train,savari,
v2/train/savari/206858481.jpg,1e1908da04a71ab65f11bfb86a3e8c47ea1c7f2c339e9a383eb2c7cf665619df,savari,v2,train,savari,
v2/train/savari/206925163.jpg,7d447c263bd47e6f19175f054ecbe0cb55c8f5e46d05adea0ec194fef62dcef6,savari,v2,train,savari,
v2/train/savari/207759852.jpg,3037cf9358a0fb23dbcdeb837657270f07ce5919219e8f85941768423246005c,savari,v2,train,savari,
v2/train/savari/207814911.jpg,aa3ffa104886bc0bd0e9271aaf00c6343c4272e4cef8d9cc97a36854bafe654b,savari,v2,train,savari,
v2/train/savari/207849789.jpg,9d671db2e6c282b686be224847de15be14b191c49b6da935a9e63bc5569c2da4,savari,v2,train,savari,
v2/train/savari/208090232.jpg,e2eb472f8565bef6ccdef3ecae047677dfc3b6627026b1d0a8f23c6cd66b3ddd,savari,v2,train,savari,
v2/train/savari/208355250.jpg,d808c17ae683ec3755c4e28c366640e28d957b97cc817c4bb991c374f8169a49,savari,v2,train,savari,
v2/train/savari/208516040.jpg,dd550a9e5f43418ec0553552edaae4745f7fb74ab0fa7a0e9278e76fdea3ab61,savari,v2,train,savari,
v2/train/savari/209111011.jpg,058c790a09794802884d773e38ab0a701428714a6f467e2b456913d4e0e870d8,savari,v2,train,savari,
v2/train/savari/209117376.jpg,5e2c594197972cee9936d0167b20ce3f6c5cb1fd7c2495c3cd036b93320ae950,savari,v2,train,savari,
v2/train/savari/209285270.jpg,2548fce28f4eea88b14f0412fcbdfee991fd0a6568ddc7a1a329e2387c980f6e,savari,v2,train,savari,
v2/train/savari/209403185.jpg,79d9b33e9ed63739965be1093fbeeca03ab6e2e4f2126ecaf609a97d75a05b2f,savari,v2,train,savari,
v2/train/savari/209527831.jpg,7cab0995d378d26fa0667182c7b80acd2c4959dbe2daca562408f35c9dddcf50,savari,v2,train,savari,
v2/train/savari/209847217.jpg,8e6f84117b94276e5b50b61f82a9500bc26732a0fc31e8299939aea3bcef0935,savari,v2,train,savari,
v2/train/savari/210379387.jpg,cc67377b5b265dff6b5f8e813f6ed97b9a8c1d73b15cf15051ee689fab6b1021,savari,v2,train,savari,
v2/train/savari/210403204.jpg,674964217cad5b350aabc4c45366b1fa0aaadd858925cd320060c26133d02568,savari,v2,train,savari,
v2/train/savari/210488078.jpg,644b85927280ed5567b5bdc74aee582b130ef663f365b0b933f0f7f1984d238d,savari,v2,train,savari,
v2/train/savari/210771543.jpg,a80d20b525effa343c7c7d085b575f1d8e34bf1d69c181fb0b400414660347f2,savari,v2,train,savari,
v2/train/savari/211163295.jpg,921e9b4aaa8e6f9cdea0179d6318aa7b5bdbb0d82d2c4345e72ec42a210bea3c,savari,v2,train,savari,
v2/train/savari/211295182.jpg,a8db6375e3dc9153ed68921eed41828db744368e0597b3fde55e27f5bee86fb1,savari,v2,train,savari,
v2/train/savari/211395884.jpg,a5dc76ee0849aca304c16387d82b9975cbcd51c7e1e4956ec7fce95a2abd08ee,savari,v2,train,savari,
v2/train/savari/211425180.jpg,5c148820a9b27b2e65fa4ddac154ecfae336f1c368a98d1ff9a2cff55fb4c2d6,savari,v2,train,savari,
v2/train/savari/211480297.jpg,a40996e3b5bbf06fe5b5208b1592c4382c45717b5a39160bad79f34f778aad5a,savari,v2,train,savari,
v2/train/savari/211483910.jpg,21f120cca65ce99ec3121a8753fccc978e2e60e51fe445f2fc01d750d02f414a,savari,v2,train,savari,
v2/train/savari/211574020.jpg,2cd0eca755882a051994677da35a276fef519a35b017dd358bef271ca04808fe,savari,v2,train,savari,
v2/train/savari/211932573.jpg,cdcc7df92b462e7eacf1e2bcbaa2d757b9c5a774a0b2d49e28f7e8a19c8f9733,savari,v2,train,savari,
v2/train/savari/211951629.jpg,ff27512e07a4c379d6b3567519f880ecc88e750fca6a89dae525a23851066950,savari,v2,train,savari,
v2/train/savari/212001568.jpg,35cf159a9799272113e154d44b09368240a2ab7a40e37b46638a3692c91c8a26,savari,v2,train,savari,
v2/train/savari/212107649.jpg,2b02d7055377ee29bd05f2eb379b42ef13e275d38e82f570a09001af0e11eaa7,savari,v2,train,savari,
v2/train/savari/212311889.jpg,9fffa6238d780c608c72b33a1707a700f987c22599f4b40c9a7d36943a4ac191,savari,v2,train,savari,
v2/train/savari/212364016.jpg,a1bf446c921f7d36b7f617fcb4ccd5b539f0fc1ea986b1c8863aae632f9c3c0e,savari,v2,train,savari,
v2/train/savari/213059955.jpg,5efb688030cca4cf6d44b226a4da52c34fce643a38acea680aef5f57dc14eb2e,savari,v2,train,savari,
v2/train/savari/213179580.jpg,f93102806c1bb98bfd6981b677cbf19387246c021fc58775b415fbac16821870,savari,v2,train,savari,
v2/train/savari/213228565.jpg,1964ad884c0bd45d65eb5c54554dbe63e9c21978767e6ad78dbea5e3b2309541,savari,v2,train,savari,
v2/train/savari/213298031.jpg,f0de9cfc6c141d497be8b3e44358649a49b6c2093fd222f8ac141ac63d798a0f,savari,v2,train,savari,
v2/train/savari/213322591.jpg,8c150b88f8edf7aec282357d67639bc5ee293c8267e9a7b6987c54339928a498,savari,v2,train,savari,
v2/train/savari/213336730.jpg,8c7537cbefad9c06f6f741c48d340fa538c3bf8919e8c9a6b40f59ad9dd161fe,savari,v2,train,savari,
v2/train/savari/213545578.jpg,cc87231d82ad6b2b956e8a76ecddd19f653ce8371545fce821fe376150af05d2,savari,v2,train,savari,
v2/train/savari/214391601.jpg,90281e2b373f27bf49e95c4d5970f1a466a296ca499a0d56e8eb93c123acb9b4,savari,v2,train,savari,
v2/train/savari/214535283.jpg,69ca4e81934bd2853c92c2fb142a4215f1c68552e3d1e13575bcf3f45f260dcd,savari,v2,train,savari,
v2/train/savari/214690824.jpg,95eb36aa28dce72a3fae59468ea645fb0ad0afc4a045b864f7fb9917c0be1930,savari,v2,train,savari,
v2/train/savari/214754706.jpg,9c9eadab6455a7ae03409d56a807f1968edb27248726a2e59980e409c63a007c,savari,v2,train,savari,
v2/train/savari/214790427.jpg,4a4b61b71e054230c11663d3dffa5df284513c88097bc183087b49d4d54fc245,savari,v2,train,savari,
v2/train/savari/215062582.jpg,0795202f879e25976d94bcb238d069d3ef499009685c22590b88c0094d214fe9,savari,v2,train,savari,
v2/train/savari/215476329.jpg,760dbc42dfd1544cf968d8ea32285ce06cea9ec63ff58544ab868ab369d3888a,savari,v2,train,savari,
v2/train/savari/215767529.jpg,a9dd6655ab0ba8afc503fe377589073c67fd3fbf259bacd33ae7c3c235fb7d67,savari,v2,train,savari,
v2/train/savari/215841797.jpg,318a8b46640747fb7ee5c7efef4c4ade36e869a7b89af2bcce4149cbcd7b273a,savari,v2,train,savari,
v2/train/savari/215962276.jpg,49543f9e62dc58f2443f5e980d89a9a5779dd1a611a0486a93fd5b1ccd12b411,savari,v2,train,savari,
v2/train/savari/215997280.jpg,c9287ddc6f15f40b54f774b472f8da0f3bd84b2dd67562925a17502c03fe71ad,savari,v2,train,savari,
v2/train/savari/216120769.jpg,cf174c39aec31262c3bf3604c06c99932a2a02ad945b022bb40266f3633cfc29,savari,v2,train,savari,
v2/train/savari/216121140.jpg,115ec992b400a36afa5ed801ba6699644228b823125c3c137a21d8b9805c4e1d,savari,v2,train,savari,
v2/train/savari/216155616.jpg,7d8f5cee343f078c3736b62242d0e82f23da8d85000ffc3e42bfab80f367d110,savari,v2,train,savari,
v2/train/savari/216157894.jpg,028c07ae2a448637206830917231b916704b6d9116cd5358e0e9d9c0247b7d3a,savari,v2,train,savari,
v2/train/savari/216182368.jpg,2a415fe0e9d02dfd3469fbc979b282ff9d5a28f6b562988aa2c92ce19e66915b,savari,v2,train,savari,
v2/train/savari/216232087.jpg,e249ef173b5c8851bc085b4e57b5d568f6017226a46c56f4c6900fdd7f407bee,savari,v2,train,savari,
v2/train/savari/216234933.jpg,d6a1d3d6fddaf53ff520a0c9f7d4323022e4a8595d4ebc510e4740b06843439f,savari,v2,train,savari,
v2/train/savari/216418770.jpg,0569411bdda5755f4c3e6bd35214fb391dc330c38eec4c672b684dadfa578436,savari,v2,train,savari,
v2/train/savari/216423320.jpg,7c56bf33b27cd13af199df5fa118bc902b00e77f07c1742ec0b0728e6973581f,savari,v2,train,savari,
v2/train/savari/216426931.jpg,79c5a937d361786fa5fc31876153fde9b8a7878c574597f59284f63644490370,savari,v2,train,savari,
v2/train/savari/216522104.jpg,007a11f076925cee3cd1b9d3913a69ea2e54f4add2633a8dffb1e22d06df9a25,savari,v2,train,savari,
v2/train/savari/216562677.jpg,8f1b2e2810ee20630e96feeae2bd7edcd6df972f8f899e1f5311e4db01d791c0,savari,v2,train,savari,
v2/train/savari/216585891.jpg,4951d3a52d839d0f34106955d5dec3df10252ca04e9d7fce33c52eed9e01e296,savari,v2,train,savari,
v2/train/savari/216621071.jpg,bbb300473f97de5827db404284a87d5717ab1f12873a571051fb8103db6379a1,savari,v2,train,savari,
v2/train/savari/216623020.jpg,820430a6483f0e185a48345c8de99747769d47161ecf7fbd370e1be2e1bdd09a,savari,v2,train,savari,
v2/train/savari/216624283.jpg,75104c741f4417b9a647f4fcf879f54af0ca8ab05d768a8d9e9ce769bbf14d3c,savari,v2,train,savari,
v2/train/savari/216694598.jpg,c02af03ffe03aac9be99dcf4ff1ffb2a402de13245ef2c74bba28494ebc1ea34,savari,v2,train,savari,
v2/train/savari/216722981.jpg,34da1d74a3e1aa225e92247e6f2020f2730d6a32de8e7fa4daaa525c674c6de8,savari,v2,train,savari,
v2/train/savari/216767197.jpg,dd46af75a07d4f4b52b94ebcefd8ec7d05a2901002a442d3b43052929e26cdc9,savari,v2,train,savari,
v2/train/savari/216809812.jpg,cd5bf92bda9b0bfca9b8df35fd06170890c91350e329c9034fd015d3dda2c32c,savari,v2,train,savari,
v2/train/savari/216814138.jpg,4a90d70a23e27c846904ecc3a9c15d968c1ece3dabf6071d3102544452e7a27d,savari,v2,train,savari,
v2/train/savari/216826110.jpg,29f9322d38b7b406be5b977349c9fb5596bffc6bae080a9f3ff524c073e2c84e,savari,v2,train,savari,
v2/train/savari/216899188.jpg,8aa9b72168cbca5c0bb14d16176930cc46ce53418ad0e4d1c8b17f141b593452,savari,v2,train,savari,
v2/train/savari/216912005.jpg,ef6240ceb19b476a37ae9f06f5915628947becffa1032f6edb8cc0fa37517732,savari,v2,train,savari,
v2/train/savari/216960089.jpg,b134b60a15076ade171e2206db7b57d2f0dad9612b396cd756bf3dd68f99c838,savari,v2,train,savari,
v2/train/savari/216968563.jpg,1dc16b582177feb6f55f26cebecd76a561c53cb90dbce0129daf8091ba2d7769,savari,v2,train,savari,
v2/train/savari/217026272.jpg,aa20a688ce8a67378d0e1e6c3e07ef2299a5ee91e582ff7165a5893f70cd73f4,savari,v2,train,savari,
v2/train/savari/217054235.jpg,277122f76e15474a278a204923b4f240b0fa225b7552e2035699b096ead8d8e4,savari,v2,train,savari,
v2/train/savari/217066965.jpg,8cdb97ef6a4ea7ddecf12670c665470209849802a77358a868e9fd6cba9cca8b,savari,v2,train,savari,
v2/train/savari/217128837.jpg,b1ad9759530d4755c114addc4629d18bf1d0a973ea32b1d1fe26a865404fe2c8,savari,v2,train,savari,
v2/train/savari/217203738.jpg,60c4f0cee0bcf970b5fc2fc9c405d8fd6024912fcb13f59c21c6bab77bafa031,savari,v2,train,savari,
v2/train/savari/217259942.jpg,158d5f44b5bc09eeb5dbbe4b61c2870a082f14337a8cf058269cfa0c340dfd7b,savari,v2,train,savari,
v2/train/savari/217266476.jpg,9cab365543d647dce9891ef2085415762c118a6c5edff252597fb17dfd6c140b,savari,v2,train,savari,
v2/train/savari/217267545.jpg,7f1c595d828d20d9d5d61600c897ca606e2e055ecafba9b1351f50bff258ad60,savari,v2,train,savari,
v2/train/savari/217280199.jpg,5dfd969440cc951c17e47de98945f029b0c31e02bd0a289485b421f3bef9340d,savari,v2,train,savari,
v2/train/savari/217318570.jpg,df55ef87fd3fe500c21ff5b0bf37c0769714ce69b8ea3b0c326fbb13e7661ab5,savari,v2,train,savari,
v2/train/savari/217403096.jpg,7d134b30456c6c31aa224dd258bb1cfebac58251eae892a091c84ff000aeeffc,savari,v2,train,savari,
v2/train/savari/217560232.jpg,f9d2566a3cb4a0263628aea06ddf30ef769a6d38368b3df854a774ca19f1ec11,savari,v2,train,savari,
v2/train/savari/217617097.jpg,2855482314a0adac6b62b0ae7570f39f80972af050581e39f2a966399f19ce8e,savari,v2,train,savari,
v2/train/savari/217755103.jpg,2e38936267b3a13dcb00880fcbffa8d8cb670f89f3b27218d05625b8eab79774,savari,v2,train,savari,
v2/train/savari/217939245.jpg,bb82728830fd225c1fcfd36b95790627826cca1572b3cde99e23e515e423e377,savari,v2,train,savari,
v2/train/savari/217985851.jpg,6912a74f331603acd5c553a58d317d4f9a90dd7b64e627e538a365905aa625ea,savari,v2,train,savari,
v2/train/savari/218051598.jpg,b858003770f020c02d78a4a1cf1cde9651ea9f6150aaba6f1dc402c5c04b556f,savari,v2,train,savari,
v2/train/savari/218055833.jpg,359fd0cd185df810a01927da34430b915b81a1cb6aa93630c9d5442a0513c6bf,savari,v2,train,savari,
v2/train/savari/218187376.jpg,9d65cf035f5de7d77a9fb2de13eea1ba9abb11e945bacda9c3a0679c9a252da4,savari,v2,train,savari,
v2/train/savari/218220982.jpg,91d3fba09db0c46000129c87453d37838d677e88f8fa7f37374d08a85c67fe96,savari,v2,train,savari,
v2/train/savari/218224358.jpg,d99c1a26bf58083bd85e5186d1bf574e4fc7f21364b763acad45f029be35f75d,savari,v2,train,savari,
v2/train/savari/218266205.jpg,3f309f8be039cfcd63f670629cd737249df380a9abb96feb7a9e19eee04f7316,savari,v2,train,savari,
v2/train/savari/218307934.jpg,8aa5b3ee7c3b120b74c772e040008e2ca685f353899537225f9b9da56c9482eb,savari,v2,train,savari,
v2/train/savari/218328926.jpg,f280823121db1b604f4bcdd84f51579b1e199012292f87f9e68e6d439fddc9cb,savari,v2,train,savari,
v2/train/savari/218335799.jpg,8c7e59e495a2d9840b7ca4c4428d07c1d58adc28fd2f7fb64c9c4caf429f47cc,savari,v2,train,savari,
v2/train/savari/218493796.jpg,138c9d2dc3319b656d0ffec59b4181a7308af603d5ee48601c77c8a8ccfde0e2,savari,v2,train,savari,
v2/train/savari/218545382.jpg,805c9a156173a3b58455516411906f312dacdfc108ef5ceb5204071809d919d7,savari,v2,train,savari,
v2/train/savari/218569012.jpg,7dc94d5f03080cbac35a1a636f4cb62097245acfc0ca33d5ca5fcb7b3ff82b65,savari,v2,train,savari,
v2/train/savari/218569843.jpg,9bf887b357053c57caae44f6883e196b676b3e9d199eb778eb37116a2b5b7f1a,savari,v2,train,savari,
v2/train/savari/218584705.jpg,d323e51e11a56322e597054605903ca36ba9b3d4577fafea23d8a18679fa94d4,savari,v2,train,savari,
v2/train/savari/218591795.jpg,7ddaaabd70a172dc8ff7728eaee66d1eed301b824a36de46e411045b83dd51f4,savari,v2,train,savari,
v2/train/savari/218641908.jpg,6baf45ccf1bac556cddab085380db233e839092c3b6e565d88d5ae556a770654,savari,v2,train,savari,
v2/train/savari/218681566.jpg,8dd10e84b3fb8d43cf56a9b50e2ce87c7957852e95b1c8bcfb98dc675d7c3a34,savari,v2,train,savari,
v2/train/savari/218692987.jpg,14ddc124b8ca05d0f1c97bcb692704e2c21ab96e41aa45254be257115687adfb,savari,v2,train,savari,
v2/train/savari/218721508.jpg,86a4f81632133817770b8135685ac32bd6cf577f005a5ee9a2b34eff5fa0dd14,savari,v2,train,savari,
v2/train/savari/218745573.jpg,13a99d4752c52202332a81f0b38dc0b4a702dba74dadbc362f0074b23a5a664c,savari,v2,train,savari,
v2/train/savari/218745687.jpg,da85705de5e4eef9d001a7ca484454706e83d657152b498a2d5a790f884e9817,savari,v2,train,savari,
v2/train/savari/218787990.jpg,668d79ba5f597791c1335c3c535dd38acdbfe6b374b7041d7706c75132f38229,savari,v2,train,savari,
v2/train/savari/218827119.jpg,b3ab80ccaf7fe1a7ea6d4398d10edf2bb9dad7d4af2f95e4eba791dea95f5e25,savari,v2,train,savari,
v2/train/savari/218868809.jpg,f20ca188cc223b23567f1728575f47bec4676e65ff1ac7ff8034e11fa835f869,savari,v2,train,savari,
v2/train/savari/218899462.jpg,cadc714a0950c2ed2e1bb1d9019464c2bff0e4c509c3aef1882c84068e34796a,savari,v2,train,savari,
v2/train/savari/218943099.jpg,9ace28d550fe0cba8adb9e4f7b6ab12b9e3e495a64c8926638325aa4580b51b1,savari,v2,train,savari,
v2/train/savari/218949284.jpg,977e3b13d9d26f91bdb69c1e09c9d622262feb3c6b0d9c37ee0c1be7965ce5b5,savari,v2,train,savari,
v2/train/savari/218953537.jpg,1da51714191f7471215e2da650d61e6a7da28e52f69dbdc33ac6fe580fcaafda,savari,v2,train,savari,
v2/train/savari/218958124.jpg,b90dbd17dbd42ffe0bf0c74ba6c3df46d5a4378f6b08f120e3035850a2a430bf,savari,v2,train,savari,
v2/train/savari/218987822.jpg,16b33f6321a31f40f8a3681f870be175f4dc857dc69968444f03ca470fcc335f,savari,v2,train,savari,
v2/train/savari/219049738.jpg,c2e7bb831215942dee1726fd7331f0635a979557ec3492eb69d06a93f870d642,savari,v2,train,savari,
v2/train/savari/219084529.jpg,ac8e3fa0bf36022bb3155ed1e9e0923bc3c24cbd62d094d78ca35fe57fe6b6e7,savari,v2,train,savari,
v2/train/taxi/193797292.jpg,48f71fc7b76a5569afacde26a47fc06471ebae6bd2d56fd9c993edbe4b0d8382,taxi,v2,train,taxi,
v2/train/taxi/194297941.jpg,ee991268beabcf7b72189cc2c8a56384a0e2c7ef8553a9e23306e33094f851d8,taxi,v2,train,taxi,
v2/train/taxi/195141634.jpg,1d1300b12e49a57456800beddc0af549b507fc1999381a954f08ce2a4ba8478b,taxi,v2,train,taxi,
v2/train/taxi/195273350.jpg,234595fa9591ef449210de17d5d8eb8339807228c570674582660046016d0fa2,taxi,v2,train,taxi,
v2/train/taxi/196019684.jpg,0d9f44d1be4369e128cc4d4308336aae134ef218f098405fe41291e68399d170,taxi,v2,train,taxi,
v2/train/taxi/196271367.jpg,94125561b43e5c10c1bae1883a7c0b5c60ae403596763a2b4618d90ac339d88b,taxi,v2,train,taxi,
v2/train/taxi/196711537.jpg,31274121944471733054ad8364d8d6783eeea889e5b4338070edcf6dec2cf647,taxi,v2,train,taxi,
v2/train/taxi/196727449.jpg,2aa57fd9f92b2e1b913685e6cd4b44c9f432f9bd7e8360cd0b3cc0d6e72cebd7,taxi,v2,train,taxi,
v2/train/taxi/196859984.jpg,012de70d69e704a8230fbe35f19367b6eadcba5b2dba76f21f232242c91c66e0,taxi,v2,train,taxi,
v2/train/taxi/196903889.jpg,c3c05d965647a0ab8b8d40e8d37fbcd5402054028760091511f3e78be4d102ab,taxi,v2,train,taxi,
v2/train/taxi/197032336.jpg,c8d9e8b10ead65bfadf391dd224769f873533bcd661cb2a15cd6cedb197ff8a3,taxi,v2,train,taxi,
v2/train/taxi/197408900.jpg,5bedc40330296df61905213308e582d89263bbd734a82a0fdeb91a110fb84a9c,taxi,v2,train,taxi,
v2/train/taxi/198065488.jpg,ae43cd81046701d4eff73466dcba767e1fc52932245ae905e7ffd01bd0ac4f90,taxi,v2,train,taxi,
v2/train/taxi/198289203.jpg,e364c8c35bb2b4fda4a409adcf1a7f095d892d34b1cd1ee045dcc4bbfac80896,taxi,v2,train,taxi,
v2/train/taxi/198459778.jpg,d45158c49ad3032d50185e54ff01e4153f30242db9555508be58a02969ff373a,taxi,v2,train,taxi,
v2/train/taxi/198521544.jpg,dec720a8eaa9a7dc30d14375fefc06c14bd24cc470759ade9f8eef564913a2ff,taxi,v2,train,taxi,
v2/train/taxi/198548695.jpg,afe20ff38c3710a1e9d7a18f095644ea94674f144512537e8b4e234663db915f,taxi,v2,train,taxi,
v2/train/taxi/198633794.jpg,e34c57664df9443fc5d2c4fc1c2e8352a289a04a72843bced476b5745ab3ad4c,taxi,v2,train,taxi,
v2/train/taxi/198935466.jpg,6a4e58c02cb4344d7a0a3d6c979d3b63fdb5f3dadd5ed69a13a219fb0a5fc9ae,taxi,v2,train,taxi,
v2/train/taxi/199039305.jpg,bca5aa3078ce73ecf92c80020a6d8c44f3ed8b948e77b1add9a4606a1295a475,taxi,v2,train,taxi,
v2/train/taxi/199202965.jpg,d572a182c4a9273315330b4770c5f9ee625ff28f4049408dae28010114b4312f,taxi,v2,train,taxi,
v2/train/taxi/199808827.jpg,dc962d2fafe6d0d3dfa5fbe1c087c81c912e19051c61be2b688543aed0c5d087,taxi,v2,train,taxi,
v2/train/taxi/199994844.jpg,f7dd70cee1bdaddfcfc6f614a1d4df6eb3474b22c2a57a8407e05768f4fb16ea,taxi,v2,train,taxi,
v2/train/taxi/200643840.jpg,8255330e8a1a4ac61ef8a404d5c2b52398115b7c8132a49427f44165b434e243,taxi,v2,train,taxi,
v2/train/taxi/211667354.jpg,0f5cb89c3dde7dd822717a1b4a89174cecb8d3788230b4598743fcaf220f3149,taxi,v2,train,taxi,
v2/train/taxi/211773485.jpg,3214354a79860fc7fcf08e34d497aa7449d6df9563076fe464817818deb26c08,taxi,v2,train,taxi,
v2/train/taxi/211856112.jpg,eb063e3b48b4b9aa82ed41cb0e0c1a0588319b0defd1a6927d2e739e91a1eb3f,taxi,v2,train,taxi,
v2/train/taxi/211997826.jpg,5fe52615a198f27440848ee394a3b07223482b6846db13c2a07e819178e83cf1,taxi,v2,train,taxi,
v2/train/taxi/212237527.jpg,2537677e51d354a1e4fbbccef01691bb450f1700f6bd1d1e435b4c33b876699e,taxi,v2,train,taxi,
v2/train/taxi/212354100.jpg,530d8ce46dfd7871ae93479548e5c052a26482b7af3cb1cb3d729a1fe79a2c50,taxi,v2,train,taxi,
v2/train/taxi/212538464.jpg,b746e08f42d623c8b891edc7625c7dea79695e92c4ebd50942b2b683b493b0f2,taxi,v2,train,taxi,
v2/train/taxi/212714723.jpg,3e64107195d6ac1620c7eefc385a63cbfcf9ecd396ff513bc0ccb4ac584f09c6,taxi,v2,train,taxi,
v2/train/taxi/212737728.jpg,a309587c352f704453ab72c1581e8ebbb60dd6acda79084a7db215793dbc2908,taxi,v2,train,taxi,
v2/train/taxi/213163041.jpg,ad6247cb82e9ce16eb37fc3ef604985e22a98648d45ddb3b607151a6f92060ab,taxi,v2,train,taxi,
v2/train/taxi/213169109.jpg,f629a1c647c6284f7529900196f5e537f04be89f9ab656eeb13587604159ca37,taxi,v2,train,taxi,
v2/train/taxi/213219294.jpg,cb81ad4a5022133c0b351a785fa8a05979120c1b38b5ab9601dc0da63dd0e4f4,taxi,v2,train,taxi,
v2/train/taxi/213590830.jpg,6bcd679b016c46039b279ad45f60b91b258b2f33bd777a6047ab48f50e290959,taxi,v2,train,taxi,
v2/train/taxi/213625241.jpg,bb26df835f1265595af32d5cfd112b8a356a6c2e2dddd1edae7f7055f4f199d6,taxi,v2,train,taxi,
v2/train/taxi/214583113.jpg,6e42c128d501cd189df216d5a7dce34b7a1e0ebee8420f57dddcb02965fee75e,taxi,v2,train,taxi,
v2/train/taxi/214612979.jpg,c3ef887dd32fbf178cfd93dfffc2cb29aa44a1a3673261adf6ca8f173b8f1985,taxi,v2,train,taxi,
v2/train/taxi/214628757.jpg,cd24a8f7752d95e84a6663d0ac99265c6be13c6c2e998fdf1849d4d7c19814a9,taxi,v2,train,taxi,
v2/train/taxi/214678598.jpg,4c23113209ad9430d09ac57e8e0084c13f913d6bbf41a2474b83d87b88ee9a16,taxi,v2,train,taxi,
v2/train/taxi/214699680.jpg,4d6e9614de06f8c651b0ab878f9904a9430d5ddb7027d485ca13db153ec1fa4a,taxi,v2,train,taxi,
v2/train/taxi/214738834.jpg,7a8472f2950c8508d3951a02a03126f58177c3278dad09ecf6b81409497df479,taxi,v2,train,taxi,
v2/train/taxi/214741348.jpg,ddd25c9efa92e0d696dc55462da20e2a1e1954144da728a371d0251ca564b8e5,taxi,v2,train,taxi,
v2/train/taxi/214743143.jpg,56e24840f98d22a26f375cc7c70e2d87b08511107891ac0f2872392884a93908,taxi,v2,train,taxi,
v2/train/taxi/214750508.jpg,22e5cffc58c0475d8c54b8f350c72e7a7000af8a9c33a94f7ae216cdbf0ae598,taxi,v2,train,taxi,
v2/train/taxi/214752341.jpg,d4f92328a675cf7511e9dfb2295ae576c99d2413bce8609514ed4cc79c4902a6,taxi,v2,train,taxi,
v2/train/taxi/214804869.jpg,091a7a957e1da97b7eed95f16e6cffbb57ccfc348352722ad34a5eed0a64e00b,taxi,v2,train,taxi,
v2/train/taxi/215057971.jpg,062c458b170b582065d1319c64d24268ac681c1bcd3b1ec44b0248893baf6812,taxi,v2,train,taxi,
v2/train/taxi/215086606.jpg,70833c3d4d0c40a1893d78d7b1c5be5000fd9e26a494118b9fa0ef1dd004ab3c,taxi,v2,train,taxi,
v2/train/taxi/215098353.jpg,bb7218be47fd3e89a51b84750c89411ec3184d34fec3529b73a64f77a9c09066,taxi,v2,train,taxi,
v2/train/taxi/215105398.jpg,378f141b7cf406a79affb8e800cc6435c4f5d1cde511988cbfc211e88a29c2a4,taxi,v2,train,taxi,
v2/train/taxi/215131777.jpg,d120a41540aa06d5927ea0a4560e4b65129e48bc27e5761460d1c983a1e50749,taxi,v2,train,taxi,
v2/train/taxi/215186511.jpg,1b9ccd3af9e110ae07381b96a5fb43bb01f5b6b502446974988ab28f927202f3,taxi,v2,train,taxi,
v2/train/taxi/215261693.jpg,05ae12df1fc035fb0608950d31e846217706c11454561a30a413194421fe62e1,taxi,v2,train,taxi,
v2/train/taxi/215581089.jpg,123ff5759bf528bc595a9ee57aa9f29746bdb5d49de4708474cfb98a6e70973a,taxi,v2,train,taxi,
v2/train/taxi/215631129.jpg,a11826041e5f7cd0920618ab42c918afb69ffbb5cda65c6d67acbbbc1209f682,taxi,v2,train,taxi,
v2/train/taxi/215658087.jpg,cb661f9e80b7c7efe6e845b4b6a51dcc43cbec86a0f317d0f3d5c3094d94889b,taxi,v2,train,taxi,
v2/train/taxi/215681913.jpg,3b121a2737cb89cc5d206dfe50bce0c198cffa50d4d55d1ece85bac0b2350b2f,taxi,v2,train,taxi,
v2/train/taxi/215694229.jpg,11d909431486791e8cc8ac892d1c9e79be124e15687460a1ce7c713cc74b3b1f,taxi,v2,train,taxi,
v2/train/taxi/215704125.jpg,f74ba3cd8053f55722e30c0ad5fbf18c6999a6b9b9d5d0f4accbef0c277ae1d7,taxi,v2,train,taxi,
v2/train/taxi/215734816.jpg,47d4fa56f70a8601f6f835e2dd79c0b1677f154af5275bf7890dd1d1b23edeac,taxi,v2,train,taxi,
v2/train/taxi/215741938.jpg,961460678b66d894c19363f0fa184271ddf8fb9bbca7937c525fc4c9db75ce04,taxi,v2,train,taxi,
v2/train/taxi/215771511.jpg,9202a07e98b5ebfb82651160e9a7c6f6a6b215e27dddba56ad62dcfac0e67ac1,taxi,v2,train,taxi,
v2/train/taxi/215772638.jpg,9208ed00254604ea8cf59611371b3d034113fd21af6997e6bc4e035cb12d7951,taxi,v2,train,taxi,
v2/train/taxi/215777419.jpg,ab5828e83a4f75587ffc2da60b4e0b50e6a6538371ab1759a68cec6c8dca34dd,taxi,v2,train,taxi,
v2/train/taxi/215875418.jpg,357e4cbe9fdbbbcfd71924a7132b3b02c9821a9ac55d4431d06ad37d20e3bf0d,taxi,v2,train,taxi,
v2/train/taxi/215920981.jpg,6bedd2ad4e348129d4d26521e36d291c3ff0369fd908a2dce2f2d06c0a147a4d,taxi,v2,train,taxi,
v2/train/taxi/215948383.jpg,1ec0efc2882303e9f606545a4ddb855c2e8cee2df168db26a96c20ca958ec23d,taxi,v2,train,taxi,
v2/train/taxi/216003493.jpg,1cdd708c51e41e92eaa2fa678afec8abbd4d4657efa0896f08c8c4f5d2fdbf4d,taxi,v2,train,taxi,
v2/train/taxi/216006259.jpg,79a486ddb86668588a49d2e03ed05afc16d5fae319695668ee51ed89e5971969,taxi,v2,train,taxi,
v2/train/taxi/216016502.jpg,6869b3e7821968e04459bf9a6b1566646e350917320e86a757ee1da74c0abba4,taxi,v2,train,taxi,
v2/train/taxi/216019687.jpg,5c7aa26cde98a15d0aa46d1157c8715f9a716f192b6bb42b49949aefc28420ea,taxi,v2,train,taxi,
v2/train/taxi/216111008.jpg,aec4cb4f63815af0572b484f65bc63dce2e2c8425f0405db3ee13ca22be2f834,taxi,v2,train,taxi,
v2/train/taxi/216118231.jpg,4e8879572d8b75e905c55138093487d82aed07c583796e32d05ef0eb16eaf552,taxi,v2,train,taxi,
v2/train/taxi/216203466.jpg,1deaea8312beff2009d599e7ef7f87b23666ca7626b3ef0ee45b1e732d2214ae,taxi,v2,train,taxi,
v2/train/taxi/216207089.jpg,fad3176ef860b6bc1536d550dad9f718efb32bdf50002347df15435c4b1789d2,taxi,v2,train,taxi,
v2/train/taxi/216288852.jpg,4bc1168b742df5e0b1849b0f6b385a2a6fd78d20732892c294bfdebcdc654a47,taxi,v2,train,taxi,
v2/train/taxi/216373693.jpg,4ae0dc83d3b214b413dc81cabdcedcf117b937ea9d11ee81b53f201328d16f7d,taxi,v2,train,taxi,
v2/train/taxi/216398127.jpg,99400e1cc8d9d1f11eb5e77d0fb33a52c0c647c3edbece5aa2bed5eb6ad1221a,taxi,v2,train,taxi,
v2/train/taxi/216402445.jpg,303f48d596aeb4a78ed6a591f1fd6575727189678168f3c0d8f6fcdde5ba99a6,taxi,v2,train,taxi,
v2/train/taxi/216422192.jpg,78b4b90ae11b6439a8abf633c80ca7934ffa7ab20e27f1839c7fae5282defce7,taxi,v2,train,taxi,
v2/train/taxi/216432200.jpg,4fc0a8e301fb9b33eb076b86ec283860c01bb7df04a6fcfaec8f19f9795fb1d6,taxi,v2,train,taxi,
v2/train/taxi/216435100.jpg,c5e97a5343ddb4ec02ce134d0255263b8e16aaad87e964728274d0643063b53c,taxi,v2,train,taxi,
v2/train/taxi/216524007.jpg,93becaf07cc1c3c8ea1d13cf208a1e5f21ecdbcb36e4d869d4142150e33413e0,taxi,v2,train,taxi,
v2/train/taxi/216526649.jpg,05f8663501bdc3f21b93fd351d313d626d3ed2162056ed3ecb335f220e5687bf,taxi,v2,train,taxi,
v2/train/taxi/216532535.jpg,0665f7de2b244294af11eee54ae21084befad8b172df93bcfc0fa958212c8d43,taxi,v2,train,taxi,
v2/train/taxi/216555951.jpg,06af1d3e32595c44fd54c9a181dc07ad62d282300ec8e97646d55c59f2393896,taxi,v2,train,taxi,
v2/train/taxi/216560016.jpg,55343588b64d3d343fdeedc8328872fbd94df85df605bb7766938e7031e93aee,taxi,v2,train,taxi,
v2/train/taxi/216562251.jpg,f0b0655b2973cf16583970e11ada25df5b6f845117eff665fc98df75272d7e61,taxi,v2,train,taxi,
v2/train/taxi/216616342.jpg,663059867534c1125e68cede3627f8bb78b94a3af75a43914834ff3cb073843f,taxi,v2,train,taxi,
v2/train/taxi/216785981.jpg,a64d8cab68a6008c67b3f28cca34b883e9119b40c6e93aa2cfc6934a9e72cdb4,taxi,v2,train,taxi,
v2/train/taxi/216787354.jpg,4b12d66fd01f0d7a389517e2430dfeded8a113acdd231929640f9e001ccfa5f9,taxi,v2,train,taxi,
v2/train/taxi/216816628.jpg,2a6cf5187fee8a93fe69ddc8a5769f1e893b30189680897c62ddb8297531d55e,taxi,v2,train,taxi,
v2/train/taxi/216952757.jpg,ce34949ec0738269ed6b6c4784de0e348b942b39b09e87ad73bfa58cfd3ffa54,taxi,v2,train,taxi,
v2/train/taxi/216964234.jpg,891211f3a1db0df4df70f70796211592158778880a21b422b87ad1d54f0a956a,taxi,v2,train,taxi,
v2/train/taxi/216968614.jpg,607acdf9a49004697c34820d6069b8fe7142109d1e55420643856f74d9b2095f,taxi,v2,train,taxi,
v2/train/taxi/217002049.jpg,eb57bd2e84d167eb7c12852550dc5490dbf15919e8c74cd0550aeecfab3f73e4,taxi,v2,train,taxi,
v2/train/taxi/217054704.jpg,6e3f884f15dc35ee2de659e7503650d857471c061c82d86b082d3de64e7dde0a,taxi,v2,train,taxi,
v2/train/taxi/217058934.jpg,e30724b23d0563df1c7ef2a72728bf676553da5931a7ba2f36c21c748611bb79,taxi,v2,train,taxi,
v2/train/taxi/217093155.jpg,fc84bd812456f888a8af2ec249d0e6ceae38f1c8572ca50bf357d2a8b7118a10,taxi,v2,train,taxi,
v2/train/taxi/217111373.jpg,52aa9602f17b7ea538e2acf11f20ffeea1b36cc6edfe9656b8bdd40c4737b0e8,taxi,v2,train,taxi,
v2/train/taxi/217163644.jpg,f6c957f8fa3ad295f371fe79509ab0f5e6a4643ab2cb1f28c473310827e475cf,taxi,v2,train,taxi,
v2/train/taxi/217170866.jpg,a8dbac9dd16e8220567b7baff8ce5fd17be9121a2cb3981516504c3e1615f7b2,taxi,v2,train,taxi,
v2/train/taxi/217195564.jpg,9ea11022143467a2bd93f623860a747ac81da9ffbaaca42a7e5e7b1865ac8b1d,taxi,v2,train,taxi,
v2/train/taxi/217244427.jpg,11e121b2f1cd22fbce567e90ee713962eac20471631981d45bf25f46f116168c,taxi,v2,train,taxi,
v2/train/taxi/217270060.jpg,7af9f80905c6ccb2253976397434ac801c2c0df438314cfd16fd175b37aa7e5e,taxi,v2,train,taxi,
v2/train/taxi/217285903.jpg,375cbdd53883eb9268ab83f3e84c7361f98a1c881c25e7305dafc68ce3951279,taxi,v2,train,taxi,
v2/train/taxi/217395242.jpg,aa5d3d258d97d834786cb03d2945196bdd8bff1f3b07063099a9aa6324e864db,taxi,v2,train,taxi,
v2/train/taxi/217426237.jpg,62805550b2eb9d22340f9811eead9ded948e1b38595cd8765537cddc07261d73,taxi,v2,train,taxi,
v2/train/taxi/217478871.jpg,7b82cfccbc15a3fae29d34a0e1f3d3ab0f87b191d99618ff7a5be5b051bd739a,taxi,v2,train,taxi,
v2/train/taxi/217482526.jpg,f33f229fd63101268f87446bba05b9fa19f21fa7ec44484e08798ddcd715d830,taxi,v2,train,taxi,
v2/train/taxi/217533470.jpg,8d38088610dd073dec85456b8bcf92a764cf6b848350db7f17e797e7489d83f5,taxi,v2,train,taxi,
v2/train/taxi/217544550.jpg,dc6c07ee1aa25706f17319b117697dbf97dd3670ca9501f820f3d5b8a97c02bb,taxi,v2,train,taxi,
v2/train/taxi/217548779.jpg,804e5e078a4a19d8bb893d6b897c948b60aabf4d157d7cc2fbd2429d23ef3abc,taxi,v2,train,taxi,
v2/train/taxi/217570575.jpg,dcdb5481ce74ef6099e2a80e6f1e387c923dde24f99ab4f119316e13a9a9b3c5,taxi,v2,train,taxi,
v2/train/taxi/217580230.jpg,81e28a8704536397fdebfa076668e8a8dd54730ba35c251fab0ddd16b898dd79,taxi,v2,train,taxi,
v2/train/taxi/217601310.jpg,34ca6d74b390f72708b092bdf371b0914ba5625e6210e86a016e74649ac44ebc,taxi,v2,train,taxi,
v2/train/taxi/217627944.jpg,587852b67d0adc59bf6e961b123db08b6041f6e02ef9f4cbe89b0187dbc6b0f9,taxi,v2,train,taxi,
v2/train/taxi/217729028.jpg,c4484a096af10ebcecbd143105e5655515f6f27eafa52bea848ed6046c3fd108,taxi,v2,train,taxi,
v2/train/taxi/217747000.jpg,d82cddb02cab49faa7e4eca73bbfb6539f5aaec0e3af2d495a50fe38b4b08818,taxi,v2,train,taxi,
v2/train/taxi/217763528.jpg,6c9f9b656cc7081a1634be53ad278a37cafe1e1cd4d67a9166e5bca01f5a0461,taxi,v2,train,taxi,
v2/train/taxi/217799839.jpg,3ad804e8db0f60d58dae5706d8706472b7d8bc37410a2d362c3d12cfaf341233,taxi,v2,train,taxi,
v2/train/taxi/217814325.jpg,9c85d453c57c05ecd6fc55a3bcd10d7954e2b54d35a1aef97b4fe823fa91956f,taxi,v2,train,taxi,
v2/train/taxi/217977572.jpg,3dde6efc4675fdddc714e07fe4d90f3f36f1fb5c651c240ed3faa2824f5582db,taxi,v2,train,taxi,
v2/train/taxi/218000849.jpg,91de662ce23562b185829865676da01fa9ad6c26a9072266cef2f0d07e5fda29,taxi,v2,train,taxi,
v2/train/taxi/218056965.jpg,c890115626bff756ccc00ee7a5958585416e391655d69c8fa3eacee5f37a3c0f,taxi,v2,train,taxi,
v2/train/taxi/218078057.jpg,71ad2c46386be1c7986f9276cc24367fd3fb1528b6a187acfb78bb5fd9a9e3d0,taxi,v2,train,taxi,
v2/train/taxi/218104747.jpg,c27cc25295ebca5d0b081e5b397191fa259ec54d098c8eb02c4bc1244969700f,taxi,v2,train,taxi,
v2/train/taxi/218120685.jpg,8bbfd5ae985c41df23ff043be4f2810c4b9139a60d63bfca9bc2d05226235858,taxi,v2,train,taxi,
v2/train/taxi/218159183.jpg,f831d2d31420c61c3eee975d8762a0499b216d836a089ef3dc88070c69080246,taxi,v2,train,taxi,
v2/train/taxi/218201278.jpg,86e2e55a351bc84c7293ab4d087c38fb1d58ed794021eeddc692cf7e6c7b9677,taxi,v2,train,taxi,
v2/train/taxi/218205147.jpg,c58e4c16b195523181b6eb8d3a424756021472760c7d643793485be6933e479e,taxi,v2,train,taxi,
v2/train/taxi/218213642.jpg,ca5a753ac59bbd4a3614f903ca8b90cca5a98a3000a7bd0c57ded77682a6b37c,taxi,v2,train,taxi,
v2/train/taxi/218219642.jpg,972d679787c19581a705becae6959c9f9a700df66d6083efdaa2518b46bf0457,taxi,v2,train,taxi,
v2/train/taxi/218228771.jpg,4f84f3d85746af7d02c1652b78dd6d565fc44d97c358900a89603caadc6aafb5,taxi,v2,train,taxi,
v2/train/taxi/218243301.jpg,6fe1c6efe42be17b76170a1e92bc044a55fa7250dd3029722a950286d5bc8755,taxi,v2,train,taxi,
v2/train/taxi/218248245.jpg,9539c4bc8d29b07e0b91f9868ff38d62ce9b0996f9043b8e67e1d7b3eeab2a5e,taxi,v2,train,taxi,
v2/train/taxi/218270063.jpg,bdb0c8fa68d11bbe8af0ac1884b5b82e7fac88643bda438d5b0ffe3baffbaad6,taxi,v2,train,taxi,
v2/train/taxi/218279077.jpg,cbfa5574436eaf96195c0c1415cd5b1fb730970b9ff95dcb811f226e5a4ef4f6,taxi,v2,train,taxi,
v2/train/taxi/218360827.jpg,e37811e7601ea97d45f33b56d6b1961a1a6d12e4d6762e6b17390328ffcb4874,taxi,v2,train,taxi,
v2/train/taxi/218377804.jpg,5de9eab6eda3e58d2f0bf80b3f535d9122e3a3ab68d0d930e7826fa04efc6719,taxi,v2,train,taxi,
v2/train/taxi/218501211.jpg,82a5da4b41388233713e176ca2f4cc73c3fb22efdffe02c42f81b87cefdcfa8b,taxi,v2,train,taxi,
v2/train/taxi/218522456.jpg,80976bb771d8a72fd9e9cf8fe8c172a8a529458a9f84bb74356af596f652d4ca,taxi,v2,train,taxi,
v2/train/taxi/218567436.jpg,369258edca25c03e842ea39d9480c2ba6c2ec85737a47c034a36de4f1abbd90e,taxi,v2,train,taxi,
v2/train/taxi/218578770.jpg,2a9493c6f0d888ad75d080390344af6ddd51ecda3dc40fc89eb336a200c0c754,taxi,v2,train,taxi,
v2/train/taxi/218580315.jpg,0d6562c0187ef4d3444725ae8b544f9eba0d974917bdf18eb433f828bb4cb8cb,taxi,v2,train,taxi,
v2/train/taxi/218597916.jpg,9a96bebf8ecc4374a8a8f6e1bad75a711ca99578fd621b88daf258b98ac5421e,taxi,v2,train,taxi,
v2/train/taxi/218670583.jpg,67169c467afe6c0da6af014972e76d6d2cde90f1b28bf4e407c0e180ffd2db15,taxi,v2,train,taxi,
v2/train/taxi/218738200.jpg,60bdaa4244ffab6d68398a9a06c9a43aa321ba19dbe4a18fe11ca0c790eec16a,taxi,v2,train,taxi,
v2/train/taxi/218805085.jpg,8f6b752ccb33db537c786a8568ddb801cad68c197529ecb6b674907ed0f46eeb,taxi,v2,train,taxi,
v2/train/taxi/218811381.jpg,36794c21c9d667802641c762621825a5d708ee829aad5130a4011475555fa292,taxi,v2,train,taxi,
v2/train/taxi/218813121.jpg,08090749c1410cafa76a99ae46c126410b5d39ec4895216d654e57fe9a9c4f6f,taxi,v2,train,taxi,
v2/train/taxi/218861019.jpg,da854fb4ce4882eb69eaccba6ab75f98210cbcafa4b0204dc1a8c28f7c3c6d08,taxi,v2,train,taxi,
v2/train/taxi/218887865.jpg,3cb7f1db6ac9505d88b67caf962f631f8a9a309f9b8b1acac8f83d15c63ab2a6,taxi,v2,train,taxi,
v2/train/taxi/218932282.jpg,93394fce69c45b696950e295797ae5a2daae0f69fc240fad2e94e0c6e11d0857,taxi,v2,train,taxi,
v2/train/taxi/218944731.jpg,11381836214d492afd0997da83ca60cb34c1781448a2983b2a0266fe4624efa2,taxi,v2,train,taxi,
v2/train/taxi/219027793.jpg,e35612877b5f64a88ea42c4b709696e3598844e83cd2286eed882e7aa5649c5f,taxi,v2,train,taxi,
v2/train/taxi/219055248.jpg,2fe0393761a7735f30da639c824d978738fd1ff2e2e286b0b564b5cf868c8574,taxi,v2,train,taxi,
v2/train/vanet/195274804.jpg,ac2bc8a8f0baed418a2207cf29f61b2fba800b403147c1b7b013696eb64168cf,vanet,v2,train,vanet,
v2/train/vanet/195691366.jpg,afe2b865175cdb8230c288a578bd08c281ed0eff6bac8b1216ff2dee8a9715fc,vanet,v2,train,vanet,
v2/train/vanet/196163447.jpg,00ac5115d29fe991cb6665613e30f8d98e822857a086e88da756ce04ab16c9a5,vanet,v2,train,vanet,
v2/train/vanet/196951112.jpg,0c5353b3720100c9d7b384cd409762ecd0adab6094a8a75940dbcda1c64dd343,vanet,v2,train,vanet,
v2/train/vanet/197508757.jpg,5c712369f47c5ec194b7d59c0287874f5c47882952944f348e303d8191b857cf,vanet,v2,train,vanet,
v2/train/vanet/198401066.jpg,edf53303385e7b9bc5a3116b9528fbdbbf14d18c65eb961a1cc4c8e92d6561ed,vanet,v2,train,vanet,
v2/train/vanet/198693433.jpg,95586402a9c2fc3139865a6024c3e0b44a4ae822fa6a603a3f5dd62f0cd34cdc,vanet,v2,train,vanet,
v2/train/vanet/199158191.jpg,d64017e83853c43024d1cbfffbb87f539618e0987b63cb8cbb9abf7fd83936da,vanet,v2,train,vanet,
v2/train/vanet/199392072.jpg,d3cf73329d4e6d4f9ae76d878db7dec982f192beaa718c6c2cce47a8dd7184fa,vanet,v2,train,vanet,
v2/train/vanet/199942704.jpg,c4832af2d578de12ccf89af013893a9caabd7b31ba7ae0610686f9d59d5e2dae,vanet,v2,train,vanet,
v2/train/vanet/202794779.jpg,657162996f450fe8278b7b9092c234e08c5c866ab4225a6379318b22e96d913f,vanet,v2,train,vanet,
v2/train/vanet/203269085.jpg,e64b24e1cb008ebd82c09106a92a1f08fa606a9f1d9c72dad944ad058e8102c2,vanet,v2,train,vanet,
v2/train/vanet/203413968.jpg,b9359f5c0f9efe031b01a926f8f65c624bfa0e0a41fe9c1d86132027f3f74615,vanet,v2,train,vanet,
v2/train/vanet/206926152.jpg,157dd4f3e84e33bea2ea439ce2f29786c048517fb9461c7093654b09bb3b7bab,vanet,v2,train,vanet,
v2/train/vanet/207749551.jpg,8a78f3a4a033f55487bdd99a5c6e573b17bb46723d970f17de2c7159b9e35a69,vanet,v2,train,vanet,
v2/train/vanet/209501291.jpg,9d23d43f0e24e9ac2dc5c00289d1b4847871eda56a4d6c8e41a8b8d1e50b65f6,vanet,v2,train,vanet,
v2/train/vanet/210379308.jpg,d5f3996aef1a85a72c50fde14d5fae90733092af57208fc602e6904e498373df,vanet,v2,train,vanet,
v2/train/vanet/210908141.jpg,494a7d414cdd89021fb67e6873824ce26ceaff31582f3e4a1ef00207cc2e8551,vanet,v2,train,vanet,
v2/train/vanet/211868443.jpg,93c0d917f7d1615e93c249a505b661606ebf641739dc017c1bc287ee7125786a,vanet,v2,train,vanet,
v2/train/vanet/212465016.jpg,39462ab6ee1585685f89fff04e55e5911cfa3e595c1896a4f23db20767ff961f,vanet,v2,train,vanet,
v2/train/vanet/213510187.jpg,e7d413484792cec8cdcbd87493144022af6c837a4f71fd1b0dd2571e4f79e305,vanet,v2,train,vanet,
v2/train/vanet/213797207.jpg,030f0d8f249a634f5a18e44f1e661b32d950304dfb3fc07abe5337601050e304,vanet,v2,train,vanet,
v2/train/vanet/214048101.jpg,70f627cad4f397412c2f934ddffbe8a173759eb51779b6dc6eedc9d5beb72f2b,vanet,v2,train,vanet,
v2/train/vanet/214758714.jpg,65baa0550b5f54b02d8b4a64f966a522c09db66e7cda33d08c7bf68957724471,vanet,v2,train,vanet,
v2/train/vanet/215891603.jpg,afcc8d89a7205ee861789188a58dc1fdedee78b4681bd0293a9b989d691a0419,vanet,v2,train,vanet,
v2/train/vanet/216618067.jpg,5a60abf73510192e72db99f22f79eb8bbf7366558da5f28f16f33d5de45e2290,vanet,v2,train,vanet,
v2/train/vanet/216713191.jpg,aee974e40ad1de7c95d1cb709cb3946e7bd8d635d5b13b1c202ecb402a7e3081,vanet,v2,train,vanet,
v2/train/vanet/217178596.jpg,242686b12f2bb0f0d4f2fd20af4f6ff14be152c88d0ac2ac018bfd4d59beae7b,vanet,v2,train,vanet,
v2/train/vanet/217829551.jpg,4cb2e3a72ba397771377d2707d572cbea092a95c757995c868433a985ff19a2e,vanet,v2,train,vanet,
v2/train/vanet/217834045.jpg,bbf156c67b7af5a608743703100a06fe447e40fb1f78c01d2b0f95b9b05b20f6,vanet,v2,train,vanet,
v2/train/vanet/217881742.jpg,dfa6389bceaf113d043732f7784d9c6c8a484f02737e38628ba6610df358d4cc,vanet,v2,train,vanet,
v2/train/vanet/218130945.jpg,1ba6c8329051ad7d92068057c720228a2b82a0b82e0e67dd49f6f0ff9b025861,vanet,v2,train,vanet,
v2/train/vanet/218602877.jpg,d482f650c292f4619f0003213554451909d224987ff2896424a8d05ce907b1d5,vanet,v2,train,vanet,
v2/train/vanet/218844932.jpg,c969ca87b69b7fa234ca3d67fe654697f60c34b42d526b7a06ca1fda6bd56df5,vanet,v2,train,vanet,
v2/train/vanet/218955810.jpg,03b400f5735bde0b01ed59772d4b62fa6bff12878bc65720f86d2e257e806556,vanet,v2,train,vanet,
v2/unclean/ambulance/200105319.jpg,fec83560ff4bdb1383501bd1bb937859fda37b2dd8b56dd5324979ddad473b1f,ambulance,v2,unclean,ambulance,
v2/unclean/ambulance/218166278.jpg,e1979ec45f9c9f4ce4f9948bab898c69df2a597b43ac1030ae924d06b01a4393,ambulance,v2,unclean,ambulance,
v2/unclean/autobus/193597587.jpg,7d7ce37b580771c04373f8c63bb861db1653d7a4736a2543f3a77629b9c5e79a,autobus,v2,unclean,autobus,
v2/unclean/autobus/194458934.jpg,2e7e78f31655fa7220bfd7225081d4b80ad36dc330c7347fc296de86a90b6736,autobus,v2,unclean,autobus,
v2/unclean/autobus/196191533.jpg,54f48ed5d6d3a7eb13d36320d3da7f7eb14e5639404adc318ff7bf3c99e2ea46,autobus,v2,unclean,autobus,
v2/unclean/autobus/196595859.jpg,50d5765fd40c225f49133dd8a2c6c224b708c05a6e230501ed248d2210bffbd3,autobus,v2,unclean,autobus,
v2/unclean/autobus/197331533.jpg,9a9281c03bc26305976b364e23be756c9648d6cf88a268f5e2fe85c037629546,autobus,v2,unclean,autobus,
v2/unclean/autobus/198385240.jpg,b60a114de5ef60c3f630a6e0c51026e99ee41fa06ef2a8cbd989fa4f92454af8,autobus,v2,unclean,autobus,
v2/unclean/autobus/198451326.jpg,6ac8b67c9a636a0a4e8c829831d3637ecab0bcdc7d942dcf5952a78cc1f925fa,autobus,v2,unclean,autobus,
v2/unclean/autobus/198482481.jpg,5f5253b795f7ee0401cec92b8a8579c51455e3b5258d2d87425d195e6fd4305e,autobus,v2,unclean,autobus,
v2/unclean/autobus/198693556.jpg,efba13c1f5989242a3a76fd23bdf14c2a624bea09af3e710fae41a70ed37351b,autobus,v2,unclean,autobus,
v2/unclean/autobus/198756999.jpg,09f030613ed74c90f79f83d417d751013ff13d00abd4d71bff5ab96501e3d9fa,autobus,v2,unclean,autobus,
v2/unclean/autobus/199961601.jpg,faa206f0f59298d06cb639faf03c6364cad9183f29f07ac9cab3416e7777904b,autobus,v2,unclean,autobus,
v2/unclean/autobus/200139637.jpg,6073db4aea75e80d49354d12f69bc3db0362a256d54435eda8b093f7fa8ee611,autobus,v2,unclean,autobus,
v2/unclean/autobus/200600907.jpg,46c6278c87207317a055eb2c500834b951c7c9fed69b3a4f71531fa790d9d26a,autobus,v2,unclean,autobus,
v2/unclean/autobus/200603886.jpg,fbb80a543754fb21f94923428f00823eda88bb3ee3ce17dbbb8df22e40634f09,autobus,v2,unclean,autobus,
v2/unclean/autobus/201226148.jpg,62dd7f9b1822891b746ddf1bdffa786c8951e7c8c1e92954bd3d5d63ca1edf3f,autobus,v2,unclean,autobus,
v2/unclean/autobus/205990197.jpg,859526f4f857bc427950bdb18c0ae249636fc3e0a892075eb82dd535fb7f4e6d,autobus,v2,unclean,autobus,
v2/unclean/autobus/208014403.jpg,576c3b13f5824fe3c8bacd2e6b543d8ed4bc4fb936ce8041a0d01ce49b2c6f07,autobus,v2,unclean,autobus,
v2/unclean/autobus/209489102.jpg,a7e69e4698b77798bf63f3e3e103243c43eb63d46844d496f8f1eaee236356cc,autobus,v2,unclean,autobus,
v2/unclean/autobus/210000620.jpg,f03d2ee2bb0786c4697bb3695853253ba310a30462e130c5d608a475ecb5de10,autobus,v2,unclean,autobus,
v2/unclean/autobus/210108251.jpg,4494adb25f4df6e0db133c7d2786dc77de9a6b3722154bafa9a2f9c4e0901c14,autobus,v2,unclean,autobus,
v2/unclean/autobus/210452880.jpg,1588c8fe1b86f136e066fd5c98c62f4893b8974d76fa8b4e51ea133e9629e853,autobus,v2,unclean,autobus,
v2/unclean/autobus/210750784.jpg,45e3827b4f8f49a58549c62bc5aaf860393fe76db2b9a8197bd5b05cde943e33,autobus,v2,unclean,autobus,
v2/unclean/autobus/210758346.jpg,b1e71b13f0ce7edfec9bec30725d05a64468200e87c5a2e7938fb692d2879589,autobus,v2,unclean,autobus,
v2/unclean/autobus/210882256.jpg,b63b1ff51656fbd57aeb1a0a0eb03d152d337f44a85cce87757947c25dd86153,autobus,v2,unclean,autobus,
v2/unclean/autobus/210955520.jpg,b159122c53d28e23b4a87c484e26ee47f3555995b9f07faaff95974915bb6f48,autobus,v2,unclean,autobus,
v2/unclean/autobus/211425528.jpg,9662d584d99f53c92d1891a0191996a82c869b37aead2fd5078f9c345a81c937,autobus,v2,unclean,autobus,
v2/unclean/autobus/211954710.jpg,c00ec27238207571c59b780cf0524d268003466d8bc9e5394664cbe95dd2bafc,autobus,v2,unclean,autobus,
v2/unclean/autobus/212025778.jpg,0715d0adf693fa43c50f7a5ec2cac1127858fae2c603098ce9c0621756b40a0d,autobus,v2,unclean,autobus,
v2/unclean/autobus/212199633.jpg,67b89b8a1d144618db9e9fc1d196fd36d86711dba99a3d8f0de88bcc9ff93bf1,autobus,v2,unclean,autobus,
v2/unclean/autobus/212480589.jpg,255c0008951ac1db62138769042ba276ff18cf3cd0c207d4dd79b9fe1cb0193e,autobus,v2,unclean,autobus,
v2/unclean/autobus/212513253.jpg,a6880e537b459b3f63cdbeda1145eea9919dde7840cc8ab44bf83b94f5c06d3b,autobus,v2,unclean,autobus,
v2/unclean/autobus/212866341.jpg,b7e36b8a9bb1bce90589366ccd62c18cb0c609d377c58195a37f96b7b6bcab2d,autobus,v2,unclean,autobus,
v2/unclean/autobus/213351498.jpg,22a65072d78aef81c50dc98b6ec3d1162416f6846f7a342c571d09df4202dfe9,autobus,v2,unclean,autobus,
v2/unclean/autobus/213387462.jpg,8b7116efb318ef78fb3be87fe31a3a46a617d58d150675842dfa86e536d6e1ee,autobus,v2,unclean,autobus,
v2/unclean/autobus/213441216.jpg,e9417e11db49dc90ff5fabfd639ead08d049557abb371eb6a3a2b63a0b27c3f4,autobus,v2,unclean,autobus,
v2/unclean/autobus/213512673.jpg,309d2d988dbdeb61a5c699bffb3706c08034266e010e05cfef505e3621b0e14b,autobus,v2,unclean,autobus,
v2/unclean/autobus/214366235.jpg,fc4ff3501b6591e236effd916adb4953d0cc6366424913259ac0f65ad43b1a35,autobus,v2,unclean,autobus,
v2/unclean/autobus/214366241.jpg,8d3119ef1f7ce0bf457e27ae30846faa4ab3a4401690ef85f8d81c708945807e,autobus,v2,unclean,autobus,
v2/unclean/autobus/214775316.jpg,98003ab84059109cb0bf08374e0f947a5a623106d5e7acac00683f1d01c096ff,autobus,v2,unclean,autobus,
v2/unclean/autobus/214778708.jpg,c354d095901113d7796c637ae9ab77d4a0dbaab5d747cfed277316f88a77be96,autobus,v2,unclean,autobus,
v2/unclean/autobus/214799092.jpg,99cc84ee2e7dc92b307cddb2f313511033fe53d6d458d76ccd18ad971e217ddb,autobus,v2,unclean,autobus,
v2/unclean/autobus/215129619.jpg,ffd09dd79dfc5536149741b0d7509db5de2300a075f32b2b2b5388b42d372858,autobus,v2,unclean,autobus,
v2/unclean/autobus/215468137.jpg,f135d55c30219c82096ff81a1950e11bc07e5a79b2753161e40bbd745049ecdb,autobus,v2,unclean,autobus,
v2/unclean/autobus/215573481.jpg,afd8d64d7f1ab0a482c3cfea4486926a090a19ccdb658686c452f2efae426224,autobus,v2,unclean,autobus,
v2/unclean/autobus/215646286.jpg,de1462e9727a84474f29d34edee652e4b4e44e96a612e718974020e4c2d9b0d1,autobus,v2,unclean,autobus,
v2/unclean/autobus/215674095.jpg,2d7aed53743b9d80c89cfcf10f8c5e1ce815a4e5e404ed03861e83cb4de2d312,autobus,v2,unclean,autobus,
v2/unclean/autobus/215700578.jpg,f354475c16e76faa53a87ad6d86ac2ef98c5e384431e43d9cd6be8a9dd962896,autobus,v2,unclean,autobus,
v2/unclean/autobus/215710729.jpg,5d30ca8daaffefa0f8b0463fcf426df15832672a73a0627c3642b7e1f05a4fa3,autobus,v2,unclean,autobus,
v2/unclean/autobus/215713565.jpg,66b4b4a6286bd2ab5593ad915d53682a0c46262afb9e0650f2a1b727c9c5a785,autobus,v2,unclean,autobus,
v2/unclean/autobus/215792010.jpg,9f7aca8e07f1589c781bbeef2ae7b42297d61faebad6e4be3779352ddf4198d7,autobus,v2,unclean,autobus,
v2/unclean/autobus/215831614.jpg,dd1a6ba2ee02f10ee5b1d36f692e8a882f21ac952fcc180dc3c281403b465156,autobus,v2,unclean,autobus,
v2/unclean/autobus/215856791.jpg,c3d3408c343ae2296d9b8f0413c56554e800e7cc3435e3c4c12f70396522fbeb,autobus,v2,unclean,autobus,
v2/unclean/autobus/215865757.jpg,a2ce7bf66e0bfbc626af1d27d238c4af061773a10d1c9826e2671ba8e43a6ca3,autobus,v2,unclean,autobus,
v2/unclean/autobus/215893121.jpg,ff16db7035e1835c6ef03058d6e037a98ea126290d5ed037b6211a370c7fa07c,autobus,v2,unclean,autobus,
v2/unclean/autobus/215943907.jpg,3d190339a9ac9c786cc9290f7f6dd10107c6aec88f78df7558c504d44b809e7d,autobus,v2,unclean,autobus,
v2/unclean/autobus/215981206.jpg,78abafd02239c9b72a0de7656b648294d9ca75098108d37e4444d0f044e89fd3,autobus,v2,unclean,autobus,
v2/unclean/autobus/215993552.jpg,9c71c5640ef4dc0038dd35a5fcf379d8e876153606e14e5f6f15aba5d1f6429e,autobus,v2,unclean,autobus,
v2/unclean/autobus/216016488.jpg,881e5b85d1d8409d7877bfe5449bb009a65bed632b5aa7df4476c8d99b625f93,autobus,v2,unclean,autobus,
v2/unclean/autobus/216022475.jpg,3e7bdb583cc4d3a2b2e7c0a74cbf6cfac81f4562afaf6331885f1c3b2313d31d,autobus,v2,unclean,autobus,
v2/unclean/autobus/216034928.jpg,abb2c43d0b4eaa90942035e62c3c50ccea7bf3aad12eac804b325bae3dada0d2,autobus,v2,unclean,autobus,
v2/unclean/autobus/216064635.jpg,40e2e2998618bcce703504c83d9012d13b2c60d59e275b9c127757146f06f935,autobus,v2,unclean,autobus,
v2/unclean/autobus/216072125.jpg,26d974763fdb2423430051e93c8962be0710eee79c94493c9af92777fcd102e4,autobus,v2,unclean,autobus,
v2/unclean/autobus/216084543.jpg,ded3078ddd319dfddc2c96a952f19c9c64bd4495f3b4ec9a307b81472e24b5c2,autobus,v2,unclean,autobus,
v2/unclean/autobus/216158622.jpg,fd777cdc3f95dced427f7583f82da2d7e55d305bcb40539db03027d6847c09dc,autobus,v2,unclean,autobus,
v2/unclean/autobus/216169980.jpg,f6ca9ed8d0730305190d261ce32e321d57108a982f68d888a89fd3a148246c95,autobus,v2,unclean,autobus,
v2/unclean/autobus/216171296.jpg,4d152fd7fee5772dd04e1318efff9c241cc553084f6ae255d2480546a131306e,autobus,v2,unclean,autobus,
v2/unclean/autobus/216198078.jpg,4634af1bd0a2b0359a2b6501fe8911bc7c4cfb510b368e7a637a1d7c5a1fa4c8,autobus,v2,unclean,autobus,
v2/unclean/autobus/216261915.jpg,11611bc214332bdfb347b9e04f1e915dbca22fbd49fc6b4480c0e5b64c330a90,autobus,v2,unclean,autobus,
v2/unclean/autobus/216265509.jpg,0bf2a88433e5fa8da6e9a7b47036df69084b0720389082408b2dde563744b31d,autobus,v2,unclean,autobus,
v2/unclean/autobus/216273878.jpg,ad8f81b299425345e6065a9b2f90159dc56349924f71f37fba94ac7de818b2e0,autobus,v2,unclean,autobus,
v2/unclean/autobus/216275103.jpg,b8ce0aa0050c0bfb66e13cb6ba430bbde03f229c924cf13ec706e2a9315c414f,autobus,v2,unclean,autobus,
v2/unclean/autobus/216279911.jpg,c13c54e23928825702ba910d969b1685d858e42af0abe162e55fcf67774a6227,autobus,v2,unclean,autobus,
v2/unclean/autobus/216360643.jpg,81833c81834406f50dc72c2a92781bf23cce3b359f6d133e1122e7e4f4a73ea2,autobus,v2,unclean,autobus,
v2/unclean/autobus/216410090.jpg,561e85b9f01d2d2e82d8bf2323af4730f39d41d307bfea4c76db38a2b65ca499,autobus,v2,unclean,autobus,
v2/unclean/autobus/216426389.jpg,4586ff7dce217d728828e5403a080be8aae4557bcc19a4d29b52263d29318693,autobus,v2,unclean,autobus,
v2/unclean/autobus/216460431.jpg,e31d73192ee406eb7c7e10f1faa60877a1452b8c0f8105540ea74a8b1d118c8b,autobus,v2,unclean,autobus,
v2/unclean/autobus/216583468.jpg,b37c4b6849b90ca6af3be2c87e0aa0ac92c1e9d1ada1028013b26a8220e908a4,autobus,v2,unclean,autobus,
v2/unclean/autobus/216637123.jpg,2781df5eaced4f8dacfba123b260056e3c21aee42f8c522d5e78e1f3b37e06eb,autobus,v2,unclean,autobus,
v2/unclean/autobus/216639197.jpg,d15074e6267217c4375e6b78440e2e9d173589ea32bd65bc9247a1789762b4e0,autobus,v2,unclean,autobus,
v2/unclean/autobus/216652655.jpg,4a97710edd2723a07f350011c2eac41be3bd785b16d6dab9750636ab55435af4,autobus,v2,unclean,autobus,
v2/unclean/autobus/216658438.jpg,87cb62bdd4d7e83597211fe56f8111108d32f9d91483af18c39c46f6dc14ac55,autobus,v2,unclean,autobus,
v2/unclean/autobus/216709950.jpg,22d11ed162842cae64b507df15d345c8842d53e2a43dbc98e554be2f233f4dea,autobus,v2,unclean,autobus,
v2/unclean/autobus/216732326.jpg,b8917d55d07dd1262c37eee8b0cbafe80acc56d5bbbb1f6da891b932c47103e3,autobus,v2,unclean,autobus,
v2/unclean/autobus/216735981.jpg,4eac7c81f9eced6c4db163943ff0d84d1f71c1fcaaa8eff9fc2102c6a8a8b4bc,autobus,v2,unclean,autobus,
v2/unclean/autobus/216797922.jpg,2a7ea7c91726858a009a43d1feaa4deef2933c4ace7d7e2d65012a21daabb14f,autobus,v2,unclean,autobus,
v2/unclean/autobus/216865540.jpg,876436bf62b91b41d5a1b4ed1d41b014d38041d10f2845722a8b2614ce142945,autobus,v2,unclean,autobus,
v2/unclean/autobus/216867892.jpg,27438fa6dfdbe846e3b71e40d47752c6a431d9116064ec44d38d1ea12df193ad,autobus,v2,unclean,autobus,
v2/unclean/autobus/216870701.jpg,01400da6b67c7fdf56256741d3ebf9268f7dd2f53a3d53d66f05e0381e290ec5,autobus,v2,unclean,autobus,
v2/unclean/autobus/216913762.jpg,a21c0b612e7c3cfdcc7dbcaf54d70583460343bb50f2fcc82917a7c07a13ebef,autobus,v2,unclean,autobus,
v2/unclean/autobus/216917990.jpg,b5cf2beb531f139773679201c6b87aa5844269341a05ec46061171485c6dccd2,autobus,v2,unclean,autobus,
v2/unclean/autobus/216933271.jpg,4b29cdc7a605b1321caa9fa6866fed4755fa20ed3780cd7802fbce120ee92167,autobus,v2,unclean,autobus,
v2/unclean/autobus/216939494.jpg,6d5df42b95b8e5b1eb7fc2e71fb586c0ec094c2e3a2c94394594df0ebbd0cbab,autobus,v2,unclean,autobus,
v2/unclean/autobus/216967854.jpg,254a45f14a93ca1fb6f55598882c6a0b5a84f35affcf7d46c4f735e2ad070e6a,autobus,v2,unclean,autobus,
v2/unclean/autobus/216977351.jpg,515a62960f0a08608d12f8577469ac8856f55c200fba0278286da18bd6ada705,autobus,v2,unclean,autobus,
v2/unclean/autobus/217002020.jpg,788a8141a79cb8ecae3d16e0198cf09c2c47ad842a66d6f9949c3de4f0e07748,autobus,v2,unclean,autobus,
v2/unclean/autobus/217005583.jpg,b7948af227890f8dd644d6c9043b217f143fba34d9e920d2fcce6127a6a211b7,autobus,v2,unclean,autobus,
v2/unclean/autobus/217007082.jpg,22143e9361a9a0fc2fc10bf7e1fa0e461f385a79e42e4e580ecc56f7d1b32e3e,autobus,v2,unclean,autobus,
v2/unclean/autobus/217008884.jpg,873f9c5d19d6b24c1983d5ce7f752fc5a562201cb7d71ed9eb1996b4fc6ef3ac,autobus,v2,unclean,autobus,
v2/unclean/autobus/217011802.jpg,282446ce47c2d6b39dcda7578c35565c4215263ccc5a43ba351bcc9dfc78555e,autobus,v2,unclean,autobus,
v2/unclean/autobus/217094566.jpg,3cc8010010f58eb592080dd20e005c5a4237c2ce00b55c9f5093cc73ccb43b47,autobus,v2,unclean,autobus,
v2/unclean/autobus/217153827.jpg,2df634385719c36cd31af206b9c8bcc7890f985512b6b7469414e516ed482143,autobus,v2,unclean,autobus,
v2/unclean/autobus/217199412.jpg,99ca97799513a232fe4739b28e6f528c5875404b0b101acf84d3a1e619552636,autobus,v2,unclean,autobus,
v2/unclean/autobus/217207859.jpg,00c40163fa922662950aabd924d2b471e3b27620038d260e41740babf49484ef,autobus,v2,unclean,autobus,
v2/unclean/autobus/217405807.jpg,752e526d8918ce7f9cdd1f76a3296c6b4c4aed6768c7abf30f05cde617016f83,autobus,v2,unclean,autobus,
v2/unclean/autobus/217414585.jpg,698f5c3275e2ffb03cfbbad2764165a025069011d73a4cb24352a5b98e01d66c,autobus,v2,unclean,autobus,
v2/unclean/autobus/217564030.jpg,9bb36b43917da1f57968d91d6f4905e3e3ce095b395d8064f6dd1bf7de1f818c,autobus,v2,unclean,autobus,
v2/unclean/autobus/217713976.jpg,1896ac74908dd34241cc368417d3c88e6bd402bbbe6ab278f268a751a31e09a2,autobus,v2,unclean,autobus,
v2/unclean/autobus/217735260.jpg,ea74a86f55fbc3c72bcfa66c15a031db7bc21752b35ccb7c26921d600f4704a7,autobus,v2,unclean,autobus,
v2/unclean/autobus/217925813.jpg,6be020c3954eb2ad2f1598e5154f5644edb32912ab40ad99f70aba0e161bc6a6,autobus,v2,unclean,autobus,
v2/unclean/autobus/217979622.jpg,2e79ac29a7509c4dd78ed0728eda20485bf00ceffc45912a7dad5b59b368d20f,autobus,v2,unclean,autobus,
v2/unclean/autobus/217994375.jpg,fac91541eb0eca5624f7aa3332deacfe0fa6641a3e54e88e08d9a03928a70648,autobus,v2,unclean,autobus,
v2/unclean/autobus/217999361.jpg,7d0fa8143035e01ee86f705eb7ef3075472f657b711d550e7234e2a0f0148319,autobus,v2,unclean,autobus,
v2/unclean/autobus/218010594.jpg,adb156d4a094494a28701e5bf7daadff12fc6d15865e51b2c890d5853348c399,autobus,v2,unclean,autobus,
v2/unclean/autobus/218041355.jpg,39008c7b2ce9ae299098197f0646d71a9b239c87ad0ac17845eade1b2e79a34f,autobus,v2,unclean,autobus,
v2/unclean/autobus/218048879.jpg,095464bcd11333916cf154c462d1068a7aa080b5c915862cdf17a3de82a1670d,autobus,v2,unclean,autobus,
v2/unclean/autobus/218199792.jpg,88e3dd734e2f731cd51a7387dd3824f5502d723a13038248bb98a09592cb39bc,autobus,v2,unclean,autobus,
v2/unclean/autobus/218208038.jpg,d2100e94480e56bdb5b9d6539db1d138e82c7293277c6e14a58ed53259dc9e5e,autobus,v2,unclean,autobus,
v2/unclean/autobus/218214929.jpg,3e96bc138174c5ee2d5251bf23aed29fe259d5263a4e9cfc03455986d49f8322,autobus,v2,unclean,autobus,
v2/unclean/autobus/218384939.jpg,241c69ff058e59015ca3acf7dc302b547b91333c75a40023b91645ee978387d7,autobus,v2,unclean,autobus,
v2/unclean/autobus/218398681.jpg,0db31c360ed43c18407881aa5a723ba2e3d64bd7de0813f083d22b9f9684d0d1,autobus,v2,unclean,autobus,
v2/unclean/autobus/218426058.jpg,a68b1b74f1bd2d8c019c7421532558da3cb8575f6bfc0cd8b13f1b98bb38e505,autobus,v2,unclean,autobus,
v2/unclean/autobus/218486197.jpg,3b66fa29d4541840e42d4c50524e61a92c6ecd0c06c26e479bf802a2e30e7282,autobus,v2,unclean,autobus,
v2/unclean/autobus/218544249.jpg,4736cb190a80fc75dbffd0164a220cdbb0839ec20c8d594b6395b3377f954222,autobus,v2,unclean,autobus,
v2/unclean/autobus/218564482.jpg,ed1d645d82483ea8fe2cabfe5c3945be858a1d5b0f581e421ed846a2ab2c26d1,autobus,v2,unclean,autobus,
v2/unclean/autobus/218691159.jpg,29d8e73b41c97b5737c630471b4f1e612c1062b62161b77ec2f3071bb9585ce4,autobus,v2,unclean,autobus,
v2/unclean/autobus/218705074.jpg,0b7037a98c914c2ed9dddefc8fb98b88b102015d643ff279174297ad2c595411,autobus,v2,unclean,autobus,
v2/unclean/autobus/218710860.jpg,cc5472ded95b660e430b8a2e51ad3770b30b80e07fa6c11c44ede9b5face40fd,autobus,v2,unclean,autobus,
v2/unclean/autobus/218725809.jpg,de7301f0bb7d7cfce10b84d51a0a8a27f5ceb7ad01f4444154375ae2a86d5e0f,autobus,v2,unclean,autobus,
v2/unclean/autobus/218729799.jpg,7aa34ebef2fa20c6840d325071d729c9ffd37fe1ea1505a5f0bdd4d6079830d3,autobus,v2,unclean,autobus,
v2/unclean/autobus/218732478.jpg,7e3ffce09ea29f60de773f88227438678f95aa965a91488c9d8f24e6c71f3ce2,autobus,v2,unclean,autobus,
v2/unclean/autobus/218751068.jpg,2f4262d40b9bf02fdfbcd4924d0fdaa946185cf58adc73673bb660bf1fa15238,autobus,v2,unclean,autobus,
v2/unclean/autobus/218754987.jpg,3a84de66388d9d309e423a214320ed425d1923dcc82395b101f475653b9a71e1,autobus,v2,unclean,autobus,
v2/unclean/autobus/218755990.jpg,dd35684ccafc07a3c2dbd0395e5dd1e46db324bec257347f5ef8b36dee1326d2,autobus,v2,unclean,autobus,
v2/unclean/autobus/218783127.jpg,97b009d2643f9fac9cf11232248d31995dcb14794e5cb7a7519db716b6fe04ea,autobus,v2,unclean,autobus,
v2/unclean/autobus/218900005.jpg,327aec79deaabbcb16e8db160433746529940e26bb75a4820d7d753624a94a53,autobus,v2,unclean,autobus,
v2/unclean/autobus/218933062.jpg,40ce1ee7f069c122b5bfbbd1121dc1b39253d41e6859102048cf08b6d43cb090,autobus,v2,unclean,autobus,
v2/unclean/autobus/218939231.jpg,5ac7535168bdd4b29035a8df9f9f284248e01945491ea6ae9a426a131f8af0c6,autobus,v2,unclean,autobus,
v2/unclean/autobus/218962057.jpg,17d17187ade4cd35bfa1792c199d05c69dfe176708a8abc97d03f44b52e33637,autobus,v2,unclean,autobus,
v2/unclean/autobus/218988618.jpg,ed3aabea5396c1d5726aeff28ec20e5d76f09b09128f097ed9555e6ac86f687f,autobus,v2,unclean,autobus,
v2/unclean/autobus/219067267.jpg,66c59f1c797666d5e488a7dcda08633e7b8e0dfc897e14b0ecd9545083571533,autobus,v2,unclean,autobus,
v2/unclean/kamyun/212564070.jpg,91fe741120c40f99c8f92c4369d1ef1802c11ca10d6a2d4587f72b57c351a7f6,kamyun,v2,unclean,kamyun,
v2/unclean/kamyun/215943238.jpg,2ac4cd6f1415ccbf909fdbdfe5007044ecdca7f98f59e5e5a5bd567ddd00537e,kamyun,v2,unclean,kamyun,
v2/unclean/kamyun/216647985.jpg,cc19722f3acfee4243c40501cdcbca013532312ea071d676493e6414809e9582,kamyun,v2,unclean,kamyun,
v2/unclean/kamyun/217433211.jpg,a34a4621029d43c22935263f6633f4aca4b6af4ff9e71f292e5d6a4142b54957,kamyun,v2,unclean,kamyun,
v2/unclean/kamyun/218699915.jpg,d5ea584cb509e03156390ce49ab9e77eae4c942f87d7f01120f9add5eca4169e,kamyun,v2,unclean,kamyun,
v2/unclean/kamyun/218723246.jpg,0062e3613c401b27cbb7e97226187905e870a8ec484eb761e701c9919e997e54,kamyun,v2,unclean,kamyun,
v2/unclean/kamyunet/193558761.jpg,27fdd2fe5e27cf1527d0408330a9b7a27f5df8c3bfa68994a31ada06a2eae6fd,kamyunet,v2,unclean,kamyunet,
v2/unclean/kamyunet/195898713.jpg,5c35f0d4daec47cddd62427c066c0d1e0dcc63b8b12f739d1114aca409655c7e,kamyunet,v2,unclean,kamyunet,
v2/unclean/kamyunet/196513453.jpg,1847d0e478356978d6ef79082a90af9fd772bf22deb123eb74df0f370cfe7b2b,kamyunet,v2,unclean,kamyunet,
v2/unclean/kamyunet/197132093.jpg,bd2b79938d95a6a34859e564796a2bc28c705078fbe0b8555a33d95abf2c879c,kamyunet,v2,unclean,kamyunet,
v2/unclean/kamyunet/197504981.jpg,5cec8ea171119a809ef7a20dcfcd323731d34dd87666e0099dc0b77b6ca8e4f7,kamyunet,v2,unclean,kamyunet,
v2/unclean/kamyunet/198068040.jpg,7b9ba9d6897ba6b9d8fa4d046492c88f68ed59c7beaeeb38918d61c6f8463877,kamyunet,v2,unclean,kamyunet,
v2/unclean/kamyunet/198111935.jpg,bb5d9c0c9289ba1e69bea270f48d56f33fd4c83c2a1e3d5428bb0218e178946d,kamyunet,v2,unclean,kamyunet,
v2/unclean/kamyunet/198158463.jpg,f4a10ba7d0d1f41dbcd82e50188addc4c41cef25ec054b6ba88472e8450a7a09,kamyunet,v2,unclean,kamyunet,
v2/unclean/kamyunet/198243942.jpg,5ec7e311ac1e1f79375582d533455ddcfe9b8a13b9bc1f3ab84a9db761c58a00,kamyunet,v2,unclean,kamyunet,
v2/unclean/kamyunet/198264037.jpg,75a225ae25d28bd46d2991607bb8f7e39f0e5f626d95941be3713afa65998627,kamyunet,v2,unclean,kamyunet,
v2/unclean/kamyunet/198330600.jpg,65286c0952a5d7c2625df1cc581df8d60bc08fccf65ace7780990055a0fa5bdd,kamyunet,v2,unclean,kamyunet,
v2/unclean/kamyunet/198465540.jpg,f2dd2a3677f0c889f604a810f0b7f3caae5d3da36c698b6f674a4d936c7adaa5,kamyunet,v2,unclean,kamyunet,
v2/unclean/kamyunet/198991559.jpg,814c680322570dbfcbd2c35569edb0c21c9903d5e351ecfc81e8d26990741e8b,kamyunet,v2,unclean,kamyunet,
v2/unclean/kamyunet/199946768.jpg,1a1c173ced6fdc57e3e0aec06e4fd9d9ff8b6840c13d2b3163edb799b8fbe09b,kamyunet,v2,unclean,kamyunet,
v2/unclean/kamyunet/202409039.jpg,609c96016256e251e07ce260b954dc4aedff7b59168fffd50abb2d17565e4448,kamyunet,v2,unclean,kamyunet,
v2/unclean/kamyunet/202540223.jpg,b1959fc949d7458fad8fe22e919dc1c28d77bd8b3c47f6efc0e07501bf1d61b3,kamyunet,v2,unclean,kamyunet,
v2/unclean/kamyunet/203426119.jpg,0a3e0b2917f0399b0bec0ef017084c352bdcbd0565a943c0cde6edf863026a76,kamyunet,v2,unclean,kamyunet,
v2/unclean/kamyunet/206862339.jpg,38c5379cec7f0586f957b99e9f6299ab6b551383ef78e1a52243086436db7f37,kamyunet,v2,unclean,kamyunet,
v2/unclean/kamyunet/207076419.jpg,061a9f10d50de6e2dd618ceedc0f7e589b483dd8367be708dd7414fc9e16b59a,kamyunet,v2,unclean,kamyunet,
v2/unclean/kamyunet/207598810.jpg,b020169b34a561a2e4bfd0b987c1029d3342296d4299f886714dc52ca4298f10,kamyunet,v2,unclean,kamyunet,
v2/unclean/kamyunet/209517188.jpg,1fbceb1287c609f6c539c46faaaf7e1762bed791dd19e8fa4035786483719162,kamyunet,v2,unclean,kamyunet,
v2/unclean/kamyunet/209845919.jpg,8a06336732a683c30ec1a03efc21831eb807f37c8c073d3746cb9cad1f542854,kamyunet,v2,unclean,kamyunet,
v2/unclean/kamyunet/210107304.jpg,c2515460390edd48301b2f91526d7e8cbb6718e0e4af607a7ed4bb76cf020e68,kamyunet,v2,unclean,kamyunet,
v2/unclean/kamyunet/210122932.jpg,4f62a0bc8f24bb1badaf1f0045c57260001f7cc6edb491b0825d28ff20be648e,kamyunet,v2,unclean,kamyunet,
v2/unclean/kamyunet/211524213.jpg,14b614e9774c93db88888ce7813a87c32c1e3207fa48b9a606236f95f8c1ca0e,kamyunet,v2,unclean,kamyunet,
v2/unclean/kamyunet/212169487.jpg,6efc0f1bb44396445074e6ceb2bef6a81ac383a29a19e3b7c80b62e458a1a3b9,kamyunet,v2,unclean,kamyunet,
v2/unclean/kamyunet/212708966.jpg,3b0a40c5b6f8418c329403c325e3cc1d4e8463836ce6bb47563fa128243d15ab,kamyunet,v2,unclean,kamyunet,
v2/unclean/kamyunet/212722682.jpg,e85900231c8829470233a9197d85351b68ffd0f217e609b5e6be92ec887214fc,kamyunet,v2,unclean,kamyunet,
v2/unclean/kamyunet/212746296.jpg,aa144c6a8fbf24dfb554b16e9f7b2fab4b028fdb8efac4540565385bd2b46da2,kamyunet,v2,unclean,kamyunet,
v2/unclean/kamyunet/212916835.jpg,b72d2efeb7c212a1b7d3265225d93bf2a6fd6f4031fd4a242b0a987af059b51d,kamyunet,v2,unclean,kamyunet,
v2/unclean/kamyunet/213270925.jpg,a4c43b8ce05162d9343055d7336c3a7986770bbc11bf71ebee8624f64d4f15b5,kamyunet,v2,unclean,kamyunet,
v2/unclean/kamyunet/213506255.jpg,05f12d074ff6fd0e195f064cc3906df51e10103be389d3c78dfe29436ff9ddd5,kamyunet,v2,unclean,kamyunet,
v2/unclean/kamyunet/213853081.jpg,8b3ead8fec76d9376168f2795a8139820a20db938591254044ecf3f2b84aa7f1,kamyunet,v2,unclean,kamyunet,
v2/unclean/kamyunet/214048005.jpg,b86e55062601e93fb3f41cbc0e548342b41a8e7f4b70c3a770b77e741c4a2279,kamyunet,v2,unclean,kamyunet,
v2/unclean/kamyunet/214105935.jpg,fe95de3d5d1ee26b6cf3236c85277b582b679b83b8f1a59d973af26eeece2049,kamyunet,v2,unclean,kamyunet,
v2/unclean/kamyunet/214490121.jpg,c2e6787e61e71e55e1b1ec5d0704a4f1e222077f7f76bbf46bb075cab3e01c16,kamyunet,v2,unclean,kamyunet,
v2/unclean/kamyunet/214490765.jpg,7b9f6c5682e6591e22150ca3be9474eade3c2b49b717b6b6e8345dd139d22b82,kamyunet,v2,unclean,kamyunet,
v2/unclean/kamyunet/214493265.jpg,6642dcc49ecc58f9a0df5dd94b3f5473220ef3362313a507e0a19b00a0c54133,kamyunet,v2,unclean,kamyunet,
v2/unclean/kamyunet/214806720.jpg,57de48a161de62dffab61c0c97417d549f3bb48753f2900a375ec4f762367f4e,kamyunet,v2,unclean,kamyunet,
v2/unclean/kamyunet/215181817.jpg,71d583cd6e8f8ad9039eb286bd74ed36744506e4b68ddcf42d630f35865a15cf,kamyunet,v2,unclean,kamyunet,
v2/unclean/kamyunet/215183315.jpg,96fa4ffb7ae1926d642b945d1b5ac992a703bac8a510cec77abfdeaea5727c8c,kamyunet,v2,unclean,kamyunet,
v2/unclean/kamyunet/215318772.jpg,54adccd9385d65ebbc962ccb6a5c6c5ae99f53cb0566d0acf29cacaf1645ed43,kamyunet,v2,unclean,kamyunet,
v2/unclean/kamyunet/215576573.jpg,b48121ea0cb653857d694cff57ab40886187f17ee856a43130256dd1a2f0a511,kamyunet,v2,unclean,kamyunet,
v2/unclean/kamyunet/215579018.jpg,ce81166a242f37fdd6f722214b9384a4c0052b671419e13be4f428d23bcd7b87,kamyunet,v2,unclean,kamyunet,
v2/unclean/kamyunet/215628593.jpg,f2f4b78eda00f2f39963b81fc8af123890a36c9507ece4ae427e2e49e2962d16,kamyunet,v2,unclean,kamyunet,
v2/unclean/kamyunet/215676546.jpg,eed1e33da9468a9a6b16290f69d564f287488e929e15b9522d605a6e33f18dc2,kamyunet,v2,unclean,kamyunet,
v2/unclean/kamyunet/215715240.jpg,dd7f34a4feaf39980d54967a6e7bd0d64ad6c65e40e2250838d8a600740cb022,kamyunet,v2,unclean,kamyunet,
v2/unclean/kamyunet/215726793.jpg,2e142cd0554942128637faf50920d22a0544a47a685508c6d052aa244498aa2b,kamyunet,v2,unclean,kamyunet,
v2/unclean/kamyunet/215739554.jpg,2cdac8e497cfd0a7a982d32dbe9854421326a4aa59e55bed67779ce089b5854f,kamyunet,v2,unclean,kamyunet,
v2/unclean/kamyunet/215772684.jpg,9a2439061ce369479d89475c51c9d64bc7732a8b51fe6b5abe0b6458fed98b3c,kamyunet,v2,unclean,kamyunet,
v2/unclean/kamyunet/215805277.jpg,c188b4886584d9f98ed5833ce386b34cefbbcca149624935c8798f6bda24e954,kamyunet,v2,unclean,kamyunet,
v2/unclean/kamyunet/215805284.jpg,e16414b9f0b82a053e0c7b13124626022fe675b3a918f0bb94a9a2087b7468ee,kamyunet,v2,unclean,kamyunet,
v2/unclean/kamyunet/215809055.jpg,100e47a4cd2caa285b754953fd8ca1aca550b2f118a52a4096be99b75a01b834,kamyunet,v2,unclean,kamyunet,
v2/unclean/kamyunet/215814774.jpg,30feca0d6a45ef87a808b055be8715d6bec7aef288a9611ba3139567852b4ecf,kamyunet,v2,unclean,kamyunet,
v2/unclean/kamyunet/215849760.jpg,155ed5df0e0ddf18aa5dada931aca08192be7b009137fb2fedc28dd8f4abdc80,kamyunet,v2,unclean,kamyunet,
v2/unclean/kamyunet/215856019.jpg,a37d6cbbd2bad781eb15ddbaf53adc9925356e025ac4ff6d1c06690b47a19b8c,kamyunet,v2,unclean,kamyunet,
v2/unclean/kamyunet/215906143.jpg,0ef595e3cbdd86831bb56d678275abec5670716a46ff58c88f65a540ffb689f2,kamyunet,v2,unclean,kamyunet,
v2/unclean/kamyunet/215989790.jpg,b7e99ced4f668dbc478179a6d307fda179622b4d00bda3e8c0a6b41a4cd863f5,kamyunet,v2,unclean,kamyunet,
v2/unclean/kamyunet/216034688.jpg,f4d9abbdd1f26cc55c5a5b91b8ce40c299226a0c5632884e9d8011a69a0b1bf6,kamyunet,v2,unclean,kamyunet,
v2/unclean/kamyunet/216045130.jpg,f730f741c5dfad4dd5e8ae39fef517bf957e7bc4bf74f9c1e013c48a60619672,kamyunet,v2,unclean,kamyunet,
v2/unclean/kamyunet/216048031.jpg,ece106e8694efade780888e5f152c0043c58ddf9437c5fb7590134e431648f0e,kamyunet,v2,unclean,kamyunet,
v2/unclean/kamyunet/216050933.jpg,45545466850ba3acac3c24fa490bd6afb506243bf5f63c890a4bea4eefeaa153,kamyunet,v2,unclean,kamyunet,
v2/unclean/kamyunet/216151124.jpg,8e538d8737238af0170c38155da71a8047b269b2d15dce58bebe325366fdeb1d,kamyunet,v2,unclean,kamyunet,
v2/unclean/kamyunet/216199187.jpg,06325a1726053287ae9bebed6a0af865bcc8ab34ca5aa4a6e5d467bff9f308ee,kamyunet,v2,unclean,kamyunet,
v2/unclean/kamyunet/216223738.jpg,c101a9e68afb9f4727290c16f96f5b3002896ab10abfcf8b2fb25b7e023ec636,kamyunet,v2,unclean,kamyunet,
v2/unclean/kamyunet/216230183.jpg,814c2177189276df5d6533b586d287991d58484cddaf390ef38b709c3fe3d9cd,kamyunet,v2,unclean,kamyunet,
v2/unclean/kamyunet/216317142.jpg,1b305aebe88b0bec804551a80d7500c25901f055ae89f5af48798777fa062fae,kamyunet,v2,unclean,kamyunet,
v2/unclean/kamyunet/216392196.jpg,c61a35f4002286e8d5211b4030e50fe3c4dc7e4e0bb65333d5c26a3369f54fcd,kamyunet,v2,unclean,kamyunet,
v2/unclean/kamyunet/216428687.jpg,46217f8be523ed8213548765c7e3b06514a7e9b286ea20b01f17c6478118efe0,kamyunet,v2,unclean,kamyunet,
v2/unclean/kamyunet/216446865.jpg,12eaae25c47a4fee27818c6c152b5f0713b34a35e874e2120c26fb8445868fc9,kamyunet,v2,unclean,kamyunet,
v2/unclean/kamyunet/216480042.jpg,af0c353984fb97a0f5a854bba5bc5650ce43907b7fd1890127684cbdb564c5a0,kamyunet,v2,unclean,kamyunet,
v2/unclean/kamyunet/216496874.jpg,343e2eaded2c097628ff809f22d780057af411793eddc3c87c3109b6843b3b82,kamyunet,v2,unclean,kamyunet,
v2/unclean/kamyunet/216526240.jpg,56f8875a5733ff6fe665f20014748e8c55c8e988dafe5eac9f1ad5a045a5fc3c,kamyunet,v2,unclean,kamyunet,
v2/unclean/kamyunet/216575329.jpg,02c16f6a5d538916e5239a94d4c54ffbb1a8c69cff324d61126f5260e1afceb6,kamyunet,v2,unclean,kamyunet,
v2/unclean/kamyunet/216585734.jpg,8b312bd1202260190141d552b7fcc45eddba0f34cbc4cdb46541d38179beea08,kamyunet,v2,unclean,kamyunet,
v2/unclean/kamyunet/216631549.jpg,faecf30fc01d64b6b4d55cb35ca6cb57ddc4abf232d125b46eb56756315a9718,kamyunet,v2,unclean,kamyunet,
v2/unclean/kamyunet/216737299.jpg,dac590225e1db5dc8cb3ae43e3d9f61ea92af39e547c3c3baeb6bf7ee60dbafb,kamyunet,v2,unclean,kamyunet,
v2/unclean/kamyunet/216742207.jpg,315285ca8fed24f81ebad382d953d0f26ecac748d0a41041400f294b61941cfd,kamyunet,v2,unclean,kamyunet,
v2/unclean/kamyunet/216751610.jpg,1acd71be88cea479aca72d2d6ae60500470e234136ebd84ee3732b8ef0cbef44,kamyunet,v2,unclean,kamyunet,
v2/unclean/kamyunet/216761927.jpg,0a39b1dd9f4b1ea71a82d1f38dcb777ea025fcb218cb56eea72c3b3519e269f7,kamyunet,v2,unclean,kamyunet,
v2/unclean/kamyunet/216763745.jpg,b4ceceeb130c4044d919bcceed0be636ed35f317d771918cbf794eb43578299f,kamyunet,v2,unclean,kamyunet,
v2/unclean/kamyunet/216790354.jpg,71810e94768b629194ee1b1839d6c3e13033b12939f191f2527405ad003dcd3b,kamyunet,v2,unclean,kamyunet,
v2/unclean/kamyunet/216816286.jpg,9a87770403c8ae02be8d49e53d66f673b6c10981113a7a9fa04a369a46b5f3a0,kamyunet,v2,unclean,kamyunet,
v2/unclean/kamyunet/216829724.jpg,1524fe8b8b29a66339ce2fc7bedb08d800ae3c1994de4223f8761f0482ca9d03,kamyunet,v2,unclean,kamyunet,
v2/unclean/kamyunet/216892357.jpg,3e47496b77aa68ad69df3980ccb655ba5c158572655b88050f54f7b83d6dd10f,kamyunet,v2,unclean,kamyunet,
v2/unclean/kamyunet/216904183.jpg,8275b3d3976078f5d6d1c4ab1d40d9a2e7bff19fdd7849ed1b1a12eccef89e34,kamyunet,v2,unclean,kamyunet,
v2/unclean/kamyunet/216916842.jpg,2b009dfbed1e67ed49904fadf851bbc3533e5a0bdf95f16c5411c5aff1b91ac6,kamyunet,v2,unclean,kamyunet,
v2/unclean/kamyunet/216930847.jpg,1075e2d3edc7e1f0482aab443e4af1242c9eb096135d1cbe7e6d21fd0ebe2f0b,kamyunet,v2,unclean,kamyunet,
v2/unclean/kamyunet/216941617.jpg,a5d938ed076a778a31193015e78dc30ecae43b246578e1a2331d3b1a3ae2e759,kamyunet,v2,unclean,kamyunet,
v2/unclean/kamyunet/217008010.jpg,e11e424cb099fe9887d7022aef8ce407c57ab522d4a4d90834ad36d1b002a975,kamyunet,v2,unclean,kamyunet,
v2/unclean/kamyunet/217024570.jpg,a59677e990528e50c6f6f8f75b3056fb59a03ce9e83864e444745e43455966a9,kamyunet,v2,unclean,kamyunet,
v2/unclean/kamyunet/217031137.jpg,b4873d31f405b91a660b4ca4e1a98a41c86f2d5e2d0481a284111f65e7618bfa,kamyunet,v2,unclean,kamyunet,
v2/unclean/kamyunet/217052078.jpg,815249b80b325297fa5d96f7064f66be14850a5d4c6f2ecc3acd1db876420b0c,kamyunet,v2,unclean,kamyunet,
v2/unclean/kamyunet/217083046.jpg,586880637dd0dea19cef4381a6b5b6e141e28d36e98aeea1550abca71340ab8a,kamyunet,v2,unclean,kamyunet,
v2/unclean/kamyunet/217189439.jpg,609800784601ace5b7ad1cff35823c2c27873a8b6728610738580c1c043136eb,kamyunet,v2,unclean,kamyunet,
v2/unclean/kamyunet/217195459.jpg,7d1f50480b4f78e01cb488112cb403aaf5e433f575664a549ec1abc90f3a911f,kamyunet,v2,unclean,kamyunet,
v2/unclean/kamyunet/217558245.jpg,2f715c668be9e76aa8354b84d030d04b9c43ca3f31c7a2839c2016663d393ee6,kamyunet,v2,unclean,kamyunet,
v2/unclean/kamyunet/217644872.jpg,787e79bf4737677dc08b7455e05169234dde9ef89296d5901a63730e16476fec,kamyunet,v2,unclean,kamyunet,
v2/unclean/kamyunet/217791346.jpg,dfbc353ea08a9c05516583a6648fd6f72ba548a9d02c1f370d97a3f4a784ee52,kamyunet,v2,unclean,kamyunet,
v2/unclean/kamyunet/217801280.jpg,111462eae5da0295609bf5f75615674a8a223458e01d10fb54008b39e436fc17,kamyunet,v2,unclean,kamyunet,
v2/unclean/kamyunet/217801992.jpg,108102922b002bb70532319d619aeed9a262c3f29e2821545d25f057b197cb3d,kamyunet,v2,unclean,kamyunet,
v2/unclean/kamyunet/217812444.jpg,6efe24172bf0f39931cc6b860ac7879dac2b03aa703fe06297a0263c47597ca6,kamyunet,v2,unclean,kamyunet,
v2/unclean/kamyunet/217880543.jpg,55bf218a2e1f13b6b1ce1f0e6d5babfdb680300f33b7212cd2282103b1f71724,kamyunet,v2,unclean,kamyunet,
v2/unclean/kamyunet/217894393.jpg,d7fb9b490662739280e80fda0ddc66b3fe1b5b81810d7a3bd4dfca2c8e17f208,kamyunet,v2,unclean,kamyunet,
v2/unclean/kamyunet/217895269.jpg,6d66d49c2d1e633783b9ebf887588da75dfae21fa23e50b17f7ebc98cae01042,kamyunet,v2,unclean,kamyunet,
v2/unclean/kamyunet/218007427.jpg,608ee407ff0d0a75da5707ed76300bb6935b552ccf937d0bdc4b2d8d576640c2,kamyunet,v2,unclean,kamyunet,
v2/unclean/kamyunet/218018419.jpg,fe88e378f931df8628178c24c3e97b21e3e6301f885c4d4ee46eadc6f31c14ca,kamyunet,v2,unclean,kamyunet,
v2/unclean/kamyunet/218078546.jpg,5cc3e4e86f92ed5786fe86c1d019039489dcc22c269b7b9b989deeb708f330dd,kamyunet,v2,unclean,kamyunet,
v2/unclean/kamyunet/218083651.jpg,9680cf0d3fd1d9105b70435978f95153ad6e369cf11f26de7552858dc760bdb7,kamyunet,v2,unclean,kamyunet,
v2/unclean/kamyunet/218107237.jpg,9aec764c8a8b11714d41c078bb42242eb43112dbb9c47226d67e9be70d022792,kamyunet,v2,unclean,kamyunet,
v2/unclean/kamyunet/218187809.jpg,c3a6b043f99bbe9d073be9d0734bc483a6c2485ba791e0fa6bd1d40f424ea52e,kamyunet,v2,unclean,kamyunet,
v2/unclean/kamyunet/218189090.jpg,3f99f3b47587a0d878ba09d6fba74d5f43c6e17f66550d7ef1c0e48d709d8a51,kamyunet,v2,unclean,kamyunet,
v2/unclean/kamyunet/218203951.jpg,437de5a99bcd3d4a2b05738ec49dce89ab6695780d9b2609258b8a4e828f03e3,kamyunet,v2,unclean,kamyunet,
v2/unclean/kamyunet/218263496.jpg,a6da25c54ee1a0205d0ce81bbe30443c432d7a77e7c55f91a5375ecadb3685ac,kamyunet,v2,unclean,kamyunet,
v2/unclean/kamyunet/218279230.jpg,1d837aa77b5122a9f81eecacd31d5177d85b8e0085b677cabe58a6a7103cff3d,kamyunet,v2,unclean,kamyunet,
v2/unclean/kamyunet/218340234.jpg,a714686cf596b54d7e280981e2f68095834b6397084f51621ad033a1ca19edcc,kamyunet,v2,unclean,kamyunet,
v2/unclean/kamyunet/218365461.jpg,c8ccc94dbf8864585c69e23c74d2555b744af53714d0d2d5f2583375a418e50f,kamyunet,v2,unclean,kamyunet,
v2/unclean/kamyunet/218378715.jpg,2f00f50c7a60f303c83bbec30355da16e48638ab9ebc28e4d2f8eebfc4d37461,kamyunet,v2,unclean,kamyunet,
v2/unclean/kamyunet/218451178.jpg,53b85f5077ecc73828c3649957caa6b65ac3812b49aa01897918940577fb3809,kamyunet,v2,unclean,kamyunet,
v2/unclean/kamyunet/218510929.jpg,cf65df8b61c432b6a985dd0c50ccbd564dcb40143ceff67e3d6889cf6d9b9bdd,kamyunet,v2,unclean,kamyunet,
v2/unclean/kamyunet/218525760.jpg,28ab15e2952ad4a426cb8b4623a9ac655ddad4056f374ade4db0b0a77eec30e6,kamyunet,v2,unclean,kamyunet,
v2/unclean/kamyunet/218668096.jpg,b5b42003e22612cc974ba592785eda3b40ded20a16f1dec15a81216e5f9f5b32,kamyunet,v2,unclean,kamyunet,
v2/unclean/kamyunet/218701441.jpg,1d7e4995c04c05571f6baf2710e428f55d81c0637cee21ea58a7ba09a8411936,kamyunet,v2,unclean,kamyunet,
v2/unclean/kamyunet/218719224.jpg,05d443f20f72c936eed187c6c1ed7c5646554983635e39a8052d95a7c1edfc39,kamyunet,v2,unclean,kamyunet,
v2/unclean/kamyunet/218731934.jpg,db3c5ea7abc23ae1b9974e13a97edab196a82ef6154a32f5d1482b62b28f32a4,kamyunet,v2,unclean,kamyunet,
v2/unclean/kamyunet/218812826.jpg,274c24b2c446de0cbca75a5144e0621bff76a847dae5a4ac7838b90b813fb988,kamyunet,v2,unclean,kamyunet,
v2/unclean/kamyunet/218894134.jpg,5573db7c0abe0fd59744b8b22b39ccae1dc9a3af14f890df75a4d7accb478f46,kamyunet,v2,unclean,kamyunet,
v2/unclean/kamyunet/218913388.jpg,4e36558c9fae1ca7e643981436007529af565931d7710218ca9abc7fb11b8ca9,kamyunet,v2,unclean,kamyunet,
v2/unclean/kamyunet/218931630.jpg,0846e4aa6476a25d006ed6648df923ae181f8e71b52116e84048353d95afd7e2,kamyunet,v2,unclean,kamyunet,
v2/unclean/kamyunet/218955796.jpg,aeaedebe248e339ef5e05b59c567e1e24d03963ef65d9d32b0dc7dcbf42b0632,kamyunet,v2,unclean,kamyunet,
v2/unclean/kamyunet/218968655.jpg,eac05a7782f2433f60de5d5952ab454fe8f5205dc9d704e5c06bb3c5f911ff3f,kamyunet,v2,unclean,kamyunet,
v2/unclean/kamyunet/218980442.jpg,1a987725f99ed157d6c5e8ad8ac361498d19af535a8c417439052d808eb6d130,kamyunet,v2,unclean,kamyunet,
v2/unclean/kamyunet/218989880.jpg,eacd80243b60dc4ba2a67a269a643748d1381e967a08da1987ff126fe5dac054,kamyunet,v2,unclean,kamyunet,
v2/unclean/kamyunet/218991037.jpg,ffa77a7c7c2038a6be016448c460378f2b1fa9e119d4165ac021ff8256f88603,kamyunet,v2,unclean,kamyunet,
v2/unclean/kamyunet/219033619.jpg,4d3fe7a1ba67817838a1c32d00318b19d69d4e3c4649b9429b48299316df6176,kamyunet,v2,unclean,kamyunet,
v2/unclean/kamyunet/219066213.jpg,d79ac0c2b5ebbd86c41c4c15e1f683a8553df8acb4b83bec882b2fea1ba85f8c,kamyunet,v2,unclean,kamyunet,
v2/unclean/kamyunet/219089402.jpg,1efe63deaf455fcd9aba10b17e69e0bb45a57f69220122dd906d8f2aa3cb933c,kamyunet,v2,unclean,kamyunet,
v2/unclean/minibus/195418798.jpg,30f665a11aaf7e80ab5227e399ef9d0de9f4af126d6da12e2d4024fa072b8e59,minibus,v2,unclean,minibus,
v2/unclean/minibus/216930102.jpg,7fda9861bc0a344c8c5089fd8131cc2cba3fafec276e39cf0ead828331c8a850,minibus,v2,unclean,minibus,
v2/unclean/minibus/218588253.jpg,ed885d1d58b076657f3290cce539c0bd9e1603d3698fa86e7f303f7c2291e358,minibus,v2,unclean,minibus,
v2/unclean/savari/195433974.jpg,720ee91908d2665285562d993d1ddf37e73461edd218fb41dc429c8dec44674a,savari,v2,unclean,savari,
v2/unclean/savari/195724812.jpg,c600910dfeda319add489879b14b6e62e2ce880db079b0859b124b39d40534e0,savari,v2,unclean,savari,
v2/unclean/savari/195946835.jpg,158da65219a36a4e0ea9489ae109168194649813568e9012f1861cadd8626152,savari,v2,unclean,savari,
v2/unclean/savari/197061032.jpg,e7b0b98f42433097af6d293b9a4ba07aa3e7384583c442e34e3c07bc7c7432db,savari,v2,unclean,savari,
v2/unclean/savari/197940827.jpg,2c5a056f995056cedf6c5e8f8aba9d588b82140a95fd20ae7088592dc211a93f,savari,v2,unclean,savari,
v2/unclean/savari/198043112.jpg,2df8f05c570cb6592375eda45d7efff106526a42fd26d80b56dcd188a912be7a,savari,v2,unclean,savari,
v2/unclean/savari/198102291.jpg,813f7479436ab97789ebab2f6f1bd23ad55be2b2de5878fbf01f008bebbcff3f,savari,v2,unclean,savari,
v2/unclean/savari/198114661.jpg,15dbb8058df403f5c9573cf04104572aa55de6874179bd955cb68adcada527a7,savari,v2,unclean,savari,
v2/unclean/savari/198373557.jpg,2c78bedd1ed3ed6aa331f9ac8b96ffa4a4ed3e273a67cea55e3f39a1920b1ee1,savari,v2,unclean,savari,
v2/unclean/savari/198464048.jpg,e4a2b4aeef02904c7294038a1a1bc256eee3abe6e2039e629033719ebd6e8a99,savari,v2,unclean,savari,
v2/unclean/savari/198480913.jpg,86e158c5d5369cd58d6c22e8fa60ffb317e4a9328645373387b38142af518098,savari,v2,unclean,savari,
v2/unclean/savari/198541116.jpg,28aae622c2e80d9cb345a956599251dc42882c6bd23e7895d2e33d85db8c8767,savari,v2,unclean,savari,
v2/unclean/savari/198640972.jpg,75f90edfbcf8a5975f35b1fe8eb8d8a154aebd7089b23468327d4128c8c4fd57,savari,v2,unclean,savari,
v2/unclean/savari/199291703.jpg,749f688c62e3665380d6a7e898dd2c9f497bec1a9ca9a1d27bd0372cfebfcffb,savari,v2,unclean,savari,
v2/unclean/savari/199652334.jpg,075e0aa33127725d53ffa02ffe224a3ae5ad2fa53e772bd215d7edd092685d79,savari,v2,unclean,savari,
v2/unclean/savari/199825671.jpg,1d84feda4f70fb8e1c50e7fea0257a13fec5616a70427f1354f890b7d2b2eb70,savari,v2,unclean,savari,
v2/unclean/savari/199838206.jpg,7b978c1fa90f6835930c3535802ab91f3385a09ed162a459fd621fdca4665cef,savari,v2,unclean,savari,
v2/unclean/savari/200499854.jpg,ac33ae0fe6c85d8995630a795888711f6fda88140c3d9ec8933ec751332f5ef0,savari,v2,unclean,savari,
v2/unclean/savari/200806002.jpg,a850530ab94a08215a8f4950c097b4a59f69af996743d623b381a75f8cf9827b,savari,v2,unclean,savari,
v2/unclean/savari/200931514.jpg,c7db9eaeb8116fe9efdb1d75816d89f8bcb748bb383b776c94aba31fe2f3ef2b,savari,v2,unclean,savari,
v2/unclean/savari/201454407.jpg,1e55f85e3ffdcce98ffa070681c957d87d4f0b3d921f1b849c43f30f0cf1757f,savari,v2,unclean,savari,
v2/unclean/savari/201795618.jpg,6430d92f6ea13aec4b05e561a87b2585528838c1cd16e624f520b8e0dd144c98,savari,v2,unclean,savari,
v2/unclean/savari/202162130.jpg,0af0638902a999ebe409723c4ef52aed0609cda4d167062115058f15c0a0e608,savari,v2,unclean,savari,
v2/unclean/savari/202172611.jpg,74a4cb00c6d0ea6b1236fd3c088fad700f7119af9803a7319b80cb67bfd4f995,savari,v2,unclean,savari,
v2/unclean/savari/202545543.jpg,b9f30cfe55edb5604c39274f123cbe8539af4dab32febd3e01df03505661e45d,savari,v2,unclean,savari,
v2/unclean/savari/203013904.jpg,3900bc6d9581bfe63438056ca46cec73cd6050dc5d6533c1189c0561fcbc9d76,savari,v2,unclean,savari,
v2/unclean/savari/203405391.jpg,dd069e02e9ef2c1fe81bd521f2348fefec7c36024ee5ce9c8e45f7fa8ce40a4d,savari,v2,unclean,savari,
v2/unclean/savari/205160387.jpg,8be0e71e7649ca74cbf049ed93c0dbacbd0e9f81f8d611ecad292b8d43198039,savari,v2,unclean,savari,
v2/unclean/savari/205317151.jpg,74d4ddae88c4efb2a26ae8b621df7ac52b296d4ecf7d329be446bd1e703d0d48,savari,v2,unclean,savari,
v2/unclean/savari/205576507.jpg,2c80e93c46e75518296241744f3aabdd9ce1751401c17d5932e508a174824b2b,savari,v2,unclean,savari,
v2/unclean/savari/205668577.jpg,4879d405a90f27e011484ef6ba7e9cac1be94ad6c1503d1fb5d8911197e9a40f,savari,v2,unclean,savari,
v2/unclean/savari/205754454.jpg,c7259f0fa6a0ecbe85596f6d46bd2e0cb1e80298085dd9c844222d166791e283,savari,v2,unclean,savari,
v2/unclean/savari/206138343.jpg,89a3475624df217abc2ae6e5669bf21719e53812d857ce6ac2f4b73afa039791,savari,v2,unclean,savari,
v2/unclean/savari/206277240.jpg,b1014b235a04896fac4de00b264c3d24727f5ee744c7da548688c0e9a0bf15f0,savari,v2,unclean,savari,
v2/unclean/savari/206416762.jpg,53da313bd1b230f98a5caeebf53e1e8dd7ba22dd53b0bd1d69534743cd9d515f,savari,v2,unclean,savari,
v2/unclean/savari/206793149.jpg,2703aa17fb51783c7d96d13743453d5ac2b8da571f2dcecac77ed6ab58d2f38c,savari,v2,unclean,savari,
v2/unclean/savari/206883575.jpg,7cb96d601b2672c6aa110e8ca23d83e672143c53370e44d0b3c02c108f065c21,savari,v2,unclean,savari,
v2/unclean/savari/207151442.jpg,9ec1cea39d4f75df0946ddf770085147688abe17c2906e459b9989a8fb6249b8,savari,v2,unclean,savari,
v2/unclean/savari/207764744.jpg,b9b837b64e4c9e15a5469cc1ef669469f53352b3ece6cc4544ce734cf2367844,savari,v2,unclean,savari,
v2/unclean/savari/207785205.jpg,f79abd47b8dea7f03311ab177b1a950d419c8ba69d2ede939449d8e144b2630b,savari,v2,unclean,savari,
v2/unclean/savari/207835536.jpg,24c8d9683663a95ecada3db7bbf5f9718f2702ad8c76b23d819000f7a6b548f4,savari,v2,unclean,savari,
v2/unclean/savari/207938297.jpg,c799d34edbe3fa611fb187b65ee2a503554ec64aacf61281c1e787e5a113a96e,savari,v2,unclean,savari,
v2/unclean/savari/208215002.jpg,8dde5d16df06789d467d63b538af19277e74940b4a5754806ec5733e571c2faf,savari,v2,unclean,savari,
v2/unclean/savari/208835631.jpg,46fe270a911770008ff41b5b8f25ea69a499a5efc338ae65fe5bfb41bdd36741,savari,v2,unclean,savari,
v2/unclean/savari/208896884.jpg,47a6a45fd4c5f52af42c0338088267dce099ff42683e8205e4fd308c01cfa05b,savari,v2,unclean,savari,
v2/unclean/savari/209019732.jpg,c969dbe6c525daee80d36c91a5f707e07db28578f060dbcafac509fd7c5fa085,savari,v2,unclean,savari,
v2/unclean/savari/209038770.jpg,58eec1d8e97842972d87259ce8d1ac665d4d28585cf76346282a947643969a07,savari,v2,unclean,savari,
v2/unclean/savari/209430101.jpg,429d71e9e05d70a42a2fe75e5fc5d2e2256cb6661f93a334af6c522b34132384,savari,v2,unclean,savari,
v2/unclean/savari/209434334.jpg,6fa3459c6b048238a7a14b9b6bddbecfdd6a75953dba255b4f13470f5719cd5c,savari,v2,unclean,savari,
v2/unclean/savari/209690806.jpg,2edcfbbfdfee0cccb4f5f6ad787f654f0fd6a5e4201f23f9226605cc0be31082,savari,v2,unclean,savari,
v2/unclean/savari/209718955.jpg,c79c5b4fd6147e92a0e7353013278e82e9995787dd2a22bbf6778021e1482470,savari,v2,unclean,savari,
v2/unclean/savari/210043852.jpg,7ca568a4c06cfbbde49188f1e843b165092a2fde7f4de3363a8685be07eaefbe,savari,v2,unclean,savari,
v2/unclean/savari/210205517.jpg,af362f588d87e5d377fce2ff5ee51d7c2f098bde06269ae862d4a7109d1c5143,savari,v2,unclean,savari,
v2/unclean/savari/210514855.jpg,9fb3d31cbb315e28882df01d8c70f184541c78fb146416e428a0619fad0f9697,savari,v2,unclean,savari,
v2/unclean/savari/210570601.jpg,e53aa7c518c00ea08e930566b7e692797ac4af280858e659a695b4483c699acc,savari,v2,unclean,savari,
v2/unclean/savari/210591541.jpg,ab547e7f9353b1f0290aa651ea9f97b4d14cc40e8fee510cb0c186a27760a651,savari,v2,unclean,savari,
v2/unclean/savari/210708482.jpg,52cea4ad50a39429c9aa04c92f4fd54107405521bcafd1abaa424420bff746ab,savari,v2,unclean,savari,
v2/unclean/savari/210866108.jpg,4730f3ca02051123dcdf10bc241945e033ee7f4276310c188c85871a346a5fd2,savari,v2,unclean,savari,
v2/unclean/savari/210955415.jpg,faf6f55cd9a468f837a30b797c830eb12e2229e245eb46ac8a66b3bb44d00a9a,savari,v2,unclean,savari,
v2/unclean/savari/211342364.jpg,d846db2867bc4e07ec4c064db567d408e2b2d383b778d81692ed9b94e0bdcc9d,savari,v2,unclean,savari,
v2/unclean/savari/211490232.jpg,9722983118e9d97bb43c41d3ccfac77bfa1949df28697f02510d7f75bcd48997,savari,v2,unclean,savari,
v2/unclean/savari/211607090.jpg,83b0549a1a865082f6b04f8242b6922b3d345e69ad0f1712d7370f90157ba7fb,savari,v2,unclean,savari,
v2/unclean/savari/211858432.jpg,4adb18fe0b3f231aaa6b2bd95a18e310dd4b341fb710b3eb2744e5c9c0462d89,savari,v2,unclean,savari,
v2/unclean/savari/211872752.jpg,1297961ed70e8cc93057eeb0954a8fab2239ef5c9ed1027ed4ca2d25122ca670,savari,v2,unclean,savari,
v2/unclean/savari/211934537.jpg,ff8c17b4ea517847fdc15077d968825a2cee147890c54da4ff50afa20beabaac,savari,v2,unclean,savari,
v2/unclean/savari/212125069.jpg,e36332dc112ff3b8388ef6b3789b4f951647a7a767876645729c03bfdbdada95,savari,v2,unclean,savari,
v2/unclean/savari/212213154.jpg,f2568723d82bb458313e9a0a904a1defa1268cac7e5f5d0b2316f9f7e0f0f690,savari,v2,unclean,savari,
v2/unclean/savari/212557751.jpg,ef430292b5b15741979486e62701d5db8cb738158f44e85bbba0fa9f08b85e65,savari,v2,unclean,savari,
v2/unclean/savari/212763648.jpg,6c28c2f7195c92479d9a09a200840a8aa19e0514aeb2f0493b8b48e3476dea42,savari,v2,unclean,savari,
v2/unclean/savari/213161227.jpg,8279a879d0d404578743389b1aa7b209d5bbe02fa3b13a01e96fd00156126a84,savari,v2,unclean,savari,
v2/unclean/savari/213269293.jpg,33be90edeaae2a0e183955d8ce62ee024621b65207130396bf0f95950d0369ca,savari,v2,unclean,savari,
v2/unclean/savari/213387241.jpg,710b2ee6e3a59cf87b483a2a8609de83c2eb53ff3957d8b9f02c7d16ca3ef0cd,savari,v2,unclean,savari,
v2/unclean/savari/213701981.jpg,3687a2b54420780e1956dcafb41efb5c7ad4856e2877ac0f79be00289e2672b5,savari,v2,unclean,savari,
v2/unclean/savari/214344756.jpg,d399de3448c33e8559c645e7545ef182a401b33701781bee9427fe0110d3733c,savari,v2,unclean,savari,
v2/unclean/savari/214593501.jpg,402022d3be3f2a6693c8fd492c2f13a73d6c610a27a5a1ba563f6152e2d4ea73,savari,v2,unclean,savari,
v2/unclean/savari/214631845.jpg,dbb1d579799de47730185f2438107c7d4c0fcbc511dee6adef2ed1b2942f4e84,savari,v2,unclean,savari,
v2/unclean/savari/214643894.jpg,7f9630ce8e94eb1f2f5a3ffe40a57df90ff782f6847ddd904d85279ab00dbb80,savari,v2,unclean,savari,
v2/unclean/savari/214697912.jpg,e8d7a94d3d993cadcf8105b319f4b9ecea43f66edb7a02116529501e16cc77df,savari,v2,unclean,savari,
v2/unclean/savari/214737191.jpg,c56660c0a217cafc3fce20f9402cdaac2fb48d6d862d34c69dadaffc4e2523d5,savari,v2,unclean,savari,
v2/unclean/savari/214764331.jpg,ffd97c910cd80780f11a731f6e5c9088a759379b932bc58f77ed8a1564ccfb4b,savari,v2,unclean,savari,
v2/unclean/savari/214832756.jpg,109b82730c8689d74deeef1c17a8373976eeb011a357e1366cfeb8a9b4ff9d48,savari,v2,unclean,savari,
v2/unclean/savari/215119324.jpg,6dd7bd4a30ea94a1c87f977cd43010d13b4741215d6ee4e076405b60b1b95738,savari,v2,unclean,savari,
v2/unclean/savari/215537143.jpg,9f3c92befffd639af579a002b205fe4b3dfef63831cc7348a2ef9980f04b21c7,savari,v2,unclean,savari,
v2/unclean/savari/215797978.jpg,9a9c2bd32ced6c27e2fa5485415d7fc4d85fe6b1cd1626929182c70c7c2e0577,savari,v2,unclean,savari,
v2/unclean/savari/215808755.jpg,6d91bddc8ac5f3206230efd54e73ab077f2a3392469c8fabe7da0f0013d43cf4,savari,v2,unclean,savari,
v2/unclean/savari/215847437.jpg,fb498fce46a10b113a29719193cefdcf724d63620bc3e6e71b3c2b8f87ded133,savari,v2,unclean,savari,
v2/unclean/savari/215899289.jpg,f4318cb1e545d3e3aacde092c2e072a6ee81033fe0cd0888de09649cc62b3c1a,savari,v2,unclean,savari,
v2/unclean/savari/215925240.jpg,599dca0f4ce6aa7fe8de0c1ae916046ca858a0028a35180529cdfbdfa502996e,savari,v2,unclean,savari,
v2/unclean/savari/215951198.jpg,48874676d2572058e1bc931f670091dbc63c5d554382236d3c2dd81748a01916,savari,v2,unclean,savari,
v2/unclean/savari/215996726.jpg,254e995aeb02ee976b9ade6c8a6cbd4ee3b7bc50d8a87feef3ce2d057f90f11e,savari,v2,unclean,savari,
v2/unclean/savari/216019296.jpg,59e6369ca6a3c924786d51e8b9204240d3a3714394d628aecc3c94592815e35f,savari,v2,unclean,savari,
v2/unclean/savari/216079866.jpg,4e2a7396a517b58de19d72685eec93b37a7689752f0b81be45a70faa01496894,savari,v2,unclean,savari,
v2/unclean/savari/216348327.jpg,052eac11c383488dc602b5161813b79c19f4e7b678c2982124e3025e66c3a27c,savari,v2,unclean,savari,
v2/unclean/savari/216428705.jpg,b6b59fc7bc568162d2a738342752cc0ea4835c4bf317e83a3ae3ad412504c54e,savari,v2,unclean,savari,
v2/unclean/savari/216442459.jpg,ffcf69d18c9aaf2160e98eeacb2c0c28b665e732d94c78c3219a5670125f6fee,savari,v2,unclean,savari,
v2/unclean/savari/216565316.jpg,f40decd75704571a776ddc420378fe455c1455857c0d3418352590d0919d4e9a,savari,v2,unclean,savari,
v2/unclean/savari/216574742.jpg,72f52e8ea7cc88be05682356fcd019d695baea1c430db367318fdbc4ba8af234,savari,v2,unclean,savari,
v2/unclean/savari/216585140.jpg,bdcd719cc4d5036e1bb843180e4b93c704d214b33e4b995adc0f4517eb0de85c,savari,v2,unclean,savari,
v2/unclean/savari/216624665.jpg,2a348c8dfd53d6ddd084e353fac0120c8598d08b1858b7175ec85a97c021fd24,savari,v2,unclean,savari,
v2/unclean/savari/216661534.jpg,33166f540a1f424e70e4cff9e16da45dcdac2d2569786a104808faf30c07be27,savari,v2,unclean,savari,
v2/unclean/savari/216679332.jpg,fcb40f0df1141714db0914ddfac429560a9b16e6521d6e24a785989e7dd6034f,savari,v2,unclean,savari,
v2/unclean/savari/216704359.jpg,a083fb7ceb00c031dfaa6da351f325c257cccbbc76e35350a7feaaebefd458d6,savari,v2,unclean,savari,
v2/unclean/savari/216707659.jpg,c9d5f9a3d937c10a81467d0132a5da7b27289dfccc19d327abac50ac22895070,savari,v2,unclean,savari,
v2/unclean/savari/216729257.jpg,530d87d39a0f1cc71410dbff4457874aa60c55aac1bba2880cded7258c5c3228,savari,v2,unclean,savari,
v2/unclean/savari/216733797.jpg,63f0500fdfe5b3111afa50eef41b1253cd5c07a67e2187394ce9afca029ef13b,savari,v2,unclean,savari,
v2/unclean/savari/216757355.jpg,a40227362df592377805a47cc0215fed46a8b50a5a131c83e9878e8bc679b80e,savari,v2,unclean,savari,
v2/unclean/savari/216802984.jpg,2cf44d84aee43671009216aacab20658f76b58274de4e313d2540460538e7def,savari,v2,unclean,savari,
v2/unclean/savari/216824152.jpg,085f4f9081016faf0b8a4bf52064eac5a96117d5b0dcbce33941931d2ee7b931,savari,v2,unclean,savari,
v2/unclean/savari/216856504.jpg,fd7d4bd539d17da561f5d180512aea86050259881175a5fb6d0f4f405c622d13,savari,v2,unclean,savari,
v2/unclean/savari/216902320.jpg,6347c7bb4f02c814fe4846ae57e996718b1222568ed4383913116a8adc3e00d7,savari,v2,unclean,savari,
v2/unclean/savari/216915296.jpg,54dbeeae837bab32689be2025c6b3f7991ac5685354e4886872f75a13765365f,savari,v2,unclean,savari,
v2/unclean/savari/216956677.jpg,6fec4ab720c080a8a63a7d7bb5f21190bef67f0e32c5187d17776e8d5308ae25,savari,v2,unclean,savari,
v2/unclean/savari/216973782.jpg,b8f194b82152e46c5f4bbc9e25341724f84d342a9987d33c07f3a2cfcfedd278,savari,v2,unclean,savari,
v2/unclean/savari/217001814.jpg,eb26203bae33b8862c4aba596be9612f99234efc29e5f21a262ad7ae0b32940a,savari,v2,unclean,savari,
v2/unclean/savari/217248973.jpg,4bb58b10ee6ad07f2a1abc2ff1916bc7f78621695f21f5c08bde8b61a7afd349,savari,v2,unclean,savari,
v2/unclean/savari/217279795.jpg,80e527f1ad6720b11063fe368d4f0550e1341ea0d63e7651f6b9eebea6fa7d9f,savari,v2,unclean,savari,
v2/unclean/savari/217283312.jpg,32ecc9ef34bfbcb23a4d752688ec43993457e3268aa9ba4384e4b219aeb7e891,savari,v2,unclean,savari,
v2/unclean/savari/217304565.jpg,db7d408897fdefaf20a456865fac90031f0164b2b32d4d9a8e51adb4e90f7282,savari,v2,unclean,savari,
v2/unclean/savari/217368312.jpg,61f40d95872a6a35e85418c8a32c085fbebde93169d79b948b543e46fe270189,savari,v2,unclean,savari,
v2/unclean/savari/217377465.jpg,ea8072472f8586de11ae79cfd0806ffd7fc48cbd18900a9ad34977f827494933,savari,v2,unclean,savari,
v2/unclean/savari/217378404.jpg,29decc702da5865d0e97ec3d38890fa7b601010d790f94158ba3544d049233a1,savari,v2,unclean,savari,
v2/unclean/savari/217384414.jpg,8bb2b7a6894248f44ef04c706c1df33cf749601b7b932e2dc18ad27e3bd86443,savari,v2,unclean,savari,
v2/unclean/savari/217486577.jpg,eeacfb0dfa3099b28fb58fb79f5b9ff22786c45d9e4620c0e925702175046413,savari,v2,unclean,savari,
v2/unclean/savari/217504043.jpg,c046b178f4937f8cbcff80577e0aee1b24bf9648d000d270dd6ac795f04a1638,savari,v2,unclean,savari,
v2/unclean/savari/217516553.jpg,f159ea2b74c2d49aa2b1ac030617dfed239c6676c5f63294a9fd2267c44f5a4a,savari,v2,unclean,savari,
v2/unclean/savari/217522146.jpg,268dec152fe5ceb7b128d9d1c5f95b1d31c766c62897ab2bc4fac90a1e80a9fb,savari,v2,unclean,savari,
v2/unclean/savari/217567603.jpg,1a3f8e59735a3b8e1fee5cf20e210fb70be53668b68d2c3b0afcc576fa4ae5ac,savari,v2,unclean,savari,
v2/unclean/savari/217648709.jpg,cffc2e46f84676d970eb7cdb5b6f78c0d19a89e8f8a6461fcb6c26686ee6b44d,savari,v2,unclean,savari,
v2/unclean/savari/217699390.jpg,83929a99f058ebe7ba5afc0748b17fa5513b04d8540dbb86f88b0573b7eef829,savari,v2,unclean,savari,
v2/unclean/savari/217709880.jpg,875965fc7d1147bacab9b549301f159623761cc264dfc25023b419b772b82f68,savari,v2,unclean,savari,
v2/unclean/savari/218003673.jpg,c65a6882322f43b768890e139d1892f3312eb9472819a2a884226773dcf2b2da,savari,v2,unclean,savari,
v2/unclean/savari/218141985.jpg,79b140a76c6c0d7bd4e3ddb74dad7f9be0cb46280b2f34d168654b1c279bd656,savari,v2,unclean,savari,
v2/unclean/savari/218159810.jpg,cf7dd7d0658b8f317c0056d0f38a71458ea05be8dee55a925091f06f71e26c52,savari,v2,unclean,savari,
v2/unclean/savari/218166407.jpg,fcb7da9d565211af77b7491301f46e48007a294d21f035ce9869ca503452516b,savari,v2,unclean,savari,
v2/unclean/savari/218198627.jpg,fcb83278a86cb12a90355749d7baba780534eb4b3d950fbc3f3876c8f9439bbd,savari,v2,unclean,savari,
v2/unclean/savari/218202038.jpg,9e4fabd6ba6d74326e182f04449d1602a0e6c713f939691d496f0c312f8cbd06,savari,v2,unclean,savari,
v2/unclean/savari/218223019.jpg,efabdcb0aa4fb57f3e98fe29e84a7d64963f31f5958a932c26c71e44fe1e7540,savari,v2,unclean,savari,
v2/unclean/savari/218252931.jpg,a6282c1aabe46d5400507f0198625502080267853297846468ea72f7ff70f67e,savari,v2,unclean,savari,
v2/unclean/savari/218298842.jpg,e999e5403016667b0d21bd80e5ae41fe57bbc1759dd766ac0095b143593c6c65,savari,v2,unclean,savari,
v2/unclean/savari/218304819.jpg,d4fb7217c1ad15f239316422a9215be72f4c4fa99ae8d0198a4ccb79df72f44d,savari,v2,unclean,savari,
v2/unclean/savari/218307784.jpg,29fba8eead487aa44e63ee3a89c8f94a83a5eb419116d1c89601d34a53f79136,savari,v2,unclean,savari,
v2/unclean/savari/218310441.jpg,5bb74f5fd0c4439fca98b17f2c0904fad0f377c62d06f226412b1aff50585431,savari,v2,unclean,savari,
v2/unclean/savari/218315298.jpg,c8eb1062da17d5c9a75253fc4251d75e8af0a88417996bfa0b0eb1b4c6310773,savari,v2,unclean,savari,
v2/unclean/savari/218315557.jpg,e3d380e271267a616d29928a8074d89df3ca416c817b0acdfdbe091998274fc5,savari,v2,unclean,savari,
v2/unclean/savari/218355363.jpg,78132f74ebd9eaa637f9ebb5fb516f255e025112620d55a643dcf9c61da1bb0f,savari,v2,unclean,savari,
v2/unclean/savari/218372965.jpg,7a8225058f06b3a8f311ea1843bb498ee7136d1e1ff3ad2977551b918c070638,savari,v2,unclean,savari,
v2/unclean/savari/218594536.jpg,6a1354b9ba2e0c571b21d5e60382787bbc4c9220220fa40e8ccad07ef47f0e72,savari,v2,unclean,savari,
v2/unclean/savari/218644350.jpg,d82e040cb2dcacdde238263466442bc2d9d61b4ee1c0565f69b6bdbafa6346fd,savari,v2,unclean,savari,
v2/unclean/savari/218693364.jpg,42deca2db2a6bc28ae85a2bc489b400a6dc1afe6d5bbfb4563182434138b73bb,savari,v2,unclean,savari,
v2/unclean/savari/218722193.jpg,a184400af83b345a8e1dd3fa3ab4d183279510a321ab5a4533533146d1fde416,savari,v2,unclean,savari,
v2/unclean/savari/218734546.jpg,93d25c7216449884beec2048e36f6722855fbfed2d2befd5328dde2097dd1e15,savari,v2,unclean,savari,
v2/unclean/savari/218743709.jpg,428fb7d89456bf76074a2ba87931323774b3906d5d31fac066eb133f4d2eccc3,savari,v2,unclean,savari,
v2/unclean/savari/218819463.jpg,e81c5a7d3881102f4047a98fca2b8dbbbf61513f03725d27df2d666c0dc8729e,savari,v2,unclean,savari,
v2/unclean/savari/218822178.jpg,b650843af7e4de601963e155cc2ff421b46c5a289c225c5d6e78f79676ec2318,savari,v2,unclean,savari,
v2/unclean/savari/218944137.jpg,096ef51f3d22c3405756bdc0ea4a303ed9265f830ce51ee5615ed90f7a7f5c12,savari,v2,unclean,savari,
v2/unclean/savari/218985685.jpg,a37b33870507df46bee1cf74de476db0d791ca0ad3a48d9f8cc5dbc1466f6d30,savari,v2,unclean,savari,
v2/unclean/savari/219006680.jpg,f1fcb8971a7924164dea801623b0ffdb5c03f5b12739648434a68ab1aa937c7c,savari,v2,unclean,savari,
v2/unclean/savari/219008456.jpg,d2b17c5c8969ae713b70d2c0dbeac056b8e16759159ffc80add0aeeb16e7ca81,savari,v2,unclean,savari,
v2/unclean/taxi/195950678.jpg,4e8d4ec90a33878e529545a12236d4c7c66cfe299e8bee953e7d6421c6f16631,taxi,v2,unclean,taxi,
v2/unclean/taxi/197862478.jpg,00eb8a70b24dc9da305638ddec742406a62fef3835bd8cddaceb80997d92f6a1,taxi,v2,unclean,taxi,
v2/unclean/taxi/198088855.jpg,0ba2b1736ced9dfdd0a67913bdb43fed6229ae213f2fa3b3c77ae5ff95455de2,taxi,v2,unclean,taxi,
v2/unclean/taxi/198126746.jpg,bd9ce4699254d68bec61caf7bdb7f1aa1a5def92da883d90450c0ee07b44a9df,taxi,v2,unclean,taxi,
v2/unclean/taxi/198241462.jpg,70ab2acc08f33210b57708ed9a3d82384503eaf8c71a9fbc0750eeb7d6dcea1c,taxi,v2,unclean,taxi,
v2/unclean/taxi/198686634.jpg,30b01dd4af7e5860358cb85c5d327a7e949b51df18319971bc03cde1cbc8ef3a,taxi,v2,unclean,taxi,
v2/unclean/taxi/198784132.jpg,f63b8568d856e0fba19aba86d60050d2378d16b5f65942b4923a2af4899cf583,taxi,v2,unclean,taxi,
v2/unclean/taxi/199096740.jpg,a16de9781b4382e751c1875afdc1266a6fdfdf6c90c005a5fde2e7c8bd229d33,taxi,v2,unclean,taxi,
v2/unclean/taxi/199796114.jpg,9c2acb60d2dde15d2c7f31bedc1363c0831e40900bc62c2518c90f9ab90048ec,taxi,v2,unclean,taxi,
v2/unclean/taxi/199993681.jpg,1855871ba1cb2301b2f636d2bcbb77a4bd3d4a498eed509e6bba521a2dfb2ada,taxi,v2,unclean,taxi,
v2/unclean/taxi/200088909.jpg,54e6eadc97f9b299aead3cde92f2a0cf1a0f2053d067512f81d1f187064d270e,taxi,v2,unclean,taxi,
v2/unclean/taxi/211642643.jpg,222bf297ec3220384d3f87d21af3d00669253abe217eb0ac8164246aaebd05df,taxi,v2,unclean,taxi,
v2/unclean/taxi/211928111.jpg,13f7838a142e80bb4379ab687762bb646f067ddc68bbea9f05822b9f06c82e99,taxi,v2,unclean,taxi,
v2/unclean/taxi/212015814.jpg,58cc413079fbe4286fdd7641a756835e952048d15e36e6f768b2ba959b599bf7,taxi,v2,unclean,taxi,
v2/unclean/taxi/212338658.jpg,b6cd9f96e37a57f0601b5acff7a74e3bbd078667f889669fb7a638b1d47fcaee,taxi,v2,unclean,taxi,
v2/unclean/taxi/212492667.jpg,93029a212e8d14d3ee8c247f8f7322224af98facf555ddb04453a33d1bbcf3c7,taxi,v2,unclean,taxi,
v2/unclean/taxi/212584711.jpg,c05ddd4244144630c220a4bd535892c41c971531d2a780299b61aa827aa17c65,taxi,v2,unclean,taxi,
v2/unclean/taxi/212746503.jpg,2dcc7d5f8986fa89713a08ef6c211ec48d55863ea79663031a2cf626dad7aa27,taxi,v2,unclean,taxi,
v2/unclean/taxi/213011071.jpg,e8d557f48dac25d85f7afec6ace058961e5382232103a87bbb9489498e465bc1,taxi,v2,unclean,taxi,
v2/unclean/taxi/213192920.jpg,f379d0812ead4ddd3f86d536ee2051408fbe558105517c3ca23be30fb30c397b,taxi,v2,unclean,taxi,
v2/unclean/taxi/213424798.jpg,ab8c4734c879630cf2f7b1d7cff2895093aacae5e07b20c9fb7ece118d120cd2,taxi,v2,unclean,taxi,
v2/unclean/taxi/213723238.jpg,3a0c0d961d66fdeb5e6349b0dc0e993796a46a520308bc77d6306a39dc7c0ab4,taxi,v2,unclean,taxi,
v2/unclean/taxi/213771064.jpg,979f816a7a5ef23620f51d415bec474e9f9364a9b2e5d19682d441918ba6ca02,taxi,v2,unclean,taxi,
v2/unclean/taxi/214281537.jpg,a9e3c470f1b710163d26e456d9559e94dad3571d9db4c3525e74fd16850e9ef7,taxi,v2,unclean,taxi,
v2/unclean/taxi/214350776.jpg,f2d37ae56d46455257546c8aff3343b6a9c0d151f4567c6c5e185ce9adee1465,taxi,v2,unclean,taxi,
v2/unclean/taxi/214415281.jpg,42b769456095ae30ab70881c04c86fb96335f965d85e61b3765cb3cc57ba4489,taxi,v2,unclean,taxi,
v2/unclean/taxi/214429642.jpg,e473d164f793a059a41e207fe98f6553d0e13374b5738570a0c8c867e336d1b2,taxi,v2,unclean,taxi,
v2/unclean/taxi/214640530.jpg,9ae057795b9fd168ec8f673c1f9e9b241fbc74f5c501312dd1e70246bb0fca5d,taxi,v2,unclean,taxi,
v2/unclean/taxi/214685953.jpg,7ba5fa3c070a5172d9546b00e0ca97b1edd84d748558674b7fbc492b00b824fd,taxi,v2,unclean,taxi,
v2/unclean/taxi/214713078.jpg,48838ec41acbdf2d316406d87255492c0d5126819f92bc1f13be3aea10170679,taxi,v2,unclean,taxi,
v2/unclean/taxi/214791515.jpg,8cc1c39ec74d6928217c65e65bfc4dab277b0063474800350d793c126928f076,taxi,v2,unclean,taxi,
v2/unclean/taxi/214811342.jpg,60be0e5afbeee5eae13cf69100efeeb76d5ca81f694e90dbb333237d1a9d42a2,taxi,v2,unclean,taxi,
v2/unclean/taxi/214842341.jpg,7c5a58decd9661d0f70ac094564d14998583a92768885903dbcb1b67b2c0d668,taxi,v2,unclean,taxi,
v2/unclean/taxi/215162820.jpg,60107faba46962d3a2a1fbbe17c3aadde49c93393a81a3ae7217a8966684748e,taxi,v2,unclean,taxi,
v2/unclean/taxi/215179571.jpg,e7ccd58f947681c73d6feb738f4a76675f2525c1d6e2bc76a8d66d31495251f8,taxi,v2,unclean,taxi,
v2/unclean/taxi/215575671.jpg,d5c5b39b2209c8b32fe5b21d033d5420f77e344c8d8d8b1ae6246495c717daa9,taxi,v2,unclean,taxi,
v2/unclean/taxi/215578060.jpg,b46c53a6046280433442b2e06164824662337805748c606e59bb2038edd17a02,taxi,v2,unclean,taxi,
v2/unclean/taxi/215591038.jpg,bd18f83f9bc7e9dae6cc511588b18246d436f440c73005f980a62e01617113e2,taxi,v2,unclean,taxi,
v2/unclean/taxi/215608527.jpg,265f5a7d9ebeaa858215a578c13eb4f41f7149fa1b458a160fa3bd6bf2c6d7a7,taxi,v2,unclean,taxi,
v2/unclean/taxi/215610691.jpg,8e7f4385131630263594600ec2b34757673a890d0d4b82ae87dd37f56dea454a,taxi,v2,unclean,taxi,
v2/unclean/taxi/215647683.jpg,1eeaecbd1500adb903df017544a1e4d55849b0d87862600d2cf90ca3f1844efc,taxi,v2,unclean,taxi,
v2/unclean/taxi/215689485.jpg,618f9d05fe55c6af169c2ec59dde906dddafd1bfdf76a19d85e951514127caf8,taxi,v2,unclean,taxi,
v2/unclean/taxi/215701889.jpg,7382215a0a32477ace5183a449b824faf7844a56e7bfc3fb77cbf291bd0838a5,taxi,v2,unclean,taxi,
v2/unclean/taxi/215729322.jpg,c8be153d7a3fd83dc6d7b4982e4aee1e2b5635ce12cbead9187aa6304c97163d,taxi,v2,unclean,taxi,
v2/unclean/taxi/215733952.jpg,8824e8d20fe1168b86efe95b090ed2ebd5b379317f061899b47916e5d751b21d,taxi,v2,unclean,taxi,
v2/unclean/taxi/215802930.jpg,574c15c300ad2ce16b1e0107306a78e5394bb6ca8e61281cf5d03c1f66da0534,taxi,v2,unclean,taxi,
v2/unclean/taxi/215818747.jpg,bd7211f4a52b4bbfd882cad9da83474dcaf7b40e509cf0ac228df916f1a4a204,taxi,v2,unclean,taxi,
v2/unclean/taxi/215891348.jpg,f804aa3fbb519753687c58bd70ee7fc960998ba1203e45047817947812ed425c,taxi,v2,unclean,taxi,
v2/unclean/taxi/215905052.jpg,2ded62d10142903b90c45385a6afc15ed0308f66a3e61bab040f0738e063144e,taxi,v2,unclean,taxi,
v2/unclean/taxi/215928273.jpg,14689aa16324afb200ede69e240ec8f1b18c5bcbe8b284d71ca86c334281f060,taxi,v2,unclean,taxi,
v2/unclean/taxi/215998371.jpg,c52b6148b1df5c2305ddd622b1d8ca1804bdf3631bf413915a5a9b1e36f08335,taxi,v2,unclean,taxi,
v2/unclean/taxi/216008159.jpg,f595d8dba1e209643fa688dfe48d9cdaa0db46e0f815d11fee0aafe26d892ff5,taxi,v2,unclean,taxi,
v2/unclean/taxi/216041867.jpg,66aba9d35f93b9a1e8b439ea7a317df528ed7a668196c837da062d81c6f3dfc9,taxi,v2,unclean,taxi,
v2/unclean/taxi/216052387.jpg,b441119d03bd3dd3ef2347f7a0901fb90089294d9f76266ff173e684226613fe,taxi,v2,unclean,taxi,
v2/unclean/taxi/216079256.jpg,9cb09f97cd8d42f3c67aca8d747dcdbaca410d3b0d63dbbc2fb197d68a18c5f1,taxi,v2,unclean,taxi,
v2/unclean/taxi/216098185.jpg,6fc21481b2409cb41224543dd063cb7ff25d4edefb56cad9c6122b235b6d9735,taxi,v2,unclean,taxi,
v2/unclean/taxi/216110847.jpg,fb27a177cf9b55febdcd8a7823e2942c454dedd50542677b07f27335a90a4cdc,taxi,v2,unclean,taxi,
v2/unclean/taxi/216125287.jpg,8ff8b65a522d192a8696006cca920e30b07b2e811c43371cc94de801bd1f7442,taxi,v2,unclean,taxi,
v2/unclean/taxi/216177990.jpg,b7f7570fdcc3399e22d240a0c41e3829af03b189a0f255b8f22caa6d9d94199e,taxi,v2,unclean,taxi,
v2/unclean/taxi/216207428.jpg,0312e7bb209918e7893fce3f4e125abf8cd99481374476faac37770095ea6909,taxi,v2,unclean,taxi,
v2/unclean/taxi/216369226.jpg,87a2346d2ec7daa1f5be37ac627044a439b3f6d868a6e010aa8a5054e5ae0cd2,taxi,v2,unclean,taxi,
v2/unclean/taxi/216373691.jpg,0f14b317bead31cf91940e79dbfd36a4b5bdae41d28ae1ac3aee0ec5bad0fa34,taxi,v2,unclean,taxi,
v2/unclean/taxi/216389622.jpg,3e806baefa9b1a27685ed64681f601919853ae6adbadf3754ddcf119d448c706,taxi,v2,unclean,taxi,
v2/unclean/taxi/216432563.jpg,60254b84a50afe93609b916cfbd7a423e8e7933e2f0c533ef1cabbb83b9c35ed,taxi,v2,unclean,taxi,
v2/unclean/taxi/216445018.jpg,9ed1affe6197a9fc31c7e316bac62ce0cbca110eb87ca57aac2063e1104f12c5,taxi,v2,unclean,taxi,
v2/unclean/taxi/216456703.jpg,09448834a12c6ac636e256a5b4b22e041907b4a5e381e873721a0a9f81438b77,taxi,v2,unclean,taxi,
v2/unclean/taxi/216527052.jpg,3d000bb9bf4d3832c4e6c3810f5ae2ec5f2254e66b36b34272356846ad926d09,taxi,v2,unclean,taxi,
v2/unclean/taxi/216554605.jpg,352fb4d79dae6e2b1114e1b3daf8d6721e21f177e978015879342e7901477eaa,taxi,v2,unclean,taxi,
v2/unclean/taxi/216557002.jpg,5cf1730fb1e22d33330391b41fcdf8e37dfb7cadd0a71f041b294e2d702cb132,taxi,v2,unclean,taxi,
v2/unclean/taxi/216587626.jpg,7337c071aca787e6fe50109c231ba54bcc282f8a147de4ad34d55f54eb68e1c3,taxi,v2,unclean,taxi,
v2/unclean/taxi/216597558.jpg,fdb69d69f21c9e9d77f486e381bc906e96d11206052ad51d5423d9895267c0a7,taxi,v2,unclean,taxi,
v2/unclean/taxi/216617210.jpg,8aa33ff7cd10973b4eb2d057fa3c0a8ab8a4f659c3a9962f56284276ff6746aa,taxi,v2,unclean,taxi,
v2/unclean/taxi/216629797.jpg,93c9c6fa265bd80ec2956ff033a238b6c6a9d88bb3c1c3b98036c23ee833bc64,taxi,v2,unclean,taxi,
v2/unclean/taxi/216646720.jpg,f1d98b6ff5d077dc8a06575105e3812036e63ba82fd7575039aea6dfcc8503f3,taxi,v2,unclean,taxi,
v2/unclean/taxi/216746933.jpg,282acb653630aeb884398f90edbc3fa81b0db2fb3a01264f020f404c32f67cbf,taxi,v2,unclean,taxi,
v2/unclean/taxi/216752830.jpg,76a6f9e9a5e1bfc2b642824c2f6f99a3c96b3398d0891684a960e01581938633,taxi,v2,unclean,taxi,
v2/unclean/taxi/216809988.jpg,55ee6998b751154f69aadeaba8dfaa7ac5d3c7b2073d34cd1fd7abd2aca7cfdc,taxi,v2,unclean,taxi,
v2/unclean/taxi/216820907.jpg,2cd59f2b63366b1b5e40fd081ccb74ee3c1c330c7d89fe095bc4da8e2cc75447,taxi,v2,unclean,taxi,
v2/unclean/taxi/216828711.jpg,8495ee93cefab3bf31af0f10fc11745c3ca843752bfd34154d7dca8c293d60be,taxi,v2,unclean,taxi,
v2/unclean/taxi/216835817.jpg,f2c3a7af535be81c04a9421b5d5ec6dfa9cc24a794ab1e92b525a0f8aa1eedf0,taxi,v2,unclean,taxi,
v2/unclean/taxi/216860683.jpg,eccf81e715aae37c417b6189f75fe6b899f6de43361fe7a0b2ae05ba5e2e8311,taxi,v2,unclean,taxi,
v2/unclean/taxi/216878077.jpg,fe7ce5acd379f8149af03a53a5704f5e5ca3ec14e97546e89b0d65b80beafac9,taxi,v2,unclean,taxi,
v2/unclean/taxi/216894830.jpg,8d9410c4dd0bdbbad8e308a2502c89b3bcca316347095c1b2e323f1118604193,taxi,v2,unclean,taxi,
v2/unclean/taxi/216949199.jpg,5cda02bc4dc04824a3d37eb0de91302f7b4f8d228d9ae29bad20a323ffb1d5ef,taxi,v2,unclean,taxi,
v2/unclean/taxi/217016702.jpg,9febdea7bbbe04991da0921a401eb2bbe72709b3cda7bec7d5ede8ccb32cd744,taxi,v2,unclean,taxi,
v2/unclean/taxi/217024637.jpg,0809c28acb6ea4eda9df5527bd7d25dc6399d5ea563297f49da014ce27bc1e33,taxi,v2,unclean,taxi,
v2/unclean/taxi/217024752.jpg,5af6cdfbf0e2aec27bde8c560b7dd3bac3c3cfb405320c10aca4b00a7d65ef9c,taxi,v2,unclean,taxi,
v2/unclean/taxi/217051130.jpg,41d98ac23c093d6cd607c20e968e8b509b38f2f7c6f281cef3e7c835255ab9e2,taxi,v2,unclean,taxi,
v2/unclean/taxi/217137849.jpg,789f16a859594c30b9dd7049969bf93164855baf919ef78204f2542dbe423884,taxi,v2,unclean,taxi,
v2/unclean/taxi/217191582.jpg,48af90a4c6d1d5448b09e15839161f52ff54fbe5268f8ab98860759113302508,taxi,v2,unclean,taxi,
v2/unclean/taxi/217194334.jpg,d4a5a359c33520f553a8ae19d8a60df0e9f4db46b5e9486327f45d14c0e71fce,taxi,v2,unclean,taxi,
v2/unclean/taxi/217201191.jpg,9c72fe952d76b9093ccb898acfd540d237e2f1b698436c1759e7aae137d0d64d,taxi,v2,unclean,taxi,
v2/unclean/taxi/217212092.jpg,03d73c14039208de13896bf79f0c341c56c24211cf21fc703dd12ee691ce330e,taxi,v2,unclean,taxi,
v2/unclean/taxi/217239782.jpg,ad953b2663d21b9439a32d9aa3478267fc23be5d6ab70a058762a3cf796e5c57,taxi,v2,unclean,taxi,
v2/unclean/taxi/217253719.jpg,f0451bb5cbd6ed6039dccd0e08ee7b74f8777caf3b4ae3d20acc8c2c96355337,taxi,v2,unclean,taxi,
v2/unclean/taxi/217257668.jpg,80f068cf98ce164fab7583b28d0a353092be671004eb1cf03f5f4b5bb84bf5df,taxi,v2,unclean,taxi,
v2/unclean/taxi/217265862.jpg,60df2a515ca614f0c3a63c664f8a1776cba63e05f1f3d40ef3db1f9cd32fe116,taxi,v2,unclean,taxi,
v2/unclean/taxi/217269377.jpg,2577a393b8ddeb81b5ccde3c30a037a1ac0afd27809f7a4a9dd292b4fab35521,taxi,v2,unclean,taxi,
v2/unclean/taxi/217354473.jpg,9748452e9d587ced2eac3350dee32cd888fec5a7d556abff40dca526679f1a20,taxi,v2,unclean,taxi,
v2/unclean/taxi/217354919.jpg,819db39c12676e95754ecb1c31b7782858f47ce3258cc0bbf7751b769a8b4e5e,taxi,v2,unclean,taxi,
v2/unclean/taxi/217360055.jpg,ec131925595f53deb010895a8cf4fe625ab50fd5951823a6c52ee8be394ca8d2,taxi,v2,unclean,taxi,
v2/unclean/taxi/217430278.jpg,5832a20907d5b7759708f53c7173eecdb087bfecc53b04a5ced78eb97eaa3f5e,taxi,v2,unclean,taxi,
v2/unclean/taxi/217501689.jpg,58d40728bf0308cedc3e65eb343427ef9fce34b3a4ef6853bb6cfda92b26e9f2,taxi,v2,unclean,taxi,
v2/unclean/taxi/217551050.jpg,b74ee4f7d8967c9232789ed41dbf169478ba75b47507e1a1e812e7fc309e180d,taxi,v2,unclean,taxi,
v2/unclean/taxi/217605723.jpg,e9d28cc7519c1b0b955e2516a2abaf24fbc01b828a39130b1596e3ad0aa2eb2d,taxi,v2,unclean,taxi,
v2/unclean/taxi/217644232.jpg,198b70cf8d942c5588bdb9062c9f9a0de6f1717537edfac9d154a0e423039dd5,taxi,v2,unclean,taxi,
v2/unclean/taxi/217739057.jpg,b05f1737370bbfaaba1eae9233017178f6318d1030b9395b9865f3da6229e3be,taxi,v2,unclean,taxi,
v2/unclean/taxi/217763966.jpg,0d526a72989feb45d550129d20504f5c9241a39ec2260371166d3cc7b65ca5e7,taxi,v2,unclean,taxi,
v2/unclean/taxi/217800553.jpg,49a12dd0b22848c94ecb0ec36998a5d9c9d9705a31664663022108fbaf9a584b,taxi,v2,unclean,taxi,
v2/unclean/taxi/217902707.jpg,abcafb0959574c8cbfa49fa3d815966c565883852184bb18126c7fb0a8ff1b47,taxi,v2,unclean,taxi,
v2/unclean/taxi/217953643.jpg,33b95a9d80b031839eae0330226ef687ace529875608ed3dd8e824d675c9d485,taxi,v2,unclean,taxi,
v2/unclean/taxi/217979957.jpg,75e4eba8b42af2e7cc99f46bbada8f2e7091c88b65b80a3d0719b8d60ca845a2,taxi,v2,unclean,taxi,
v2/unclean/taxi/217990923.jpg,093c1e085894fbc081482e36e0306789d72223e0317d4c385f0bf0975a0a9c0e,taxi,v2,unclean,taxi,
v2/unclean/taxi/218006006.jpg,905ae58c0e3782e883cba9db1ab011462da7cff1f5feed23aac89b1c77abceac,taxi,v2,unclean,taxi,
v2/unclean/taxi/218010664.jpg,4520ed51eb6baeb90628f8f670b4ea9f4c79db9f8e7198d0adeb8c6e0a9bc4e8,taxi,v2,unclean,taxi,
v2/unclean/taxi/218042131.jpg,b39834904d3c55fe8b1b9909efad1e19bdef0be439068977c579a6615b3c160e,taxi,v2,unclean,taxi,
v2/unclean/taxi/218069773.jpg,2378f71849ea465f8953e1a339b2261e04e0ac26b41c56c12cd430b5fc1a46c7,taxi,v2,unclean,taxi,
v2/unclean/taxi/218076751.jpg,ef9c002e1d908e253220da7f30acd6aeffc6de5ea5ee9688ae96e0f40cf83fdb,taxi,v2,unclean,taxi,
v2/unclean/taxi/218081372.jpg,5f9e156500bb4bcc297c5277b2fd794b5a2111bd14fedd81fcf0021459d56e51,taxi,v2,unclean,taxi,
v2/unclean/taxi/218106502.jpg,fc7636326015410b87d89ca8564b6e2c8274b1a26b4dff41a991e919856cd5be,taxi,v2,unclean,taxi,
v2/unclean/taxi/218118406.jpg,2e47063bd97d06d9200688d3892a227cdb19bf5e98f663d95b33d2314403d7a2,taxi,v2,unclean,taxi,
v2/unclean/taxi/218120131.jpg,ec2b4b362bb6b0ec4d177ff4ae411db0703a6cf37903e4d6250b74d349ee2f6f,taxi,v2,unclean,taxi,
v2/unclean/taxi/218160438.jpg,3f6c348d718b3ecbd4090800f06725e5c5ae57f534f9c36e2f47eac6b97a413b,taxi,v2,unclean,taxi,
v2/unclean/taxi/218187498.jpg,64c27daeddd1b5ebb88c890c00a3729e5f1c3420b434b539ebc402a4f181522d,taxi,v2,unclean,taxi,
v2/unclean/taxi/218189366.jpg,2f1db4e06e2e5991d7aa5e7c9b50397588e8f011794f05770419d6f44e5c26e6,taxi,v2,unclean,taxi,
v2/unclean/taxi/218189795.jpg,da07f7e6ca98e09557f065579e8b597b189e185b8dff1c3f3de155cb06e67d5f,taxi,v2,unclean,taxi,
v2/unclean/taxi/218236851.jpg,7fe5b0bd928e9edd2ca36bba8d88c2606669e33b63d99db256898b39e0168c37,taxi,v2,unclean,taxi,
v2/unclean/taxi/218243226.jpg,e7d5275382b751e654d3001f2865e7dd26ebf6286041b186d5085db8922ea6e3,taxi,v2,unclean,taxi,
v2/unclean/taxi/218260137.jpg,db06a752626b5c9d570bab321e079a98b9cf2438f0466c4980b047cdbb19412a,taxi,v2,unclean,taxi,
v2/unclean/taxi/218266883.jpg,9acf593907c1ea63dc9c9031254a73eb29d7cf155c51d1dcbafa444c806af683,taxi,v2,unclean,taxi,
v2/unclean/taxi/218278120.jpg,689cb235ff42e7a0bfb20ddb2301641094b9b24c66b418ce3121318b9adefec9,taxi,v2,unclean,taxi,
v2/unclean/taxi/218305132.jpg,debd7b88a7499bf540b4b9c69710f5aeee7cb16c784543b9a417b467bf12f349,taxi,v2,unclean,taxi,
v2/unclean/taxi/218306921.jpg,1f173eebfedc18c714bd3edf4440335def0c9e42712d9e424643e0e28836ca17,taxi,v2,unclean,taxi,
v2/unclean/taxi/218311093.jpg,4040f7d47c721c52dd389432c0421f60ad733bea1bfcd8067a452f6e46c59adf,taxi,v2,unclean,taxi,
v2/unclean/taxi/218319555.jpg,d88ddc7ce3d9441f68ce932f4966ebc3a2e353831e2388ffcf82ef07568a5f4d,taxi,v2,unclean,taxi,
v2/unclean/taxi/218332011.jpg,e92ba5e141d4ee8b340374c7cea3892629089c3cc61ad51bb022b179e59bd0a0,taxi,v2,unclean,taxi,
v2/unclean/taxi/218367265.jpg,e4613ff82f8a6e324ef868d46e7826bbd4d883c211a07cd0af48ed5304d3b5ed,taxi,v2,unclean,taxi,
v2/unclean/taxi/218399607.jpg,0c4a3014d28b7a72d4dca647593e91210b4cb3651c1fba189243fad9a20b9a6e,taxi,v2,unclean,taxi,
v2/unclean/taxi/218434268.jpg,5231ea79cdc7f4dcd193e9cb5b2d5159b6c98f5b113a7877b8fd9ca55916ba51,taxi,v2,unclean,taxi,
v2/unclean/taxi/218443077.jpg,796a8c5fe285eb9e523ea68f7c0e525952c3d5b97368600bec783d6ded52684c,taxi,v2,unclean,taxi,
v2/unclean/taxi/218449051.jpg,7067a988304b06a68052e80dbbc650f5e1a6b0e247569b6cd0463aa8e66ef811,taxi,v2,unclean,taxi,
v2/unclean/taxi/218481509.jpg,f8626d3c57733da20c43e8f39209c3467fef2f089cd7353107b68012ade08ab1,taxi,v2,unclean,taxi,
v2/unclean/taxi/218563090.jpg,33dcc477eb929bb05dfea672e67194a49793203fe10f381aa56c94fb95561781,taxi,v2,unclean,taxi,
v2/unclean/taxi/218595145.jpg,cc820c6d23917b021fb028691640a81d3acce832510cdcafc99063fa080ec00a,taxi,v2,unclean,taxi,
v2/unclean/taxi/218598758.jpg,4813eddc238fb9de6acee3e48fd32ec706dbb7168132d1b8fa712b03abcff442,taxi,v2,unclean,taxi,
v2/unclean/taxi/218627347.jpg,81a5fcce3d9bbbf78b766a3bc51cdf870c0776052d9c66c735ad0b8eb311f3dd,taxi,v2,unclean,taxi,
v2/unclean/taxi/218698320.jpg,925a30d938eb29ce7edc94ed00a1e21b864787aa4b23234904732e7f87a6ca9a,taxi,v2,unclean,taxi,
v2/unclean/taxi/218714018.jpg,6daf306df4089b674c14e462a364108674fb73da94e10f25792d3a3b31211df4,taxi,v2,unclean,taxi,
v2/unclean/taxi/218769647.jpg,f3ec69f05896de22e4450a69f744989813181b7720605592a5187f59a9aefafb,taxi,v2,unclean,taxi,
v2/unclean/taxi/218776391.jpg,c940918ae6c39b9cc394ec9953a2768dd9b82b4d1fc2ab96d1e0e2d385637cbf,taxi,v2,unclean,taxi,
v2/unclean/taxi/218778376.jpg,f6b17ddba53c3ab96c7acf7e50d3161d50da249bedd8ade7b32fb448a22288e7,taxi,v2,unclean,taxi,
v2/unclean/taxi/218791849.jpg,b80632e48332ef36ed72424df78f3a4c3ae8e0ab066414278ef934906cc800ad,taxi,v2,unclean,taxi,
v2/unclean/taxi/218941349.jpg,0157253b391fd1800a91f467a3ecb8eeb687e7ca8588a803abfaafd9344a7109,taxi,v2,unclean,taxi,
v2/unclean/taxi/218967295.jpg,9a25e6c49881c4a92f5fbb2e501586fbb52e2d21688ec1021ec8defca5f2c704,taxi,v2,unclean,taxi,
v2/unclean/taxi/218988377.jpg,f47e79a9ed98e7d75f1316685fc139debd7082f01ddb5ed59dca247e8c892eb5,taxi,v2,unclean,taxi,
v2/unclean/vanet/194260851.jpg,38f52cbf6824cbc718a870e029ac726d940b34d91cabeef510ab4cf8e10b07cf,vanet,v2,unclean,vanet,
v2/unclean/vanet/194872019.jpg,bcc3538bd5950a8c4e4fa45ce24196f53d38f2dacde99a932c67fa8a0a4dbd58,vanet,v2,unclean,vanet,
v2/unclean/vanet/195311741.jpg,abc8c6f40ecd9e55d742b7f24198f7de6442d893380bd7e051e5acf6e825885f,vanet,v2,unclean,vanet,
v2/unclean/vanet/197137291.jpg,5fe480d671b65d4c703f8e6c51230466ff9be9bdf5f86a4893550561f6a7afa2,vanet,v2,unclean,vanet,
v2/unclean/vanet/197150276.jpg,2d11d2c9fd643000875dafb65320979973a62f4e2931789da53f92263d129225,vanet,v2,unclean,vanet,
v2/unclean/vanet/197277257.jpg,67235fa5fb57bbf01dcdd0bcfc4210a371af2a3a0ab81aa65246df97f83591e5,vanet,v2,unclean,vanet,
v2/unclean/vanet/197394524.jpg,faff7147d387a3202de21f8370f0e47700bf0e5df53f4a942aa6413efd85e3a5,vanet,v2,unclean,vanet,
v2/unclean/vanet/197826422.jpg,958d30cbd47a49b14e03ce05099d427623e58a023c892ec0b4c536a3c01b8aac,vanet,v2,unclean,vanet,
v2/unclean/vanet/198403132.jpg,5b245f2571b02b6c0583b87b108b91a4a597cc755aa81b4020c608b5e392c8e9,vanet,v2,unclean,vanet,
v2/unclean/vanet/198723141.jpg,63eb727f15fa36c6847fd3aaadaf37bbebd052fba75581ce721ecec4e5197cdb,vanet,v2,unclean,vanet,
v2/unclean/vanet/198973233.jpg,7f30bea5c3552c09db849e7e622054d1d1f18d8128441e19b2a9982a6fcda18d,vanet,v2,unclean,vanet,
v2/unclean/vanet/199412925.jpg,0c8a3a09492c91945b219e6508160579ea39135d3b9ac8410f27099c6b4bccc1,vanet,v2,unclean,vanet,
v2/unclean/vanet/200495754.jpg,4264867bdda397e91cae50cc2e80486903fc258800de9c19c88bc1f26a7b5c58,vanet,v2,unclean,vanet,
v2/unclean/vanet/201971644.jpg,98ede456d52943857744c9a7d9bcb4b22b4fa457d6c7f4cb2aa71067dd6e12b3,vanet,v2,unclean,vanet,
v2/unclean/vanet/203511630.jpg,2fd70bbbc8ccf9298851edb1a1328e5abf01dddcb8458ce129506ed6dbbc4503,vanet,v2,unclean,vanet,
v2/unclean/vanet/204195442.jpg,5dc596c6f113d0ce4fc9622b9f7e41d79be1e97a203d38553da9c3ac2b43a84c,vanet,v2,unclean,vanet,
v2/unclean/vanet/204488081.jpg,378ebd0fe546bd152667c8ccff53eb9944041fa77be33f548a1c6a9d8ee4a98f,vanet,v2,unclean,vanet,
v2/unclean/vanet/204556090.jpg,22727325d3408b69483b08fae146cfa0e56d28efd38bda2b61b6d19d44644ce6,vanet,v2,unclean,vanet,
v2/unclean/vanet/204908253.jpg,692f0ee6b4c7842671ffa4ad189e2f602e382ca07d6697480fbdadb8206ab26f,vanet,v2,unclean,vanet,
v2/unclean/vanet/205760741.jpg,eccb64a9afdca61618380e5151f81d5ff14f3e97e6b2b1198ddc7e63e3cd6be6,vanet,v2,unclean,vanet,
v2/unclean/vanet/205863988.jpg,ada696027db1f36c94d39c5eded366d2ed323cb5fe155fb10c19199c6fe2e71a,vanet,v2,unclean,vanet,
v2/unclean/vanet/206287271.jpg,5e7af5c4a3ddf5b06bf42dd322de4647106faed6fe600a6ca0e91e3dd6ed5161,vanet,v2,unclean,vanet,
v2/unclean/vanet/206341310.jpg,a26204b54e1899961b5f2e71fd98b36a58bb8ec9b7195c886d6d02fb55b1dcba,vanet,v2,unclean,vanet,
v2/unclean/vanet/207517475.jpg,942cbd4903787f17dfcbb6d0068cfbfd580eb801e2751bd262cbaee9370eddf7,vanet,v2,unclean,vanet,
v2/unclean/vanet/207573757.jpg,4a0cafe0fdc2a9ffe9158653f12c914fa57f3ef45b861fdde577f0be03a6213a,vanet,v2,unclean,vanet,
v2/unclean/vanet/207848730.jpg,ede854b4b48dbad0a7d218f569e7e9e76126258bda86eca04475e8d892a225aa,vanet,v2,unclean,vanet,
v2/unclean/vanet/208034728.jpg,ceaa3623fda109ed5d74c2deceaa7fc091ad696df18f5dff67f0a04bbb70417f,vanet,v2,unclean,vanet,
v2/unclean/vanet/208115002.jpg,6b233a5afaaee037784fe6244111fe98aaf9d38d343b811f2f6d543994be8148,vanet,v2,unclean,vanet,
v2/unclean/vanet/208472560.jpg,f89aa3effb1859a395702c277b4b4cb09d2c0bf9e96b33213e0d5d7a1be3a1ee,vanet,v2,unclean,vanet,
v2/unclean/vanet/208473051.jpg,ae2dd3c239acee12fcc36138ed9edb245aba8f39f91fa91266fc34f93609b7fe,vanet,v2,unclean,vanet,
v2/unclean/vanet/208675127.jpg,a1bec29f6b9100e04feef9e08a52f951e86d433fe99dafa9b21c64e1780185fe,vanet,v2,unclean,vanet,
v2/unclean/vanet/208789361.jpg,031b1c240e5ab4fef080af31bee4e60358293327b65dac92ca9255f0122d7992,vanet,v2,unclean,vanet,
v2/unclean/vanet/208840760.jpg,6d8a2f5ed498b730061e5ae7510cbfe60a50bf22060534475bdbbe214028c8a4,vanet,v2,unclean,vanet,
v2/unclean/vanet/209282422.jpg,710ffb4c354d1fc5bc92a7003b6a9daf1fe7cee277c54cb295d14095cb8c927b,vanet,v2,unclean,vanet,
v2/unclean/vanet/209813193.jpg,197260165be0988b3d3b3fbcfa1c18487d5765467caaeaecb2b4d2f577901c8c,vanet,v2,unclean,vanet,
v2/unclean/vanet/209939482.jpg,5bf2f948ff891f8f75442315d85ae9dd1026abd8726a60309ff3cfba8a03a700,vanet,v2,unclean,vanet,
v2/unclean/vanet/212764267.jpg,fdf8f965ab63e64dba1b0579dcb988ba281e7af5d8e7bae62999aeeeb191f511,vanet,v2,unclean,vanet,
v2/unclean/vanet/213358509.jpg,c1d101332c4b6b33c8fe42871bf8f6039e785b39b2254d0d6c177c320f61b895,vanet,v2,unclean,vanet,
v2/unclean/vanet/213899758.jpg,fb14555580d127c04fa39d3cb72d97d0770c34227b25d5ef54ccd10743312770,vanet,v2,unclean,vanet,
v2/unclean/vanet/214354307.jpg,1ca0dbee47955580df027ff141e4a4e3db120967ee3633b5fc3f99b95e5cb6b8,vanet,v2,unclean,vanet,
v2/unclean/vanet/214844872.jpg,222431783bc52399020e9c8e43b27a8d2b48490619fe119ddce6354f368183c9,vanet,v2,unclean,vanet,
v2/unclean/vanet/216384546.jpg,7cf5680c26629319e21b68a429c79e2963f7c65bd234dacc64c00e1b7a469aee,vanet,v2,unclean,vanet,
v2/unclean/vanet/216572155.jpg,c8e0862ce9545419f16ada0eeab36950aee1b60a5205fadfc450db8e45e0dc82,vanet,v2,unclean,vanet,
v2/unclean/vanet/216758585.jpg,889e797ee35b50dc5b8a1b15ef374985c0ec992a6e2b0c4ef953785905f8ce8b,vanet,v2,unclean,vanet,
v2/unclean/vanet/216985846.jpg,f50484e5690e1996fefe6e70d66a8992419d1b305dc5a47bcad4965d3de991cf,vanet,v2,unclean,vanet,
v2/unclean/vanet/217401649.jpg,efb9ce6afb1aac9ed34b092e4e3f9db9a81a15fb821f895b122621658a39b604,vanet,v2,unclean,vanet,
v2/unclean/vanet/217493909.jpg,34acce4724d9d8d58366bf4cc1cdc7a105719e5daf2a47627c7c7a9569c86581,vanet,v2,unclean,vanet,
v2/unclean/vanet/217750010.jpg,4652aa4b9b917607199c975d25dda55acef0f8ee4cfe58ccbde8984184baaa75,vanet,v2,unclean,vanet,
v2/unclean/vanet/217953654.jpg,4de8b204f7ff37c187967f22631d087b1573165de45a4825c5dcbc2bef6d7c84,vanet,v2,unclean,vanet,
v2/unclean/vanet/218153586.jpg,92614d58251801f2075cddbc6edaa1c7430a74982f3e2048d038aedb77106e65,vanet,v2,unclean,vanet,
v2/unclean/vanet/218258133.jpg,1f3d4340e1e7c48a0fd76fd322a0bee2a8433ea30a95666d45296c340a1870fd,vanet,v2,unclean,vanet,
v2/unclean/vanet/218288833.jpg,0ca6ddd432796f95340c4c3c22a032c9066c9f31e37ce4ad7041b4bbe4dd71fe,vanet,v2,unclean,vanet,
v2/unclean/vanet/218635722.jpg,d35ff8cfe89105645f31e54bfe3d2670a150c83521604d1ce0eb19b39bc8d35a,vanet,v2,unclean,vanet,
v2/unclean/vanet/218700051.jpg,09d94f30e5cfe6b1466c170df0c87783bfa9ec7d9081a095e4f5252e9859a2b2,vanet,v2,unclean,vanet,
v2/unclean/vanet/218794461.jpg,4908c033e3cb8286efc198afa44a4baceae35f661f232479f95ceb8567e5ac5c,vanet,v2,unclean,vanet,
v2/unclean/vanet/218807198.jpg,1db7ddb18a995476b664fd0b604723a32944ec5f9e286e883425a4b04af7c526,vanet,v2,unclean,vanet,
v2/unclean/vanet/218984817.jpg,09f7c4cf863710ed8f1afe763269e85a9cc889bda407ff7e91046db4e0ea698f,vanet,v2,unclean,vanet,
