index,path,sha256,source,origin_split,folder_label,basis,expected_model_label,predicted_class,predicted_is_vanet,confidence,needs_review,p_ambulance,p_autobus,p_kamyun,p_kamyunet,p_minibus,p_savari,p_taxi,p_vanet
1,v1/test/vanet/195003645.jpg,83e0ab20e8cc5e523934208a0a3e8a9344d39435b62e5f5a4d1a58224834d3e2,v1,test,vanet,CONFIRMED_NEYSAN,vanet,vanet,True,0.9628,False,0.0000,0.0000,0.0282,0.0002,0.0003,0.0078,0.0008,0.9628
2,v1/test/vanet/197277284.jpg,880482f433bdfeec58db5d30f0f57f5c1fc36bf2ff471ec1ae6989da58314929,v1,test,vanet,CONFIRMED_NEYSAN,vanet,vanet,True,0.9941,False,0.0002,0.0000,0.0003,0.0007,0.0031,0.0007,0.0009,0.9941
3,v1/test/vanet/197500908.jpg,4745132670d92f2228372250e34087d1d191e2289f987a41bd3f4df0f2690ed9,v1,test,vanet,CONFIRMED_NEYSAN,vanet,vanet,True,0.9999,False,0.0000,0.0000,0.0000,0.0001,0.0000,0.0000,0.0000,0.9999
4,v1/test/vanet/198081331.jpg,144ff7719f7349582026536ed6c1b4d5d0fd9b568f3dc3628e4883954a90abed,v1,test,vanet,CONFIRMED_NEYSAN,vanet,vanet,True,0.9975,False,0.0000,0.0000,0.0005,0.0015,0.0003,0.0000,0.0001,0.9975
5,v1/test/vanet/198532786.jpg,6d8a0926eafa064da97c55fa48a62b42e5588b41fb7a742696c510d383f5ebc2,v1,test,vanet,CONFIRMED_NEYSAN,vanet,minibus,False,0.4517,True,0.0001,0.0000,0.1191,0.0130,0.4517,0.0000,0.0002,0.4160
6,v1/test/vanet/200792774.jpg,cd67a268e3be1ae75e491b8c7722759fd66b3d8c8c645f17ee74acd2cdbc651b,v1,test,vanet,CONFIRMED_NEYSAN,vanet,vanet,True,0.9850,False,0.0002,0.0000,0.0081,0.0020,0.0045,0.0000,0.0001,0.9850
7,v1/test/vanet/203362157.jpg,64d5649ec732cef3936b0bca641dc62afef0fb9e83a9dc5a67e3ef965b035441,v1,test,vanet,CONFIRMED_NEYSAN,vanet,vanet,True,0.6903,True,0.0000,0.0000,0.0056,0.0023,0.2861,0.0001,0.0155,0.6903
8,v1/test/vanet/203938980.jpg,72a2ad2ea7ca11aeb4b880c128ac3f8e1e325c61873dd87fd66872dfe06c15bd,v1,test,vanet,CONFIRMED_NEYSAN,vanet,vanet,True,0.4327,True,0.0037,0.0005,0.2409,0.0826,0.2200,0.0027,0.0168,0.4327
9,v1/test/vanet/204405545.jpg,3e19d4013e7734d0b4cd7d777012d6181c44842c87dc21d896c2f8bcfcfac935,v1,test,vanet,CONFIRMED_NEYSAN,vanet,vanet,True,0.9919,False,0.0001,0.0000,0.0003,0.0001,0.0067,0.0000,0.0008,0.9919
10,v1/test/vanet/205788026.jpg,176b5d67653db5dfee1d1b47c84a3f1ed129f0ed8006e41b94ee1dd43004a585,v1,test,vanet,CONFIRMED_NEYSAN,vanet,vanet,True,0.9917,False,0.0005,0.0000,0.0024,0.0046,0.0006,0.0002,0.0001,0.9917
11,v1/test/vanet/206157146.jpg,b200ef2f2d31b46ce94dd924f449795abb4ae42b41660a13878ffe3ad96aa702,v1,test,vanet,CONFIRMED_NEYSAN,vanet,vanet,True,0.9614,False,0.0002,0.0000,0.0364,0.0016,0.0003,0.0000,0.0000,0.9614
12,v1/test/vanet/207089258.jpg,41db7492a28a3dc4dff4df7a2bbe026f9c9ebff568ffa3abb17e13e4ce2f9b18,v1,test,vanet,CONFIRMED_NEYSAN,vanet,vanet,True,0.9422,False,0.0002,0.0000,0.0091,0.0262,0.0076,0.0018,0.0130,0.9422
13,v1/test/vanet/207588795.jpg,5c8c91791f617904e60d91374f22b3eda856877adee710062b4b9b243c777561,v1,test,vanet,CONFIRMED_NEYSAN,vanet,vanet,True,0.9996,False,0.0001,0.0000,0.0000,0.0001,0.0001,0.0000,0.0000,0.9996
14,v1/test/vanet/207864719.jpg,44ee22fdf37693d3959723f4d26437758d5496e289c5374a40a4c3f5de5a4033,v1,test,vanet,CONFIRMED_NEYSAN,vanet,vanet,True,0.8082,True,0.0000,0.0000,0.0229,0.0053,0.1626,0.0001,0.0008,0.8082
15,v1/test/vanet/208195180.jpg,88dc03d36ce95fdc3135530ee41ba264c4c7277da2367e9687e5c9ba6c1087ad,v1,test,vanet,CONFIRMED_NEYSAN,vanet,vanet,True,1.0000,False,0.0000,0.0000,0.0000,0.0000,0.0000,0.0000,0.0000,1.0000
16,v1/test/vanet/208431179.jpg,bd3ebaffd41a362453fed6dee11f984d571d800dc54b5ee058b60d8bd432d83e,v1,test,vanet,CONFIRMED_NEYSAN,vanet,vanet,True,0.9921,False,0.0001,0.0000,0.0070,0.0001,0.0005,0.0001,0.0002,0.9921
17,v1/test/vanet/209303406.jpg,7857a4177741a02d33c0233b2582f9a644ebf06f9535c70d93dabe19edb88831,v1,test,vanet,CONFIRMED_NEYSAN,vanet,vanet,True,0.9968,False,0.0003,0.0000,0.0020,0.0001,0.0008,0.0000,0.0000,0.9968
18,v1/test/vanet/209893847.jpg,dec57836efab2ed4b08e28babe64e62844b150e70d049be12d7ef0d37d3152a6,v1,test,vanet,CONFIRMED_NEYSAN,vanet,vanet,True,0.9804,False,0.0000,0.0000,0.0000,0.0131,0.0003,0.0049,0.0012,0.9804
19,v1/test/vanet/211397697.jpg,2fc1de8dedcbb6a5b3b0f40e4b8603ecde106b914670f1d8bfc94aa90a05c23f,v1,test,vanet,CONFIRMED_NEYSAN,vanet,vanet,True,0.6991,True,0.0001,0.0002,0.2438,0.0435,0.0122,0.0001,0.0011,0.6991
20,v1/test/vanet/211681485.jpg,961d49c01744dbe7518ba8e79af2d13a93874dfe01fedf038b35f64bf8dbd346,v1,test,vanet,CONFIRMED_NEYSAN,vanet,vanet,True,0.8915,True,0.0001,0.0000,0.1015,0.0025,0.0009,0.0001,0.0034,0.8915
21,v1/test/vanet/212205108.jpg,3df4e4c1b7602463f0ccd36ebcddb22f1b3536180b01e8bbda8653f90120be87,v1,test,vanet,CONFIRMED_NEYSAN,vanet,vanet,True,0.9981,False,0.0001,0.0000,0.0012,0.0002,0.0004,0.0000,0.0000,0.9981
22,v1/test/vanet/212916547.jpg,aac0e4f553e398d4a8f407a6fb1fe35f179652c19b56b261030ce28a040b2c25,v1,test,vanet,CONFIRMED_NEYSAN,vanet,vanet,True,0.9999,False,0.0000,0.0000,0.0000,0.0000,0.0000,0.0000,0.0000,0.9999
23,v1/test/vanet/213393744.jpg,386aa0096afc51803e718486d6acf54121652aa285c23e19695ad73a1d31f835,v1,test,vanet,CONFIRMED_NEYSAN,vanet,savari,False,0.8352,True,0.0001,0.0004,0.0181,0.0009,0.0001,0.8352,0.0024,0.1429
24,v1/test/vanet/213775881.jpg,43907cc4f52221c46fd3822aeb0eb644aa870b37f67442d990d1bcb38fdc19f4,v1,test,vanet,CONFIRMED_NEYSAN,vanet,vanet,True,1.0000,False,0.0000,0.0000,0.0000,0.0000,0.0000,0.0000,0.0000,1.0000
25,v1/test/vanet/214782972.jpg,99ac71c7c11ba57e66726152b5f8503f2da71d86dc521e1ff7ebd2e58e09af7d,v1,test,vanet,CONFIRMED_NEYSAN,vanet,vanet,True,0.9815,False,0.0013,0.0000,0.0022,0.0057,0.0071,0.0020,0.0002,0.9815
26,v1/test/vanet/215607701.jpg,ffe511c91b48068eb85d2834d369e3fe440fe1a50d77c2715604eb2163689a23,v1,test,vanet,CONFIRMED_NEYSAN,vanet,vanet,True,0.9946,False,0.0001,0.0000,0.0023,0.0030,0.0000,0.0000,0.0000,0.9946
27,v1/test/vanet/216727686.jpg,1293abb85afa67e7a907261c826e1a42bfd71fe36b64e03ac0b142adb88e1095,v1,test,vanet,CONFIRMED_NEYSAN,vanet,kamyunet,False,0.8192,True,0.0000,0.0004,0.0012,0.8192,0.0000,0.0544,0.0001,0.1247
28,v1/test/vanet/217192410.jpg,3565c05b22508b3cc8d0cc0cf886aa2311b7211166c24e88e1d76f3bd6024057,v1,test,vanet,CONFIRMED_NEYSAN,vanet,savari,False,0.9708,False,0.0000,0.0005,0.0003,0.0002,0.0000,0.9708,0.0003,0.0278
29,v1/test/vanet/217977559.jpg,40f6d11205b0dea63befdf401d8968963548a5f1489e5d0c028e63d5d0360283,v1,test,vanet,CONFIRMED_NEYSAN,vanet,kamyun,False,0.6265,True,0.0011,0.0000,0.6265,0.0014,0.0001,0.0000,0.0001,0.3708
30,v1/test/vanet/218061222.jpg,27ef0b293a739e20ffd54ddba9991b2a84027c9a81aaae1200f6267b74d073f8,v1,test,vanet,CONFIRMED_NEYSAN,vanet,vanet,True,0.4977,True,0.0859,0.0000,0.0061,0.0209,0.1655,0.0131,0.2108,0.4977
31,v1/test/vanet/218311235.jpg,c948f68c4b6dba153d5cec822ff81f106fe9f076d5d663e60f4e3d2017072118,v1,test,vanet,CONFIRMED_NEYSAN,vanet,vanet,True,0.9806,False,0.0104,0.0000,0.0004,0.0001,0.0066,0.0018,0.0001,0.9806
32,v1/test/vanet/218438512.jpg,8c86fc43da1b4550c5bef56466863d2a7878de1bd23765bff1c10ac4f17c9902,v1,test,vanet,CONFIRMED_NEYSAN,vanet,vanet,True,0.9236,False,0.0017,0.0000,0.0083,0.0616,0.0009,0.0026,0.0013,0.9236
33,v1/test/vanet/218886563.jpg,993094543f045e8834dcfab1bcb4b9dce1cb3211e070a64fc5f563aa6c61f652,v1,test,vanet,CONFIRMED_NEYSAN,vanet,savari,False,0.9190,False,0.0002,0.0003,0.0001,0.0001,0.0001,0.9190,0.0053,0.0750
34,v1/test/vanet/218939947.jpg,276874fc4c2f831bdc50b1291d2de382a4a861632dbf11c45234c50576efaca3,v1,test,vanet,CONFIRMED_NEYSAN,vanet,vanet,True,0.6008,True,0.0000,0.0072,0.0674,0.0067,0.0005,0.3158,0.0016,0.6008
35,v1/train/vanet/194840733.jpg,0be05d3a8d9e6bfdf8e9b020ad45271e54b45d72557dd36901a47977cf103034,v1,train,vanet,CONFIRMED_NEYSAN,vanet,vanet,True,0.9160,False,0.0001,0.0000,0.0140,0.0000,0.0697,0.0001,0.0001,0.9160
36,v1/train/vanet/195737410.jpg,97999bc7b3e620267e81d8604a7af66e3591ce22625acc72d2601c29c46094d1,v1,train,vanet,CONFIRMED_NEYSAN,vanet,minibus,False,0.8318,True,0.0000,0.0000,0.0258,0.0013,0.8318,0.0000,0.0009,0.1401
37,v1/train/vanet/196587192.jpg,8546774e53df3dac7d6e964200e85b2825fa3e991d5dda1e63b849e6796431dd,v1,train,vanet,CONFIRMED_NEYSAN,vanet,vanet,True,1.0000,False,0.0000,0.0000,0.0000,0.0000,0.0000,0.0000,0.0000,1.0000
38,v1/train/vanet/197030864.jpg,2bae3b75c6eb6e07b2a0adb9a9f3d6f7bf8e248ce9e937c6da3a753c6beb37e0,v1,train,vanet,CONFIRMED_NEYSAN,vanet,kamyun,False,0.8190,True,0.0001,0.0054,0.8190,0.0085,0.0698,0.0000,0.0000,0.0972
39,v1/train/vanet/197410959.jpg,a8b53f3fbdf606158ea4af986ca12b8083fde3f57c0e616ab4bed8718c32dd5c,v1,train,vanet,CONFIRMED_NEYSAN,vanet,kamyun,False,0.7967,True,0.0003,0.0000,0.7967,0.0197,0.0017,0.0028,0.0062,0.1727
40,v1/train/vanet/197642949.jpg,49c8e33e76ffde1538d35ecd1eb2dd501b90de056d13f289731e88d9a7161c3b,v1,train,vanet,CONFIRMED_NEYSAN,vanet,vanet,True,0.8953,True,0.0000,0.0000,0.0016,0.1028,0.0001,0.0000,0.0001,0.8953
41,v1/train/vanet/197702697.jpg,e150e37e3ca3d07acb520212a78529d6451d20b1cd24abfdc1f27feb57d60307,v1,train,vanet,CONFIRMED_NEYSAN,vanet,kamyunet,False,0.7700,True,0.0000,0.0000,0.0173,0.7700,0.0000,0.0000,0.0000,0.2127
42,v1/train/vanet/197762795.jpg,fc529d22e97082431ef9aea047abaf0a7c5aff5a01a7a2e9842563b2e373335b,v1,train,vanet,CONFIRMED_NEYSAN,vanet,vanet,True,0.9496,False,0.0000,0.0000,0.0007,0.0483,0.0014,0.0000,0.0000,0.9496
43,v1/train/vanet/198521244.jpg,ed70f14acce803c8820313ed363eccd438c2c09007798fd3bc4858c08031c7d9,v1,train,vanet,CONFIRMED_NEYSAN,vanet,vanet,True,0.5134,True,0.0875,0.0000,0.0129,0.0015,0.3486,0.0197,0.0163,0.5134
44,v1/train/vanet/199411077.jpg,dd3c89ba14a133c5f7155c432b27b7ed8945e3085135c5705e0e5b8508707ca9,v1,train,vanet,CONFIRMED_NEYSAN,vanet,kamyun,False,0.8099,True,0.0007,0.0008,0.8099,0.0065,0.0422,0.0006,0.0100,0.1292
45,v1/train/vanet/200533750.jpg,0ea7fefa96467c2e59809c8d4cae80987b86e987660821787e46158bbd5b38b4,v1,train,vanet,CONFIRMED_NEYSAN,vanet,vanet,True,0.9840,False,0.0000,0.0003,0.0021,0.0008,0.0102,0.0002,0.0025,0.9840
46,v1/train/vanet/200823882.jpg,4c857fb029f4ff8b6f0e1abb53fb5d26d40f0f3c09e0cf5aaf62a6dae7a2ff72,v1,train,vanet,CONFIRMED_NEYSAN,vanet,vanet,True,0.9993,False,0.0000,0.0000,0.0004,0.0001,0.0001,0.0000,0.0000,0.9993
47,v1/train/vanet/201998076.jpg,e3eb53dbebe8ea5db5e2d8f63c157842fed5c6e2e3b7cbff2955659f4ec89c61,v1,train,vanet,CONFIRMED_NEYSAN,vanet,vanet,True,0.9992,False,0.0001,0.0000,0.0000,0.0001,0.0005,0.0001,0.0000,0.9992
48,v1/train/vanet/203270338.jpg,9d4d2ec0644e0942a494e2779ae0653d58b192e23feec4f97688a9da9afbd3c7,v1,train,vanet,CONFIRMED_NEYSAN,vanet,vanet,True,0.9992,False,0.0001,0.0000,0.0004,0.0001,0.0003,0.0000,0.0000,0.9992
49,v1/train/vanet/205262878.jpg,d53197b3bfcba7706dfed0cc895682a077933c2e8a886f194046bc8a8bec9424,v1,train,vanet,CONFIRMED_NEYSAN,vanet,vanet,True,0.9983,False,0.0000,0.0000,0.0001,0.0015,0.0000,0.0001,0.0000,0.9983
50,v1/train/vanet/207057519.jpg,c5e590221aa719c518ef41458c3484e3a22570281326a4f78bb41516ee99036e,v1,train,vanet,CONFIRMED_NEYSAN,vanet,vanet,True,0.9976,False,0.0009,0.0000,0.0010,0.0002,0.0003,0.0000,0.0000,0.9976
51,v1/train/vanet/207379908.jpg,f763dc5d5723440033bedbcf358b9b50b9e8f51fa78c6020809fd837e2bd55e9,v1,train,vanet,CONFIRMED_NEYSAN,vanet,vanet,True,0.9631,False,0.0006,0.0000,0.0004,0.0181,0.0105,0.0033,0.0040,0.9631
52,v1/train/vanet/207803201.jpg,fbfbed506198dd88e2a65887517c4cb66104f33064db3068e9ddae7b2a4bcfe8,v1,train,vanet,CONFIRMED_NEYSAN,vanet,vanet,True,0.9995,False,0.0000,0.0000,0.0002,0.0000,0.0002,0.0000,0.0000,0.9995
53,v1/train/vanet/208237798.jpg,54e6de71b2e1474704570068ec67a8c5d26986db103cede5f59dff6b005e10ac,v1,train,vanet,CONFIRMED_NEYSAN,vanet,kamyun,False,0.9735,False,0.0000,0.0000,0.9735,0.0073,0.0181,0.0000,0.0002,0.0009
54,v1/train/vanet/208328663.jpg,62c1f3b1f225aa6b5297130e078114bd5fb9695bbacd5def286096f4a1ee352d,v1,train,vanet,CONFIRMED_NEYSAN,vanet,vanet,True,0.8557,True,0.0001,0.0004,0.0618,0.0067,0.0607,0.0038,0.0109,0.8557
55,v1/train/vanet/212199241.jpg,d543ac1a485a5b690ce92a3c956779ce6000abe3b52736dca3598f3dd41f19cb,v1,train,vanet,CONFIRMED_NEYSAN,vanet,vanet,True,0.9872,False,0.0103,0.0000,0.0002,0.0019,0.0001,0.0003,0.0000,0.9872
56,v1/train/vanet/214572271.jpg,1aed90ed7f2e02b95a086c90292623ce03177ea985447f25aeaa373e8b81302f,v1,train,vanet,CONFIRMED_NEYSAN,vanet,vanet,True,0.9941,False,0.0051,0.0000,0.0000,0.0004,0.0001,0.0003,0.0001,0.9941
57,v1/train/vanet/214596732.jpg,1ed7832e648c8cee63b501c47d9e19ceb4427e1da60f0dd89849e1d2336f4f7c,v1,train,vanet,CONFIRMED_NEYSAN,vanet,vanet,True,0.9995,False,0.0000,0.0000,0.0000,0.0005,0.0000,0.0000,0.0000,0.9995
58,v1/train/vanet/214844236.jpg,90916da4f0a7a65ea4c298d2a309b66d426e4a70867c5f3a5258f180c6b7f382,v1,train,vanet,CONFIRMED_NEYSAN,vanet,vanet,True,0.9950,False,0.0003,0.0000,0.0000,0.0002,0.0029,0.0001,0.0015,0.9950
59,v1/train/vanet/216034128.jpg,5ff367829974f118743505fa63bc6ea1873a87776708f73065e73a1077418f95,v1,train,vanet,CONFIRMED_NEYSAN,vanet,vanet,True,0.9999,False,0.0000,0.0000,0.0000,0.0000,0.0000,0.0001,0.0000,0.9999
60,v1/train/vanet/216107182.jpg,092f9a24cb3e35f526006dad59b60aa34eaa426d6e936ac25bf3f7b71b2ae38e,v1,train,vanet,CONFIRMED_NEYSAN,vanet,vanet,True,0.9908,False,0.0001,0.0000,0.0008,0.0000,0.0046,0.0001,0.0036,0.9908
61,v1/train/vanet/216352099.jpg,cf789610bd7a4c85d7bd84c906042663f014977f84af66b07ade41539b68771b,v1,train,vanet,CONFIRMED_NEYSAN,vanet,vanet,True,0.8338,True,0.0815,0.0001,0.0795,0.0042,0.0002,0.0006,0.0001,0.8338
62,v1/train/vanet/217558673.jpg,0cf0afed40e37de1a10032045264dc67f13310767bd2b5f39bd2a6d711254864,v1,train,vanet,CONFIRMED_NEYSAN,vanet,vanet,True,0.9971,False,0.0000,0.0000,0.0027,0.0001,0.0000,0.0001,0.0000,0.9971
63,v1/train/vanet/217970196.jpg,b888f9fd28d67577a7c603fd5edebee4f679067df663b63498a952784ea08135,v1,train,vanet,CONFIRMED_NEYSAN,vanet,vanet,True,0.9993,False,0.0000,0.0000,0.0001,0.0002,0.0000,0.0003,0.0001,0.9993
64,v1/train/vanet/218059558.jpg,013dc115d8f70535cd381fb12ba9e02123726b161ea5a24eeb0dfea0ebf67f8a,v1,train,vanet,CONFIRMED_NEYSAN,vanet,vanet,True,0.9984,False,0.0000,0.0000,0.0002,0.0005,0.0008,0.0000,0.0000,0.9984
65,v1/train/vanet/218080336.jpg,9f3e0e1a5bb8eaed1c3fb086081844926a2b58bec4767f1c8bcfaa5dcac2a571,v1,train,vanet,CONFIRMED_NEYSAN,vanet,vanet,True,0.9952,False,0.0003,0.0000,0.0004,0.0006,0.0012,0.0019,0.0003,0.9952
66,v1/train/vanet/218080868.jpg,580f7cd1dd02ed0d2f2bb4ea125c0c5b2ec3b9238f3b033adfa40a471e4bea6b,v1,train,vanet,CONFIRMED_NEYSAN,vanet,autobus,False,0.4277,True,0.0001,0.4277,0.0025,0.0028,0.0047,0.1639,0.1120,0.2864
67,v1/train/vanet/218481035.jpg,39b8315ec4617bc6dc3815ada7b5505fbf3d316510ae9ca27f44b477da679f1a,v1,train,vanet,CONFIRMED_NEYSAN,vanet,vanet,True,0.9958,False,0.0001,0.0000,0.0007,0.0032,0.0003,0.0000,0.0000,0.9958
68,v1/train/vanet/218579053.jpg,1493471813329e4ffb9939e7b66b5146b6d80d1e2a4842b6abfe75bbfa3b2962,v1,train,vanet,CONFIRMED_NEYSAN,vanet,vanet,True,0.4263,True,0.0009,0.0081,0.2539,0.1201,0.0284,0.0826,0.0796,0.4263
69,v1/train/vanet/218667942.jpg,d3c42541ff667b5c1ec95f7be114610b0043b8f315dcf0c1476e7890dfe5e988,v1,train,vanet,CONFIRMED_NEYSAN,vanet,vanet,True,0.9752,False,0.0000,0.0000,0.0000,0.0000,0.0000,0.0247,0.0000,0.9752
70,v1/train/vanet/218753316.jpg,03279ef244e8720af41aa33d9b6a59196d73d5f5f934b5d4eaa37d00b0e02adc,v1,train,vanet,CONFIRMED_NEYSAN,vanet,vanet,True,0.9993,False,0.0000,0.0000,0.0000,0.0000,0.0001,0.0005,0.0001,0.9993
71,v1/unclean/neysan/195478008.jpg,89a0b210be7dc0aed6fe32da0208b06a10bf920f25829fc8c62853c76a1b39e4,v1,unclean,neysan,neysan_folder_label,vanet,vanet,True,0.9839,False,0.0001,0.0000,0.0075,0.0007,0.0077,0.0001,0.0001,0.9839
72,v1/unclean/neysan/195575409.jpg,4eb9fcdd20971998df139711e59aa637bb6aa85df7f6afa62cfc50aaa56d6213,v1,unclean,neysan,neysan_folder_label,vanet,vanet,True,0.9605,False,0.0000,0.0000,0.0012,0.0007,0.0355,0.0019,0.0002,0.9605
73,v1/unclean/neysan/195728454.jpg,6b7b1a5565e36e48ad8064c605c4d075e42049f8a8849c732850432ff232fb20,v1,unclean,neysan,neysan_folder_label,vanet,vanet,True,0.4027,True,0.0043,0.0001,0.2392,0.0038,0.0195,0.0002,0.3302,0.4027
74,v1/unclean/neysan/195988970.jpg,9040236a8b3db619defa4b8a68de4e348c1ceb404802402fc58031fcd1a6a42d,v1,unclean,neysan,neysan_folder_label,vanet,vanet,True,0.9745,False,0.0000,0.0001,0.0017,0.0028,0.0000,0.0006,0.0203,0.9745
75,v1/unclean/neysan/197253666.jpg,1e36a75975bf20d23faafd81200a2076761f749b0195f1eaa81087305a07a7c4,v1,unclean,neysan,neysan_folder_label,vanet,vanet,True,0.8031,True,0.0008,0.0001,0.0159,0.0236,0.0379,0.0974,0.0212,0.8031
76,v1/unclean/neysan/197852665.jpg,d70124a6f3f3b8f5c5b03320a42cc0dfabef8a3ab89b31022ad98d6323ee0652,v1,unclean,neysan,neysan_folder_label,vanet,vanet,True,0.9971,False,0.0000,0.0000,0.0000,0.0002,0.0025,0.0000,0.0002,0.9971
77,v1/unclean/neysan/198251219.jpg,ac41098ab6d5cffaa82d486199110f0910efd19a9a768ec9f9e7196ca2a1182e,v1,unclean,neysan,neysan_folder_label,vanet,vanet,True,0.8240,True,0.0020,0.0004,0.0713,0.0005,0.0998,0.0003,0.0017,0.8240
78,v1/unclean/neysan/198415918.jpg,1f99eb98850ff00cd147423f44b74ec184cf4a74ab2ec2d2d3a4a5b422045e4b,v1,unclean,neysan,neysan_folder_label,vanet,vanet,True,0.9682,False,0.0002,0.0000,0.0180,0.0011,0.0040,0.0025,0.0061,0.9682
79,v1/unclean/neysan/198488181.jpg,a8b22ece9c0e14fb7b61955c70c63f118bf3be83059aa5fe0713a8d9792951b8,v1,unclean,neysan,neysan_folder_label,vanet,vanet,True,0.8687,True,0.0003,0.0002,0.0063,0.1226,0.0019,0.0000,0.0000,0.8687
80,v1/unclean/neysan/198504276.jpg,4ba3bb16f42fce5f6b0d939e58be5738af1606ae19380e5b9f4f4581a5828d2c,v1,unclean,neysan,neysan_folder_label,vanet,vanet,True,0.9417,False,0.0019,0.0000,0.0264,0.0276,0.0020,0.0003,0.0002,0.9417
81,v1/unclean/neysan/198879422.jpg,8ba5629a37d76cdd18fcefd7527553af90ba22477ace0628e227cab53d9c91d6,v1,unclean,neysan,neysan_folder_label,vanet,vanet,True,0.9630,False,0.0000,0.0000,0.0293,0.0017,0.0059,0.0000,0.0000,0.9630
82,v1/unclean/neysan/199759650.jpg,b1aea2e543ec955447d27deb822887a58f1dfafe7aa966e2dbdaa1b94eb418cc,v1,unclean,neysan,neysan_folder_label,vanet,vanet,True,0.9821,False,0.0003,0.0000,0.0166,0.0009,0.0001,0.0000,0.0000,0.9821
83,v1/unclean/neysan/201094953.jpg,bb25ff7d77f7456698194eb58265758724925690ccb2307123930333d7eb3b67,v1,unclean,neysan,neysan_folder_label,vanet,vanet,True,0.9980,False,0.0001,0.0000,0.0003,0.0006,0.0001,0.0001,0.0008,0.9980
84,v1/unclean/neysan/202667629.jpg,f1de3a09e472b59774cb17c9ca4e4611346a4e0d47b161a8a6f82dca423dedc5,v1,unclean,neysan,neysan_folder_label,vanet,vanet,True,0.9970,False,0.0000,0.0000,0.0012,0.0010,0.0006,0.0001,0.0000,0.9970
85,v1/unclean/neysan/202856843.jpg,3ebe54cae8904c600cb6991ad1bab0ce37937cb141718a7c15453e6a014c2ddc,v1,unclean,neysan,neysan_folder_label,vanet,vanet,True,0.9986,False,0.0000,0.0000,0.0000,0.0001,0.0001,0.0009,0.0002,0.9986
86,v1/unclean/neysan/206133475.jpg,f4627a56b664b42810664b98dacc638efbe4c280e8cebdf2ed887074bbfcf3b1,v1,unclean,neysan,neysan_folder_label,vanet,vanet,True,0.9983,False,0.0016,0.0000,0.0000,0.0000,0.0000,0.0000,0.0000,0.9983
87,v1/unclean/neysan/206134330.jpg,7642ed12b9872360448d336e735696cb01faeede8fdebda40b82173ef70d8949,v1,unclean,neysan,neysan_folder_label,vanet,vanet,True,1.0000,False,0.0000,0.0000,0.0000,0.0000,0.0000,0.0000,0.0000,1.0000
88,v1/unclean/neysan/206357127.jpg,84bb065f91a7a3222a1fc0bbe021f40916ce1689541fcb545654deb64b2f4a44,v1,unclean,neysan,neysan_folder_label,vanet,vanet,True,0.9992,False,0.0000,0.0000,0.0001,0.0003,0.0004,0.0000,0.0000,0.9992
89,v1/unclean/neysan/207200870.jpg,b4d5050202369eb522d960feb03a6b11321b4122e63db7e15b2692209a7ab2dd,v1,unclean,neysan,neysan_folder_label,vanet,kamyunet,False,0.8249,True,0.0000,0.0000,0.0005,0.8249,0.0013,0.0000,0.0001,0.1732
90,v1/unclean/neysan/207850008.jpg,c3e2513d808fc1e092202418a43ae3cbd6917f024c713d66d83d1aea5c93bf21,v1,unclean,neysan,neysan_folder_label,vanet,vanet,True,0.9820,False,0.0001,0.0000,0.0036,0.0049,0.0094,0.0000,0.0000,0.9820
91,v1/unclean/neysan/207857872.jpg,cd5c342c7acfb4aab020e85063709f56598be82b535757236b56199ebb007846,v1,unclean,neysan,neysan_folder_label,vanet,vanet,True,0.9947,False,0.0001,0.0000,0.0028,0.0022,0.0000,0.0002,0.0000,0.9947
92,v1/unclean/neysan/208678784.jpg,bc70863b87128c9c675549e752640870a751b85d0c23dc4297dbdd8472b78e4d,v1,unclean,neysan,neysan_folder_label,vanet,kamyunet,False,0.6667,True,0.0008,0.0000,0.0028,0.6667,0.0430,0.0012,0.0002,0.2854
93,v1/unclean/neysan/208758342.jpg,324501cf504b9f5a63f23c0aad3a3c2d579de80c89aa95588bab710f0042c5ea,v1,unclean,neysan,neysan_folder_label,vanet,vanet,True,0.9917,False,0.0000,0.0000,0.0000,0.0000,0.0011,0.0070,0.0002,0.9917
94,v1/unclean/neysan/209943473.jpg,d6c256ce16677e2c73170dc78000a8e3500c357bc2c45dae69b87d2add1386b9,v1,unclean,neysan,neysan_folder_label,vanet,vanet,True,0.5820,True,0.0254,0.0018,0.0138,0.0016,0.0690,0.0039,0.3026,0.5820
95,v1/unclean/neysan/210603202.jpg,bc00f56831119c9fab861dabe762b8d9ec5f561b6bb5d4ffd9ab5889e960092d,v1,unclean,neysan,neysan_folder_label,vanet,vanet,True,0.8245,True,0.0000,0.0003,0.0000,0.1444,0.0286,0.0005,0.0017,0.8245
96,v1/unclean/neysan/211683675.jpg,66e147845015e34f8c69916927695d2f9c0cd903536d9103d4a145b94868bd5f,v1,unclean,neysan,neysan_folder_label,vanet,vanet,True,0.9818,False,0.0000,0.0000,0.0001,0.0173,0.0007,0.0000,0.0000,0.9818
97,v1/unclean/neysan/211979013.jpg,ab24236e52799781cf207e29787d2aa79927ee5aea4206aa9d61c1d9dede7007,v1,unclean,neysan,neysan_folder_label,vanet,savari,False,0.9114,False,0.0000,0.0268,0.0017,0.0067,0.0002,0.9114,0.0246,0.0286
98,v1/unclean/neysan/212131849.jpg,4cbf9aaadf2b22f39e43f6e1efa60d752b7cf50bcf8e7838cf729607ae881576,v1,unclean,neysan,neysan_folder_label,vanet,savari,False,0.7714,True,0.0000,0.0589,0.0179,0.0002,0.0012,0.7714,0.1487,0.0016
99,v1/unclean/neysan/212188576.jpg,dccb28d03df19b80260cc6ce92e15a71e605c5a099b83ae23c9218fc26750193,v1,unclean,neysan,neysan_folder_label,vanet,savari,False,0.9797,False,0.0000,0.0173,0.0001,0.0006,0.0002,0.9797,0.0003,0.0018
100,v1/unclean/neysan/212400936.jpg,94729a1c8c8399de067d44be9ffc5ad0dd59742ea38cde1be5f6e62021907c9c,v1,unclean,neysan,neysan_folder_label,vanet,savari,False,0.9960,False,0.0000,0.0011,0.0000,0.0024,0.0000,0.9960,0.0000,0.0004
101,v1/unclean/neysan/212486564.jpg,8e6eb0c7edc945ef6ff11063fe5dc742890a508d25e0b5c1a623d8e20c868dda,v1,unclean,neysan,neysan_folder_label,vanet,vanet,True,0.9991,False,0.0000,0.0000,0.0002,0.0001,0.0006,0.0000,0.0000,0.9991
102,v1/unclean/neysan/213349964.jpg,a875ee68e0a297bea023b3b3455fa7099f37d8f5009a0359ba0cbc26c9d2a9b3,v1,unclean,neysan,neysan_folder_label,vanet,vanet,True,1.0000,False,0.0000,0.0000,0.0000,0.0000,0.0000,0.0000,0.0000,1.0000
103,v1/unclean/neysan/213632816.jpg,8737807ba6689c5eb111c274e3e5dbd51de45910fcb8411a90aedab3e5f867b1,v1,unclean,neysan,neysan_folder_label,vanet,vanet,True,0.9992,False,0.0000,0.0000,0.0001,0.0007,0.0001,0.0000,0.0000,0.9992
104,v1/unclean/neysan/214500693.jpg,31538cb81a4f79cc3c648c3c20ebeae630a7b58869308219551d683b5b3a5bb1,v1,unclean,neysan,neysan_folder_label,vanet,vanet,True,0.9999,False,0.0000,0.0000,0.0000,0.0001,0.0000,0.0000,0.0000,0.9999
105,v1/unclean/neysan/214838660.jpg,afbeeeec96e3541c94d27360d59e58823428b89c2129c3803ef2e5d85286fbbb,v1,unclean,neysan,neysan_folder_label,vanet,vanet,True,0.9969,False,0.0000,0.0000,0.0000,0.0012,0.0017,0.0001,0.0001,0.9969
106,v1/unclean/neysan/214844236.jpg,90916da4f0a7a65ea4c298d2a309b66d426e4a70867c5f3a5258f180c6b7f382,v1,unclean,neysan,neysan_folder_label,vanet,vanet,True,0.9950,False,0.0003,0.0000,0.0000,0.0002,0.0029,0.0001,0.0015,0.9950
107,v1/unclean/neysan/216417392.jpg,5ee1936ff923333fc1e76b1ec6b7da7a395aa6108a4d55b72c96931728b844b1,v1,unclean,neysan,neysan_folder_label,vanet,vanet,True,0.7293,True,0.0003,0.0000,0.2112,0.0589,0.0002,0.0000,0.0000,0.7293
108,v1/unclean/neysan/217090683.jpg,65c3f1655ac4ea7fa00997c944cce377edcecd4f99b800fb113d0a89d87d5a46,v1,unclean,neysan,neysan_folder_label,vanet,vanet,True,0.9379,False,0.0002,0.0000,0.0004,0.0610,0.0001,0.0005,0.0000,0.9379
109,v1/unclean/neysan/217554061.jpg,c26510e94860b0deb74eded2395c3b0363d18a193ea8f98844d766d4d401b470,v1,unclean,neysan,neysan_folder_label,vanet,vanet,True,0.7865,True,0.0000,0.0000,0.0000,0.0001,0.0002,0.2117,0.0015,0.7865
110,v1/unclean/neysan/217698430.jpg,03dd0a834d9a9297eaa7f2ac534aef96af1b5b049316941f51dec49f0d3af204,v1,unclean,neysan,neysan_folder_label,vanet,vanet,True,0.9760,False,0.0000,0.0000,0.0009,0.0000,0.0231,0.0000,0.0000,0.9760
111,v1/unclean/neysan/217784730.jpg,7d472bf52667c0f65dd2a52475fd5392c11d799cc2408194b245aa347d6dc743,v1,unclean,neysan,neysan_folder_label,vanet,vanet,True,0.9994,False,0.0000,0.0000,0.0000,0.0003,0.0000,0.0001,0.0000,0.9994
112,v1/unclean/neysan/217990722.jpg,c3f8729ce2f3a80bc875bb2db71e564e5763bdbf417968c236b599e10cc6a494,v1,unclean,neysan,neysan_folder_label,vanet,vanet,True,0.9833,False,0.0000,0.0000,0.0166,0.0001,0.0000,0.0000,0.0000,0.9833
113,v1/unclean/neysan/218352401.jpg,154045d12779b42b91dd8f9b8aa9a4fc7da52f1c3fa79618b984ca68c807c905,v1,unclean,neysan,neysan_folder_label,vanet,vanet,True,0.9994,False,0.0000,0.0000,0.0004,0.0000,0.0000,0.0001,0.0000,0.9994
114,v1/unclean/neysan/218594379.jpg,2254002c47ac0ec76669b1b967f185d8a4f352c90c4851a0d02da78d94295085,v1,unclean,neysan,neysan_folder_label,vanet,vanet,True,0.9992,False,0.0001,0.0000,0.0000,0.0001,0.0002,0.0004,0.0000,0.9992
115,v1/unclean/neysan/218706427.jpg,3ae02a6baccd2bd4c3098b9e4936f9b991f6a13cb44f8c7c95247262274a98dd,v1,unclean,neysan,neysan_folder_label,vanet,vanet,True,0.9063,False,0.0001,0.0000,0.0005,0.0925,0.0004,0.0002,0.0000,0.9063
116,v1/unclean/neysan/218847866.jpg,b03d00b1cedb299e43bfed64fc4b4bfe9715f951c1df83d82f337301ef695085,v1,unclean,neysan,neysan_folder_label,vanet,kamyunet,False,0.9061,False,0.0000,0.0000,0.0000,0.9061,0.0000,0.0084,0.0000,0.0855
117,v1/unclean/neysan/218970336.jpg,cfb45d5ee82c2b295963f652a6de8aa8708118046221141f306e0331f2670cd6,v1,unclean,neysan,neysan_folder_label,vanet,vanet,True,0.9984,False,0.0000,0.0000,0.0002,0.0000,0.0011,0.0002,0.0000,0.9984
118,v1/unclean/neysan/219016956.jpg,89fd7551e997119a7d9f8ab8f467649f07630b8edf2d533141d472a36ffdf2ba,v1,unclean,neysan,neysan_folder_label,vanet,vanet,True,0.9963,False,0.0003,0.0000,0.0017,0.0002,0.0002,0.0013,0.0000,0.9963
119,v1/unclean/neysan/219111121.jpg,d3b063f46a243068fd175b215fcd69bb0488af79fd4a19a99f1453d350eb3169,v1,unclean,neysan,neysan_folder_label,vanet,vanet,True,0.7144,True,0.0013,0.0006,0.0214,0.0062,0.2512,0.0049,0.0001,0.7144
120,v1/unclean/neysan/219117401.jpg,1300c733151e862813586d89a2bdf821a1ccb5ff8d3d75a35e7640a67cc1844b,v1,unclean,neysan,neysan_folder_label,vanet,vanet,True,0.9166,False,0.0001,0.0005,0.0780,0.0035,0.0003,0.0010,0.0000,0.9166
121,v1/unclean/vanet/194853070.jpg,dece20e435b2a020dfd6ba5a48066178a4fcd664102f1c1c18c00e611141b34b,v1,unclean,vanet,CONFIRMED_NEYSAN,vanet,vanet,True,0.9981,False,0.0001,0.0000,0.0002,0.0017,0.0000,0.0000,0.0000,0.9981
122,v1/unclean/vanet/195080365.jpg,361c4312cb3f1314aaeec96acf89e91c80ce598348c1b61e76c571cd01c8a8da,v1,unclean,vanet,CONFIRMED_NEYSAN,vanet,vanet,True,0.9751,False,0.0002,0.0000,0.0001,0.0169,0.0066,0.0001,0.0010,0.9751
123,v1/unclean/vanet/195673270.jpg,07c122527bf6c4067725283f2fbb5c9d1187971322f3bd3dbf56ad15a9fbc68a,v1,unclean,vanet,CONFIRMED_NEYSAN,vanet,vanet,True,0.9997,False,0.0000,0.0000,0.0000,0.0000,0.0002,0.0000,0.0000,0.9997
124,v1/unclean/vanet/197495997.jpg,add8ed1ad12c1276e4fe79ef87d97c21f65465f8eb9a9f77587c2f4f9cb3b764,v1,unclean,vanet,CONFIRMED_NEYSAN,vanet,savari,False,0.7359,True,0.0000,0.0000,0.0007,0.0003,0.0002,0.7359,0.0120,0.2508
125,v1/unclean/vanet/197551635.jpg,27b703b59d91808d07c25205c01f48110836bf3032e3e878fd4981c054f9fe4d,v1,unclean,vanet,CONFIRMED_NEYSAN,vanet,vanet,True,0.9961,False,0.0000,0.0000,0.0001,0.0036,0.0000,0.0000,0.0002,0.9961
126,v1/unclean/vanet/197560785.jpg,bd6928a0ab64c89d82161e699bce2a332879c4ae69b2fdfc5ac5a5e1ef2b0f6a,v1,unclean,vanet,CONFIRMED_NEYSAN,vanet,vanet,True,0.9997,False,0.0000,0.0000,0.0000,0.0002,0.0001,0.0000,0.0000,0.9997
127,v1/unclean/vanet/197880860.jpg,e8a5fb0403edbd4b117bdcc48b06432ba59dd06e8c2ad6ed56a90f38d37821b8,v1,unclean,vanet,CONFIRMED_NEYSAN,vanet,vanet,True,0.8509,True,0.0024,0.0000,0.1349,0.0107,0.0008,0.0001,0.0002,0.8509
128,v1/unclean/vanet/197959333.jpg,d39e747a8f99835bf515ef305e601776960d98be6966a5b1d2e57dd184e37bb4,v1,unclean,vanet,CONFIRMED_NEYSAN,vanet,vanet,True,0.9990,False,0.0000,0.0000,0.0002,0.0005,0.0002,0.0000,0.0000,0.9990
129,v1/unclean/vanet/198195169.jpg,1e9ab17768c7f797b940f8a844bd1b6df1e72ce22686a4d7c54e0cafedee409b,v1,unclean,vanet,CONFIRMED_NEYSAN,vanet,vanet,True,0.9992,False,0.0004,0.0000,0.0003,0.0000,0.0000,0.0000,0.0000,0.9992
130,v1/unclean/vanet/198661396.jpg,10bbbac5056ec48712c7b65ec6aaf4294d03580f03743512e528ee708b4ee8a5,v1,unclean,vanet,CONFIRMED_NEYSAN,vanet,vanet,True,0.9999,False,0.0000,0.0000,0.0000,0.0000,0.0000,0.0000,0.0000,0.9999
131,v1/unclean/vanet/199401055.jpg,d5870cc72a63f0513e96827c7bb246759a4533bc8d1e6b038a1b6ec5e868c5ca,v1,unclean,vanet,CONFIRMED_NEYSAN,vanet,vanet,True,0.9748,False,0.0058,0.0000,0.0028,0.0002,0.0088,0.0041,0.0035,0.9748
132,v1/unclean/vanet/200802999.jpg,f149b1a4494e497787f111e84a9424507574517db1e23e58356f1fe0c79e826f,v1,unclean,vanet,CONFIRMED_NEYSAN,vanet,vanet,True,0.5620,True,0.0038,0.0000,0.0291,0.3930,0.0070,0.0045,0.0006,0.5620
133,v1/unclean/vanet/203454250.jpg,c334fd828446e5380e69d313e9dab7a9afe80480bd11a75ac2bb54a72cc6b6ca,v1,unclean,vanet,CONFIRMED_NEYSAN,vanet,vanet,True,0.9960,False,0.0003,0.0000,0.0003,0.0000,0.0034,0.0000,0.0000,0.9960
134,v1/unclean/vanet/204859983.jpg,b1b518d922798910b6d15af7778812a6baad138497fcb8795fd54904a34610ef,v1,unclean,vanet,CONFIRMED_NEYSAN,vanet,vanet,True,0.9717,False,0.0005,0.0000,0.0173,0.0002,0.0098,0.0003,0.0001,0.9717
135,v1/unclean/vanet/206095693.jpg,a4acfaea0ded386cf50fc5a533592a962d400ac6dea71335a93d1e8b56d07c9a,v1,unclean,vanet,CONFIRMED_NEYSAN,vanet,kamyun,False,0.9785,False,0.0001,0.0000,0.9785,0.0000,0.0029,0.0000,0.0009,0.0176
136,v1/unclean/vanet/207412597.jpg,f1d2359733bfcf659eb74f25771efc01aa1957bca7e33d5b551f67e92681a679,v1,unclean,vanet,CONFIRMED_NEYSAN,vanet,vanet,True,0.9949,False,0.0004,0.0000,0.0022,0.0001,0.0022,0.0002,0.0000,0.9949
137,v1/unclean/vanet/208014246.jpg,782a72f8766d73f5d3cd5a2442d0007bc376dc668e1adb580a4ce0697cb97fcf,v1,unclean,vanet,CONFIRMED_NEYSAN,vanet,vanet,True,0.9614,False,0.0000,0.0000,0.0094,0.0005,0.0279,0.0007,0.0000,0.9614
138,v1/unclean/vanet/208570612.jpg,43797013da31a419b329fdb3009f14972c51689adc00a6d2208f060ee95f4a59,v1,unclean,vanet,CONFIRMED_NEYSAN,vanet,vanet,True,0.4088,True,0.0001,0.0150,0.2693,0.0021,0.2106,0.0637,0.0304,0.4088
139,v1/unclean/vanet/208582339.jpg,934cd63453c3339039db282bf6392a7145d3ed1256567fef0f0d72a7a0be85d6,v1,unclean,vanet,CONFIRMED_NEYSAN,vanet,vanet,True,0.9833,False,0.0001,0.0000,0.0001,0.0007,0.0147,0.0006,0.0004,0.9833
140,v1/unclean/vanet/208586813.jpg,c31ee179e31305623f3ab7514f89879ef4f93f1b0585edde13eb0bc025af31cf,v1,unclean,vanet,CONFIRMED_NEYSAN,vanet,vanet,True,0.9969,False,0.0000,0.0001,0.0025,0.0001,0.0003,0.0000,0.0001,0.9969
141,v1/unclean/vanet/208671162.jpg,fbfd99da79c525e8432c03ac66c5999cc676f586daca421e1766290f74de03f7,v1,unclean,vanet,CONFIRMED_NEYSAN,vanet,vanet,True,0.9313,False,0.0000,0.0000,0.0010,0.0017,0.0659,0.0000,0.0000,0.9313
142,v1/unclean/vanet/209233623.jpg,399995e709346b2c8219b3bef2f0d42e1c575fc0bda7b4560631a829269e5cca,v1,unclean,vanet,CONFIRMED_NEYSAN,vanet,vanet,True,0.9773,False,0.0002,0.0000,0.0003,0.0003,0.0011,0.0207,0.0001,0.9773
143,v1/unclean/vanet/212107731.jpg,16143c1d4707144e3ed99c438d36bde82d2cbeb8cef9c96f8b6db4b90acd3b24,v1,unclean,vanet,CONFIRMED_NEYSAN,vanet,vanet,True,0.9877,False,0.0001,0.0000,0.0075,0.0010,0.0036,0.0001,0.0000,0.9877
144,v1/unclean/vanet/212275461.jpg,93000c2fd78a56c7c98bffaa7e27f1bf2993d012e998902515f56eaebc1a33ad,v1,unclean,vanet,CONFIRMED_NEYSAN,vanet,vanet,True,1.0000,False,0.0000,0.0000,0.0000,0.0000,0.0000,0.0000,0.0000,1.0000
145,v1/unclean/vanet/213306634.jpg,0afb952128f750b119a0e7dd7f68853e2ceae5f20217cfdd3551d465fff28683,v1,unclean,vanet,CONFIRMED_NEYSAN,vanet,vanet,True,0.9963,False,0.0000,0.0000,0.0001,0.0033,0.0003,0.0000,0.0000,0.9963
146,v1/unclean/vanet/215055953.jpg,b2f8f8f077cde88f60e55a5df8826e4337cf1ab95c4f813bb41185f35dbbd35e,v1,unclean,vanet,CONFIRMED_NEYSAN,vanet,vanet,True,0.9935,False,0.0022,0.0000,0.0003,0.0035,0.0000,0.0003,0.0001,0.9935
147,v1/unclean/vanet/215821681.jpg,6a7256c5c4aad9de4148457fcaeb433020bcc272f8de5dd53a22c921955033cf,v1,unclean,vanet,CONFIRMED_NEYSAN,vanet,vanet,True,0.8558,True,0.0000,0.0002,0.1230,0.0034,0.0007,0.0000,0.0168,0.8558
148,v1/unclean/vanet/215996114.jpg,3e31bcb9cae660f37f6948a9c45b8d27d0fa96b98ce7abb44556e78b037311ce,v1,unclean,vanet,CONFIRMED_NEYSAN,vanet,autobus,False,0.3858,True,0.0000,0.3858,0.0249,0.0017,0.0028,0.2362,0.0092,0.3394
149,v1/unclean/vanet/216085337.jpg,bc10a91e5df3a5d15c90d028b5fd6aef4dbbb13bee8505317bb0d8ba8dea7dd0,v1,unclean,vanet,CONFIRMED_NEYSAN,vanet,vanet,True,0.9999,False,0.0000,0.0000,0.0000,0.0000,0.0000,0.0000,0.0000,0.9999
150,v1/unclean/vanet/216245889.jpg,af1bdddfa7c493c145064f82d48ec72354e74c41b1b29b1e79b1c25d49dc0635,v1,unclean,vanet,CONFIRMED_NEYSAN,vanet,vanet,True,0.9995,False,0.0000,0.0000,0.0001,0.0002,0.0002,0.0000,0.0000,0.9995
151,v1/unclean/vanet/216752426.jpg,0556330ddebece2c3d388a37304553c1b0f3ce69717ea5ebecee55b3c3f695bf,v1,unclean,vanet,CONFIRMED_NEYSAN,vanet,vanet,True,0.9547,False,0.0003,0.0000,0.0352,0.0095,0.0003,0.0001,0.0000,0.9547
152,v1/unclean/vanet/217624535.jpg,ad06114f4adcd43c6f381d3e47c8d0280cccfb1f6271634d846ee1686e5ecb94,v1,unclean,vanet,CONFIRMED_NEYSAN,vanet,vanet,True,0.8746,True,0.0000,0.0003,0.0005,0.0012,0.0004,0.1213,0.0017,0.8746
153,v1/unclean/vanet/217670439.jpg,32778c3c9bfe7e8293282877d73e292e5363d18b3a0ad126c370e73ebf319a36,v1,unclean,vanet,CONFIRMED_NEYSAN,vanet,vanet,True,0.9998,False,0.0000,0.0000,0.0000,0.0001,0.0000,0.0000,0.0000,0.9998
154,v1/unclean/vanet/218187967.jpg,2156d411dd910af8444c8ea0f5f4caaafe17988a4b8f4f0593591dfaa140d90f,v1,unclean,vanet,CONFIRMED_NEYSAN,vanet,vanet,True,0.9983,False,0.0000,0.0000,0.0017,0.0000,0.0000,0.0001,0.0000,0.9983
155,v2/train/vanet/194604026.jpg,61109bc2f23b57c3a4007613b51af9209608d883b0c1479904f812b70de8796d,v2,train,vanet,CONFIRMED_NEYSAN,vanet,vanet,True,0.9976,False,0.0000,0.0000,0.0004,0.0006,0.0009,0.0001,0.0004,0.9976
156,v2/train/vanet/194841865.jpg,66adadcf7cde03e36351a3614a375787c3f13d7b9faf7fbabb9943c07a0cdcc7,v2,train,vanet,CONFIRMED_NEYSAN,vanet,vanet,True,0.9763,False,0.0009,0.0000,0.0004,0.0055,0.0018,0.0042,0.0109,0.9763
157,v2/train/vanet/194936120.jpg,2edd8d029d5d1a34d9a233655dadf6e94d3b2cb6a1f7c98397eb7364aae28b97,v2,train,vanet,CONFIRMED_NEYSAN,vanet,vanet,True,0.9848,False,0.0003,0.0000,0.0032,0.0010,0.0006,0.0002,0.0099,0.9848
158,v2/train/vanet/195136808.jpg,cd103b91da67ba075aac023c34b2f7baaf22e403daced72b84fb22fa80eb2840,v2,train,vanet,CONFIRMED_NEYSAN,vanet,vanet,True,0.9996,False,0.0001,0.0000,0.0000,0.0002,0.0001,0.0000,0.0000,0.9996
159,v2/train/vanet/195297859.jpg,18525ba004ebc5618b19d0b343c23284801e51df06935d61aac8c9204c5ceefb,v2,train,vanet,CONFIRMED_NEYSAN,vanet,vanet,True,0.9999,False,0.0000,0.0000,0.0000,0.0000,0.0000,0.0000,0.0000,0.9999
160,v2/train/vanet/195489956.jpg,84bf0a2d9a44654125c3e8bb058d7d22b8c5edb37e05cada66154dc6c5c211ac,v2,train,vanet,CONFIRMED_NEYSAN,vanet,vanet,True,0.9884,False,0.0000,0.0000,0.0000,0.0000,0.0115,0.0000,0.0000,0.9884
161,v2/train/vanet/195623474.jpg,399a5121942b8e4a3d029a6afa72804eb8931d92149e05b1cddc17391b347fbc,v2,train,vanet,CONFIRMED_NEYSAN,vanet,vanet,True,0.9951,False,0.0000,0.0000,0.0015,0.0005,0.0002,0.0014,0.0012,0.9951
162,v2/train/vanet/195729274.jpg,cc9a39c7ccc72f0ad6c16fe32f85c4f7963d10d8cae495b53da4a64d8b543e8b,v2,train,vanet,CONFIRMED_NEYSAN,vanet,vanet,True,0.9968,False,0.0015,0.0000,0.0010,0.0001,0.0004,0.0000,0.0001,0.9968
163,v2/train/vanet/196271519.jpg,11dbdde7e895b91449f8a18134c274d43355328ada845d6d85622232f05aaa78,v2,train,vanet,CONFIRMED_NEYSAN,vanet,vanet,True,0.9988,False,0.0001,0.0000,0.0000,0.0009,0.0000,0.0000,0.0001,0.9988
164,v2/train/vanet/196600810.jpg,dda660f57344b6b857a72551ea670735b79f09baa4421a275ab9c0cd1951f15d,v2,train,vanet,CONFIRMED_NEYSAN,vanet,vanet,True,0.6600,True,0.0005,0.0000,0.0006,0.0072,0.3307,0.0001,0.0008,0.6600
165,v2/train/vanet/196659846.jpg,166b818103815b2df8b126fb6087a6e3b1e9cc25ed6ce299cabef25180a1d87e,v2,train,vanet,CONFIRMED_NEYSAN,vanet,vanet,True,0.9957,False,0.0005,0.0000,0.0017,0.0003,0.0012,0.0000,0.0006,0.9957
166,v2/train/vanet/196691380.jpg,7c3be3c670b13cdf8322fb34706001f368bba07c5eefa64564333da854ec6da4,v2,train,vanet,CONFIRMED_NEYSAN,vanet,vanet,True,0.9001,False,0.0001,0.0000,0.0060,0.0161,0.0189,0.0045,0.0543,0.9001
167,v2/train/vanet/196935586.jpg,5c8e0c8b1e43f3edc5786e86bee5613f53a4455576e331a824c4a3970af7dd04,v2,train,vanet,CONFIRMED_NEYSAN,vanet,vanet,True,0.9958,False,0.0000,0.0000,0.0006,0.0001,0.0006,0.0027,0.0003,0.9958
168,v2/train/vanet/196958341.jpg,d83f00b8fda268796ffd37cf1502e71d1804a42f9597e6fb30092d4ede3e1bfb,v2,train,vanet,CONFIRMED_NEYSAN,vanet,vanet,True,0.9479,False,0.0000,0.0001,0.0003,0.0004,0.0004,0.0274,0.0235,0.9479
169,v2/train/vanet/197012948.jpg,99954aa5eb527162a0da0f04cab260eeb9af48f56fae4e21c623ee963b60fa36,v2,train,vanet,CONFIRMED_NEYSAN,vanet,vanet,True,0.9997,False,0.0000,0.0000,0.0000,0.0002,0.0001,0.0000,0.0000,0.9997
170,v2/train/vanet/197050396.jpg,7df1b75ca7e5255bdb30e1a2a0782ddc496693a1f0ae177ffe39d5e6788809c1,v2,train,vanet,CONFIRMED_NEYSAN,vanet,vanet,True,0.9894,False,0.0005,0.0000,0.0090,0.0001,0.0006,0.0000,0.0003,0.9894
171,v2/train/vanet/197051875.jpg,75e20ec465eacea78168a5f1748f7208e02338c76dc3839ffecf578cb9fb77e6,v2,train,vanet,CONFIRMED_NEYSAN,vanet,vanet,True,0.9915,False,0.0000,0.0000,0.0010,0.0007,0.0056,0.0007,0.0004,0.9915
172,v2/train/vanet/197145624.jpg,c8ae1e46555251ddf85d37970a6759a268939d44b7e818123b3f3ffa935fa5bb,v2,train,vanet,CONFIRMED_NEYSAN,vanet,vanet,True,0.8602,True,0.0026,0.0000,0.0201,0.0106,0.1034,0.0002,0.0029,0.8602
173,v2/train/vanet/197230014.jpg,9ee388920bee4fcc708653f510ad1d06ad28f983be1aea3e5d0c60aa22a96fcd,v2,train,vanet,CONFIRMED_NEYSAN,vanet,vanet,True,0.9867,False,0.0000,0.0000,0.0003,0.0000,0.0000,0.0123,0.0007,0.9867
174,v2/train/vanet/197248106.jpg,2fe9e5048ddec328e365a23e569727dd3fa009ede6601666fb59fb2c4ace60ea,v2,train,vanet,CONFIRMED_NEYSAN,vanet,vanet,True,0.9603,False,0.0001,0.0000,0.0005,0.0209,0.0002,0.0117,0.0063,0.9603
175,v2/train/vanet/197400566.jpg,3c7278417fe67a01d5faf2927bc5aac420fc2a1f3022f15a5d5475ab9fceed75,v2,train,vanet,CONFIRMED_NEYSAN,vanet,vanet,True,0.9691,False,0.0001,0.0000,0.0093,0.0021,0.0193,0.0000,0.0001,0.9691
176,v2/train/vanet/197526482.jpg,d24ff94e8b0e974c3edcf44cf6dacb8c23e21f833df314e27602d141f998dc4f,v2,train,vanet,CONFIRMED_NEYSAN,vanet,vanet,True,0.9903,False,0.0000,0.0000,0.0086,0.0009,0.0001,0.0000,0.0000,0.9903
177,v2/train/vanet/197599935.jpg,278f206f8a202a56ec8a9f1c1eb087afc665ab7a693009a49ef8a416b0df0304,v2,train,vanet,CONFIRMED_NEYSAN,vanet,vanet,True,0.9785,False,0.0001,0.0000,0.0001,0.0008,0.0000,0.0202,0.0002,0.9785
178,v2/train/vanet/197800952.jpg,aa25035b8606c2b0a2330cb0e36c064507faec9c68c434b1ce4b3ac6561ff754,v2,train,vanet,CONFIRMED_NEYSAN,vanet,kamyun,False,0.6467,True,0.0005,0.0000,0.6467,0.0381,0.0031,0.0005,0.0207,0.2904
179,v2/train/vanet/197801257.jpg,53517075f26c05441666b5b22b50ef25c6dfee8139ad289e131c812fcf295b95,v2,train,vanet,CONFIRMED_NEYSAN,vanet,vanet,True,0.9488,False,0.0001,0.0001,0.0327,0.0097,0.0023,0.0033,0.0030,0.9488
180,v2/train/vanet/197986381.jpg,50ed349efeb86bea3eee131ce5c0ba309638ebb8e0db6f9a369c0705072ddd62,v2,train,vanet,CONFIRMED_NEYSAN,vanet,vanet,True,0.8220,True,0.0010,0.0002,0.0303,0.0005,0.1378,0.0003,0.0079,0.8220
181,v2/train/vanet/198067896.jpg,91947aa32e0defe210d2503b14f50ab3765331247a7b078c37c04eee887eb059,v2,train,vanet,CONFIRMED_NEYSAN,vanet,vanet,True,0.9999,False,0.0000,0.0000,0.0000,0.0001,0.0000,0.0000,0.0000,0.9999
182,v2/train/vanet/198083699.jpg,60277d8205be08d40860f530095cf6105f4e6be78f4d1101329f93f5d560f2d4,v2,train,vanet,CONFIRMED_NEYSAN,vanet,taxi,False,0.6457,True,0.0110,0.0005,0.0010,0.0005,0.2108,0.0071,0.6457,0.1234
183,v2/train/vanet/198119089.jpg,ceebfa8448cc9b03eb83603223183d768a2beba6ece1e890f3f8b89b84c581c7,v2,train,vanet,CONFIRMED_NEYSAN,vanet,vanet,True,0.9733,False,0.0000,0.0000,0.0003,0.0002,0.0262,0.0000,0.0000,0.9733
184,v2/train/vanet/198237870.jpg,8290ed4da9112ad8f02fecae039d3a0b74cd41481f2fd07f68022a2388ce6faf,v2,train,vanet,CONFIRMED_NEYSAN,vanet,vanet,True,0.9416,False,0.0000,0.0000,0.0293,0.0048,0.0241,0.0001,0.0000,0.9416
185,v2/train/vanet/198246401.jpg,8d3888eeb303444eb8cbd4fffbed56be4a95ff06d19181d947d09c95a39b4b07,v2,train,vanet,CONFIRMED_NEYSAN,vanet,vanet,True,0.9991,False,0.0000,0.0000,0.0000,0.0009,0.0000,0.0000,0.0000,0.9991
186,v2/train/vanet/198248524.jpg,471f0b476d567edd6ca944851538e9eb58b7a83451a41028ec0eff1b10d8e01d,v2,train,vanet,CONFIRMED_NEYSAN,vanet,vanet,True,0.9998,False,0.0000,0.0000,0.0000,0.0000,0.0000,0.0001,0.0000,0.9998
187,v2/train/vanet/198361421.jpg,22b4c6561a7750e7e808941e89880325c9937ff3377fa060e7324cecfb3e119d,v2,train,vanet,CONFIRMED_NEYSAN,vanet,savari,False,0.4263,True,0.0022,0.0220,0.1021,0.0985,0.0672,0.4263,0.0691,0.2126
188,v2/train/vanet/198381413.jpg,8a75676670f7b9b282acbbad426df999c6dbd278765188b02cac0b3f4886755b,v2,train,vanet,CONFIRMED_NEYSAN,vanet,vanet,True,0.8829,True,0.0032,0.0000,0.0812,0.0186,0.0105,0.0002,0.0034,0.8829
189,v2/train/vanet/198484121.jpg,faa7bb9789c88918c2df8fb4087fc01b7c7d5f935d4a25207da38eace05f7e1f,v2,train,vanet,CONFIRMED_NEYSAN,vanet,vanet,True,0.9619,False,0.0000,0.0000,0.0345,0.0029,0.0007,0.0000,0.0000,0.9619
190,v2/train/vanet/198502993.jpg,3ae621e642e99e716e438d07b1438c6f086100ada9a7522c3c592794ab59bf13,v2,train,vanet,CONFIRMED_NEYSAN,vanet,vanet,True,0.9721,False,0.0002,0.0004,0.0173,0.0025,0.0009,0.0016,0.0049,0.9721
191,v2/train/vanet/198682197.jpg,e41732645a264c8cbf7b773ed072927781dc5e1708ec1ccaeaca197e5e298799,v2,train,vanet,CONFIRMED_NEYSAN,vanet,vanet,True,0.9992,False,0.0000,0.0000,0.0002,0.0003,0.0003,0.0000,0.0000,0.9992
192,v2/train/vanet/198738633.jpg,b517727931484736b2ef43f5ce9e226a7973940f074d1c5d97945b02598fd951,v2,train,vanet,CONFIRMED_NEYSAN,vanet,vanet,True,0.9988,False,0.0000,0.0000,0.0002,0.0005,0.0003,0.0001,0.0001,0.9988
193,v2/train/vanet/198922511.jpg,f38afbe5e2904cf8c04b25dcbd9d9acb2760346e23d1f22e90ac92c0d5db15ff,v2,train,vanet,CONFIRMED_NEYSAN,vanet,vanet,True,0.9639,False,0.0002,0.0001,0.0153,0.0001,0.0201,0.0002,0.0002,0.9639
194,v2/train/vanet/199126941.jpg,2e75f9e323f62ba1f8db797a39713fd9b7d2fe18c2f4db4764f3418555af8e46,v2,train,vanet,CONFIRMED_NEYSAN,vanet,vanet,True,0.9953,False,0.0001,0.0000,0.0034,0.0011,0.0000,0.0001,0.0000,0.9953
195,v2/train/vanet/199169585.jpg,4c50c9bac01180aee7eec7ec4e4ea144d177f9280989e00389b58002bbd7ef2a,v2,train,vanet,CONFIRMED_NEYSAN,vanet,vanet,True,0.5793,True,0.0001,0.0001,0.2189,0.0130,0.1740,0.0051,0.0095,0.5793
196,v2/train/vanet/199280248.jpg,d29c78ed00239223d08e290c014fbf6561f515e81b4d26aa72bc8c066e2ff444,v2,train,vanet,CONFIRMED_NEYSAN,vanet,minibus,False,0.6657,True,0.0082,0.0001,0.0344,0.0006,0.6657,0.0140,0.2060,0.0711
197,v2/train/vanet/199334653.jpg,aea8b441385986261216bc4646317b48073bb30dc404f9808a73cfdbf5ca2387,v2,train,vanet,CONFIRMED_NEYSAN,vanet,vanet,True,0.9995,False,0.0000,0.0000,0.0002,0.0002,0.0000,0.0001,0.0000,0.9995
198,v2/train/vanet/199339196.jpg,58526689ba9868e8bb009b6a709d9a870ff1d83f7d3bde1fe5a722ed0ede23b1,v2,train,vanet,CONFIRMED_NEYSAN,vanet,vanet,True,0.9082,False,0.0001,0.0000,0.0567,0.0091,0.0022,0.0234,0.0002,0.9082
199,v2/train/vanet/199447894.jpg,9387b41b883dc0ed0214538ba3185e659af6cffed287155a8e7ade9a3a08cb06,v2,train,vanet,CONFIRMED_NEYSAN,vanet,vanet,True,0.9916,False,0.0000,0.0000,0.0037,0.0041,0.0003,0.0002,0.0001,0.9916
200,v2/train/vanet/199550450.jpg,53da085f24e6c09cc39ac94c8d04b94534d56e52fa26bc23be3cce481d315ad8,v2,train,vanet,CONFIRMED_NEYSAN,vanet,vanet,True,0.9682,False,0.0000,0.0000,0.0318,0.0001,0.0000,0.0000,0.0000,0.9682
201,v2/train/vanet/199832901.jpg,69bbd63eff45f8150ecfe637404412ee2415cd4f84f683b004b27e6f34995e4f,v2,train,vanet,CONFIRMED_NEYSAN,vanet,vanet,True,0.9856,False,0.0010,0.0000,0.0029,0.0001,0.0000,0.0098,0.0005,0.9856
202,v2/train/vanet/199953375.jpg,497377eb9ede4243747041aa951f6504b4dded1593563c0eea45b3665da60f9f,v2,train,vanet,CONFIRMED_NEYSAN,vanet,vanet,True,1.0000,False,0.0000,0.0000,0.0000,0.0000,0.0000,0.0000,0.0000,1.0000
203,v2/train/vanet/200298503.jpg,5fb6b793e9f8c55f53a732b04221f7d04d2c34046c7298fecda2095a4e85640a,v2,train,vanet,CONFIRMED_NEYSAN,vanet,vanet,True,0.7336,True,0.0001,0.0000,0.2585,0.0010,0.0067,0.0000,0.0001,0.7336
204,v2/train/vanet/200389158.jpg,fa13f247afd93ba9a75f184d5d60119c9e9a1764a87fe5ba2e126eb6220e5658,v2,train,vanet,CONFIRMED_NEYSAN,vanet,vanet,True,0.9158,False,0.0000,0.0002,0.0009,0.0079,0.0024,0.0695,0.0033,0.9158
205,v2/train/vanet/200481076.jpg,b551c002fcd3129c17333676558ce5ca69882b423e8947d8e1dbfa9a614efe40,v2,train,vanet,CONFIRMED_NEYSAN,vanet,vanet,True,0.9998,False,0.0000,0.0000,0.0002,0.0000,0.0000,0.0000,0.0000,0.9998
206,v2/train/vanet/200809636.jpg,d2b23b510c0ecfa63b4fc692f64301e48dac9f7d6c52715c138cbb5588e0626f,v2,train,vanet,CONFIRMED_NEYSAN,vanet,kamyun,False,0.7659,True,0.0000,0.0000,0.7659,0.0074,0.0001,0.0000,0.0000,0.2266
207,v2/train/vanet/200843665.jpg,3ba361f9fd8701a5bcc479d801f2a1aba52db66734553a3d70d86295ffe83e99,v2,train,vanet,CONFIRMED_NEYSAN,vanet,vanet,True,0.8727,True,0.0000,0.0004,0.0019,0.0824,0.0391,0.0010,0.0024,0.8727
208,v2/train/vanet/202177183.jpg,09629d617f8c19b5ea0d8c97f6b5b0f8a71fec2c76fc0b85d26df138c33479bc,v2,train,vanet,CONFIRMED_NEYSAN,vanet,minibus,False,0.5795,True,0.0010,0.0000,0.0007,0.0023,0.5795,0.0008,0.0074,0.4082
209,v2/train/vanet/202784956.jpg,a9e7646efca0cd8fa2bca1580612192172d2ab3bffc8edfa89d3a66060bf2c16,v2,train,vanet,CONFIRMED_NEYSAN,vanet,vanet,True,0.6745,True,0.0000,0.0023,0.1969,0.0584,0.0001,0.0675,0.0004,0.6745
210,v2/train/vanet/202810079.jpg,6c20cd18bc3d9967fcc04154fe67d1f0f5c1238de28e68a81518fc9ae59cafca,v2,train,vanet,CONFIRMED_NEYSAN,vanet,vanet,True,0.5599,True,0.0001,0.0001,0.0173,0.3902,0.0315,0.0001,0.0007,0.5599
211,v2/train/vanet/202819083.jpg,e2dfc6c961ae8e98212b361e346b661685f71589a0d8940a8417641a91898a37,v2,train,vanet,CONFIRMED_NEYSAN,vanet,vanet,True,0.9177,False,0.0008,0.0000,0.0796,0.0004,0.0014,0.0000,0.0000,0.9177
212,v2/train/vanet/202926245.jpg,318183ae06ab7b2e565c568da2d08f6cbf5624c0819d443bc3b3a38ece9c381e,v2,train,vanet,CONFIRMED_NEYSAN,vanet,vanet,True,0.9966,False,0.0000,0.0000,0.0032,0.0001,0.0000,0.0000,0.0000,0.9966
213,v2/train/vanet/203138968.jpg,d47ad1befd999760a203f3f0706faf2cc3bc3fb08f479a46617ce6b36dd1148b,v2,train,vanet,CONFIRMED_NEYSAN,vanet,vanet,True,0.9962,False,0.0001,0.0000,0.0001,0.0021,0.0013,0.0001,0.0001,0.9962
214,v2/train/vanet/203213711.jpg,669d127b129f38eb68cc63eacc2a67a41e575c204ba08ecd0e01543d4ae44205,v2,train,vanet,CONFIRMED_NEYSAN,vanet,vanet,True,0.9522,False,0.0078,0.0000,0.0011,0.0002,0.0128,0.0121,0.0138,0.9522
215,v2/train/vanet/203265997.jpg,9d1f10cabf044dd8846ac4832ee227ffa520f06c10c4db6ab7a89c92c31c0b66,v2,train,vanet,CONFIRMED_NEYSAN,vanet,vanet,True,0.9739,False,0.0016,0.0000,0.0229,0.0014,0.0001,0.0000,0.0000,0.9739
216,v2/train/vanet/205327149.jpg,83360658d777be03cc2dc27401d28923e247128506144eb3014739582a92e209,v2,train,vanet,CONFIRMED_NEYSAN,vanet,vanet,True,0.7784,True,0.0050,0.0001,0.1607,0.0043,0.0356,0.0027,0.0132,0.7784
217,v2/train/vanet/206108673.jpg,029a92f054f2ca1d729b4d13c9f205b508d302fd442db642f8cefce531fc202d,v2,train,vanet,CONFIRMED_NEYSAN,vanet,vanet,True,0.9996,False,0.0000,0.0000,0.0004,0.0000,0.0000,0.0000,0.0000,0.9996
218,v2/train/vanet/206146531.jpg,234e7628d2932f708bc982f640eaa5766bf721f4646acda4279997f0578830a7,v2,train,vanet,CONFIRMED_NEYSAN,vanet,minibus,False,0.5110,True,0.0000,0.0000,0.3383,0.0004,0.5110,0.0000,0.0010,0.1493
219,v2/train/vanet/206569698.jpg,1e51fc6f88ca6c784fe6816dd3a833d5bde5bbf216225988f176a7fbc9a11c5b,v2,train,vanet,CONFIRMED_NEYSAN,vanet,vanet,True,0.7734,True,0.1750,0.0000,0.0451,0.0006,0.0032,0.0006,0.0020,0.7734
220,v2/train/vanet/206739448.jpg,d75120dc5943da764a6be3ca43e7a440098c4dc128f0e0fd84a3599da8bfe0f9,v2,train,vanet,CONFIRMED_NEYSAN,vanet,vanet,True,0.9998,False,0.0000,0.0000,0.0000,0.0001,0.0000,0.0000,0.0000,0.9998
221,v2/train/vanet/207016564.jpg,83f634ebb1f2b81145ef460ce9e76ac6d92a2e636239d1c8f20cb2e6787f5c39,v2,train,vanet,CONFIRMED_NEYSAN,vanet,taxi,False,0.4748,True,0.0000,0.0347,0.0017,0.2022,0.0414,0.0151,0.4748,0.2300
222,v2/train/vanet/207385887.jpg,0590e6b5ebb99b320d7a6173c478f68a7f35be83dde5d4350707eb905e73a89d,v2,train,vanet,CONFIRMED_NEYSAN,vanet,vanet,True,0.9949,False,0.0001,0.0000,0.0002,0.0015,0.0031,0.0000,0.0001,0.9949
223,v2/train/vanet/207702391.jpg,9d6108c1ddf3f227f790e376d883ce4fa731c5eedc45d027d644816fd8e89d5f,v2,train,vanet,CONFIRMED_NEYSAN,vanet,minibus,False,0.4291,True,0.0004,0.0364,0.0928,0.0305,0.4291,0.3794,0.0091,0.0224
224,v2/train/vanet/207721906.jpg,6a3171028b53e5594ec2c76bd6c2b4fa2092cd4ef36e9ec3e3bf3ae11ea0bea4,v2,train,vanet,CONFIRMED_NEYSAN,vanet,savari,False,0.8063,True,0.0007,0.0016,0.0435,0.0203,0.0415,0.8063,0.0031,0.0830
225,v2/train/vanet/207739732.jpg,454f0993ce72ffadcc5dec7cf0f8affa98853f79644de82add52de9eeb86791a,v2,train,vanet,CONFIRMED_NEYSAN,vanet,vanet,True,0.9980,False,0.0000,0.0000,0.0006,0.0003,0.0011,0.0000,0.0000,0.9980
226,v2/train/vanet/207752161.jpg,e94683e083f33ad067c83add3d99735ac568955986b63cdb8386d3f17edd7a1a,v2,train,vanet,CONFIRMED_NEYSAN,vanet,vanet,True,1.0000,False,0.0000,0.0000,0.0000,0.0000,0.0000,0.0000,0.0000,1.0000
227,v2/train/vanet/208339363.jpg,afa0ffae635d0b921e6cbe154eef0c81b3d8db604efcd8676e6fd87b24a48760,v2,train,vanet,CONFIRMED_NEYSAN,vanet,vanet,True,0.4715,True,0.0001,0.0000,0.0003,0.2860,0.1841,0.0086,0.0494,0.4715
228,v2/train/vanet/208422550.jpg,d385229368d8bb9dce8e12d343fa22d33868f566b1bd8acdea76bd44998a46e9,v2,train,vanet,CONFIRMED_NEYSAN,vanet,minibus,False,0.4029,True,0.0000,0.0000,0.0005,0.3692,0.4029,0.0014,0.0002,0.2257
229,v2/train/vanet/208497709.jpg,41e5048e0cc81ffebe685f37b7e20fbdadba397fa199aa1e1055c395d6546a0a,v2,train,vanet,CONFIRMED_NEYSAN,vanet,vanet,True,0.9879,False,0.0000,0.0000,0.0057,0.0004,0.0054,0.0006,0.0000,0.9879
230,v2/train/vanet/208593884.jpg,b2df6152e00164a8ef1f145dab9448746a4e2881448642e0ac05f9b2f9fb6228,v2,train,vanet,CONFIRMED_NEYSAN,vanet,vanet,True,0.9943,False,0.0001,0.0000,0.0050,0.0005,0.0001,0.0000,0.0000,0.9943
231,v2/train/vanet/208635729.jpg,24643edc7705d6f7c1792736338bb984b7a2b193c4154be5a2f2ebe90971a209,v2,train,vanet,CONFIRMED_NEYSAN,vanet,minibus,False,0.5390,True,0.0001,0.3509,0.0566,0.0409,0.5390,0.0011,0.0100,0.0015
232,v2/train/vanet/208707423.jpg,2ec1bd92a892e242c5c1d1ad9d8db0b6d8ced8dc7d4f1d20eb6fbdaa902c8215,v2,train,vanet,CONFIRMED_NEYSAN,vanet,vanet,True,0.9972,False,0.0000,0.0000,0.0001,0.0001,0.0021,0.0003,0.0001,0.9972
233,v2/train/vanet/209014176.jpg,6d6163b1aaf3cdd8df03b8c5702ebddc369ba8cc1b54ab966c6cce0914e7cf1e,v2,train,vanet,CONFIRMED_NEYSAN,vanet,vanet,True,0.9817,False,0.0004,0.0000,0.0095,0.0075,0.0000,0.0007,0.0002,0.9817
234,v2/train/vanet/209096424.jpg,54fc4be0105eaf5720c259a83cdffc05149f1c9bfd9ddc0ddeed06c0dbbfdf70,v2,train,vanet,CONFIRMED_NEYSAN,vanet,vanet,True,1.0000,False,0.0000,0.0000,0.0000,0.0000,0.0000,0.0000,0.0000,1.0000
235,v2/train/vanet/209271297.jpg,62e64c50d7d092639433f637e687cab3ad35c19b5c1f2f6eb238941cdea92d4b,v2,train,vanet,CONFIRMED_NEYSAN,vanet,vanet,True,0.9547,False,0.0000,0.0000,0.0000,0.0009,0.0002,0.0435,0.0006,0.9547
236,v2/train/vanet/209493858.jpg,f2dc959f7bf9655eafe0c2ecb7bd82e3d4d02847bebe51377074fb9f47b86aba,v2,train,vanet,CONFIRMED_NEYSAN,vanet,vanet,True,0.9996,False,0.0000,0.0000,0.0000,0.0000,0.0000,0.0003,0.0000,0.9996
237,v2/train/vanet/209919775.jpg,7a4762f61a25248ab59b39e6bac448b8bbbb66202efd930bf1f2a1f2ca537093,v2,train,vanet,CONFIRMED_NEYSAN,vanet,vanet,True,0.5102,True,0.0065,0.0000,0.0016,0.2441,0.2359,0.0000,0.0017,0.5102
238,v2/train/vanet/209937838.jpg,dd26963805957e0fdda9857d6d59d306f994685b179111319cfe0fc119b0604f,v2,train,vanet,CONFIRMED_NEYSAN,vanet,vanet,True,0.7748,True,0.0227,0.0000,0.1764,0.0047,0.0210,0.0002,0.0001,0.7748
239,v2/train/vanet/210121027.jpg,61d81a4434001bce64683a10db6306630109bd72e6dc08cf85e570d75f1ccafd,v2,train,vanet,CONFIRMED_NEYSAN,vanet,kamyunet,False,0.8882,True,0.0001,0.0000,0.0222,0.8882,0.0004,0.0004,0.0180,0.0707
240,v2/train/vanet/211821251.jpg,626052ce2f567dafd0d870914e5f1daf6592f13e5b7cbd6a7c37ea7b431a4d25,v2,train,vanet,CONFIRMED_NEYSAN,vanet,vanet,True,0.9815,False,0.0001,0.0000,0.0002,0.0139,0.0000,0.0000,0.0043,0.9815
241,v2/train/vanet/212130689.jpg,e5294fc589eb8742c48c0d9dda6b749751da9a4d4d82d605309f4e13e9ca5d24,v2,train,vanet,CONFIRMED_NEYSAN,vanet,minibus,False,0.7662,True,0.0000,0.0015,0.0183,0.0007,0.7662,0.2104,0.0004,0.0025
242,v2/train/vanet/212177980.jpg,f8b5fd91823cdaff5cbd052f8a59539d162801268ec78b10827c86022223403b,v2,train,vanet,CONFIRMED_NEYSAN,vanet,vanet,True,0.9953,False,0.0001,0.0000,0.0004,0.0018,0.0000,0.0010,0.0014,0.9953
243,v2/train/vanet/212179510.jpg,7d9ab9ca7a72f7f0e49bdc08ad8b34dc4410d1c2dd16abca84246a338b49aed9,v2,train,vanet,CONFIRMED_NEYSAN,vanet,vanet,True,0.9440,False,0.0005,0.0000,0.0002,0.0174,0.0021,0.0347,0.0012,0.9440
244,v2/train/vanet/212246766.jpg,3d6882c0e1b1ee4dd96dd35b58d0eacb68ee3ea0c62a181bb564f252fac737b3,v2,train,vanet,CONFIRMED_NEYSAN,vanet,vanet,True,0.9987,False,0.0002,0.0000,0.0000,0.0011,0.0000,0.0000,0.0000,0.9987
245,v2/train/vanet/212286109.jpg,c2c26861224e36c7ebe2592354f6c63ae56b4026bb8ffff7bee92449a2c793f3,v2,train,vanet,CONFIRMED_NEYSAN,vanet,vanet,True,0.9713,False,0.0001,0.0000,0.0246,0.0008,0.0031,0.0000,0.0002,0.9713
246,v2/train/vanet/212665899.jpg,b17de3396f19fa52ffecb9e609737ac59bd435866f2966da9200904b0e845c6b,v2,train,vanet,CONFIRMED_NEYSAN,vanet,savari,False,0.9923,False,0.0000,0.0020,0.0021,0.0035,0.0000,0.9923,0.0000,0.0001
247,v2/train/vanet/212899489.jpg,3cfd4643f04939a73b3437635e93138ef14f9d30ce518a21ea5af8d68c64c041,v2,train,vanet,CONFIRMED_NEYSAN,vanet,vanet,True,0.9991,False,0.0000,0.0000,0.0006,0.0002,0.0001,0.0000,0.0000,0.9991
248,v2/train/vanet/213024260.jpg,014a61b84dd080653bf1c943eae54897de2c7c2410a636be171752dc68dc42d0,v2,train,vanet,CONFIRMED_NEYSAN,vanet,vanet,True,0.9136,False,0.0000,0.0000,0.0050,0.0814,0.0000,0.0000,0.0000,0.9136
249,v2/train/vanet/213201102.jpg,15066bf4fb5b8069548667cccefd49aa63b022da7169db8c69784efd246b934c,v2,train,vanet,CONFIRMED_NEYSAN,vanet,vanet,True,0.9943,False,0.0001,0.0000,0.0033,0.0004,0.0001,0.0014,0.0006,0.9943
250,v2/train/vanet/213213974.jpg,dfb4991e3705a0baf200766290e237f6c24473b069615fbaebfe7a2b314b13ba,v2,train,vanet,CONFIRMED_NEYSAN,vanet,vanet,True,0.9860,False,0.0002,0.0000,0.0002,0.0048,0.0022,0.0025,0.0041,0.9860
251,v2/train/vanet/213474257.jpg,3654fe4526dfa1287b15402dc5d99ec98364d59d79dde15bf33a371a1eef8d3b,v2,train,vanet,CONFIRMED_NEYSAN,vanet,vanet,True,0.9239,False,0.0000,0.0000,0.0001,0.0760,0.0000,0.0000,0.0000,0.9239
252,v2/train/vanet/213499081.jpg,0371233e72e361356c6d6aec42502e2773c51b7cb4ff2493ccb6823e7b2d65a1,v2,train,vanet,CONFIRMED_NEYSAN,vanet,vanet,True,0.9459,False,0.0043,0.0000,0.0025,0.0176,0.0026,0.0011,0.0261,0.9459
253,v2/train/vanet/213512974.jpg,511be5642da5a12ea93b9af6cccf39600c528fcf7de7e6bf699e4667267b6281,v2,train,vanet,CONFIRMED_NEYSAN,vanet,vanet,True,0.9830,False,0.0002,0.0000,0.0054,0.0090,0.0021,0.0001,0.0003,0.9830
254,v2/train/vanet/213516467.jpg,9a01c4366e8424f79dcdffe5f0af228905e043204be58f5214ddd3c585cb17be,v2,train,vanet,CONFIRMED_NEYSAN,vanet,vanet,True,0.9999,False,0.0000,0.0000,0.0000,0.0000,0.0000,0.0000,0.0000,0.9999
255,v2/train/vanet/214534544.jpg,688ddb408ad94899b0fb726cd34da2ff4698b9a1171020e0a9835940616963f3,v2,train,vanet,CONFIRMED_NEYSAN,vanet,vanet,True,0.9992,False,0.0007,0.0000,0.0000,0.0000,0.0001,0.0000,0.0000,0.9992
256,v2/train/vanet/214570473.jpg,4e84c89f4a439cf4c5c40c0d6980bb69b89fd4ab8135919e758d6f45e01f903b,v2,train,vanet,CONFIRMED_NEYSAN,vanet,vanet,True,0.9992,False,0.0001,0.0000,0.0000,0.0005,0.0001,0.0001,0.0000,0.9992
257,v2/train/vanet/214575134.jpg,7eb92889218ed962d87a4d6e4f6032d12c3cb745f74bec212e04ca2726472cc7,v2,train,vanet,CONFIRMED_NEYSAN,vanet,vanet,True,0.9997,False,0.0000,0.0000,0.0000,0.0000,0.0002,0.0001,0.0000,0.9997
258,v2/train/vanet/214679839.jpg,ab57aa45493f356923a6849cfae5a1cec705cca474a0346edd599622b918a324,v2,train,vanet,CONFIRMED_NEYSAN,vanet,vanet,True,0.9995,False,0.0000,0.0000,0.0003,0.0001,0.0001,0.0000,0.0000,0.9995
259,v2/train/vanet/214716307.jpg,8f9aad61197425a5e0f4b16ada3e1d98904cb148d1a23139ee590405386c7fcb,v2,train,vanet,CONFIRMED_NEYSAN,vanet,vanet,True,0.9993,False,0.0001,0.0000,0.0004,0.0000,0.0001,0.0000,0.0000,0.9993
260,v2/train/vanet/214776623.jpg,c3755b2c39a0bfa2a76865e5d5da58d326a8c782d0c36eb5801ad76661f8c33c,v2,train,vanet,CONFIRMED_NEYSAN,vanet,vanet,True,0.9994,False,0.0002,0.0000,0.0000,0.0000,0.0001,0.0003,0.0000,0.9994
261,v2/train/vanet/215649880.jpg,ef772899d06c8985336ffdbdbaaebd6326e232288c8ecb3d22f07dc378a35367,v2,train,vanet,CONFIRMED_NEYSAN,vanet,savari,False,0.5598,True,0.0000,0.0845,0.0032,0.0048,0.0003,0.5598,0.0019,0.3455
262,v2/train/vanet/215698156.jpg,ca61fad9fe17fad1b553f4d48c93bfc9462c348bf206e1b1be0a3882bafed556,v2,train,vanet,CONFIRMED_NEYSAN,vanet,vanet,True,0.9514,False,0.0001,0.0001,0.0466,0.0006,0.0005,0.0000,0.0007,0.9514
263,v2/train/vanet/215977687.jpg,1d20516df4ad652e0ef600efdb003e4d298004c344915960ba225b4aa7e4c678,v2,train,vanet,CONFIRMED_NEYSAN,vanet,vanet,True,0.9671,False,0.0002,0.0000,0.0001,0.0024,0.0003,0.0298,0.0001,0.9671
264,v2/train/vanet/216342000.jpg,112118d01e5d96a51310f9929aae342ccc9de6e34095551e37843d2825f56742,v2,train,vanet,CONFIRMED_NEYSAN,vanet,vanet,True,0.6117,True,0.0001,0.0000,0.0000,0.3811,0.0011,0.0013,0.0048,0.6117
265,v2/train/vanet/216462815.jpg,f177d087453c45502d8f52aed2a80e9154ddb609f7ea0da49ea3c9d9b07150d9,v2,train,vanet,CONFIRMED_NEYSAN,vanet,vanet,True,0.9996,False,0.0000,0.0000,0.0000,0.0000,0.0000,0.0003,0.0001,0.9996
266,v2/train/vanet/216485447.jpg,df37d81de75d14a8df09653701ed264cf2c3847940c8d12a178d6a4fedaeab54,v2,train,vanet,CONFIRMED_NEYSAN,vanet,savari,False,0.4894,True,0.0001,0.0088,0.1827,0.1608,0.0079,0.4894,0.0199,0.1304
267,v2/train/vanet/216608800.jpg,25018a0f0953456519ec9bb72bdda44a320f95c376926ecf078ac3e527b9b2f2,v2,train,vanet,CONFIRMED_NEYSAN,vanet,savari,False,0.9929,False,0.0000,0.0000,0.0001,0.0021,0.0000,0.9929,0.0001,0.0048
268,v2/train/vanet/216797745.jpg,b16ba4aec77c4c67e15f850e7915a8b5225be35a477f36ecc3d04f0b3364eed7,v2,train,vanet,CONFIRMED_NEYSAN,vanet,savari,False,0.7278,True,0.0000,0.0015,0.2104,0.0007,0.0500,0.7278,0.0008,0.0088
269,v2/train/vanet/216849972.jpg,7485baa68bc842510158b61a3ea54feadbfd1feb9a5d1f7c6ba17a7e14a2294f,v2,train,vanet,CONFIRMED_NEYSAN,vanet,vanet,True,0.8112,True,0.0001,0.0000,0.0144,0.1324,0.0351,0.0006,0.0062,0.8112
270,v2/train/vanet/216976584.jpg,146618e0a9bd5bfa7cf084fc53263f187c7f34fdb44722e080f842ac82218576,v2,train,vanet,CONFIRMED_NEYSAN,vanet,vanet,True,0.8284,True,0.0002,0.0000,0.0001,0.0089,0.0017,0.1514,0.0092,0.8284
271,v2/train/vanet/217018686.jpg,73c12ee8515336eee3b240c5c716e8e2082c06a6bca6c56cceb95ee95ec60c03,v2,train,vanet,CONFIRMED_NEYSAN,vanet,vanet,True,0.9303,False,0.0003,0.0019,0.0123,0.0001,0.0028,0.0383,0.0141,0.9303
272,v2/train/vanet/217097271.jpg,1bdbf0bd6c7b4c76f69516f751a8c6248c72a513a1301fe193148064c8dec32e,v2,train,vanet,CONFIRMED_NEYSAN,vanet,vanet,True,0.5286,True,0.0007,0.0000,0.0591,0.4035,0.0016,0.0002,0.0064,0.5286
273,v2/train/vanet/217170964.jpg,c515765eaeebe80f9d9eec89e9f39b07c395f8fa7809edcbc775966141e65a64,v2,train,vanet,CONFIRMED_NEYSAN,vanet,vanet,True,0.9976,False,0.0000,0.0000,0.0008,0.0006,0.0000,0.0008,0.0000,0.9976
274,v2/train/vanet/217216852.jpg,14d8e28484e9938a1236b3b70aaa0032d4c93e657e109414b4c58eeb1efdd3ea,v2,train,vanet,CONFIRMED_NEYSAN,vanet,savari,False,0.9667,False,0.0000,0.0061,0.0004,0.0004,0.0000,0.9667,0.0244,0.0019
275,v2/train/vanet/217260102.jpg,bde0156d65e3f26daac4b551df5caee386a75698acec5e9d4226460e0231f6bd,v2,train,vanet,CONFIRMED_NEYSAN,vanet,vanet,True,1.0000,False,0.0000,0.0000,0.0000,0.0000,0.0000,0.0000,0.0000,1.0000
276,v2/train/vanet/217279618.jpg,ff8658aa0fbfb0791565c098170df7bca56731f5cb127ccdafa53b95179ccaa6,v2,train,vanet,CONFIRMED_NEYSAN,vanet,vanet,True,0.9988,False,0.0000,0.0000,0.0000,0.0000,0.0007,0.0005,0.0000,0.9988
277,v2/train/vanet/217515157.jpg,c7a3239a503a3a6cc75bfc190c6682de3d62e36aa4aa16751ff5a16b2f71eeea,v2,train,vanet,CONFIRMED_NEYSAN,vanet,vanet,True,0.9991,False,0.0000,0.0000,0.0000,0.0008,0.0001,0.0000,0.0000,0.9991
278,v2/train/vanet/217570438.jpg,6576d31841c9b31b6f63164b482fdc86a6650154421895cf965ea7675870d1ab,v2,train,vanet,CONFIRMED_NEYSAN,vanet,vanet,True,0.9796,False,0.0000,0.0000,0.0000,0.0001,0.0001,0.0201,0.0001,0.9796
279,v2/train/vanet/217981226.jpg,023ce606d3393ce1ccdf3d21fda85cc3900c1576bbfe4eb26b9c2368da677d63,v2,train,vanet,CONFIRMED_NEYSAN,vanet,vanet,True,0.9891,False,0.0000,0.0000,0.0034,0.0038,0.0037,0.0000,0.0000,0.9891
280,v2/train/vanet/218044166.jpg,10457787eb0018258a5ed1a55fe6a1b6aa8e8498b6ffd636f5818c9ea2a60ca7,v2,train,vanet,CONFIRMED_NEYSAN,vanet,savari,False,0.9988,False,0.0000,0.0000,0.0000,0.0003,0.0000,0.9988,0.0000,0.0007
281,v2/train/vanet/218088144.jpg,ab2d24bc54fa71cc4733c4f4beb20a97e9eef96d4d77f49bce6fc2e7f4e02ad6,v2,train,vanet,CONFIRMED_NEYSAN,vanet,vanet,True,0.8735,True,0.0000,0.0014,0.0169,0.0002,0.0020,0.1059,0.0001,0.8735
282,v2/train/vanet/218101940.jpg,bca144b36590a50f1f882f588362f21ffec2f6c9c03e01542de452e0cb0995be,v2,train,vanet,CONFIRMED_NEYSAN,vanet,vanet,True,0.7150,True,0.0000,0.0000,0.2838,0.0010,0.0001,0.0000,0.0000,0.7150
283,v2/train/vanet/218189460.jpg,df8c5721e7e2391f41894fc9e3161dab6880bbb12c07318be144df4f7924d08c,v2,train,vanet,CONFIRMED_NEYSAN,vanet,vanet,True,0.7193,True,0.0003,0.0005,0.1720,0.0034,0.1012,0.0003,0.0030,0.7193
284,v2/train/vanet/218259572.jpg,9f880b6aa193fea3b4652185dadea0398ef45b5fc32793a56e0d1bb1e0a65617,v2,train,vanet,CONFIRMED_NEYSAN,vanet,vanet,True,0.9998,False,0.0000,0.0000,0.0000,0.0002,0.0000,0.0000,0.0000,0.9998
285,v2/train/vanet/218269888.jpg,75ebb93a37896b38d30aa38713619602fc231b777c491b05718199665f1a3512,v2,train,vanet,CONFIRMED_NEYSAN,vanet,vanet,True,0.9620,False,0.0001,0.0000,0.0034,0.0018,0.0302,0.0000,0.0023,0.9620
286,v2/train/vanet/218511513.jpg,7f36e205a17c8db182e199689bd886073ad9c291313c4d34a407c616623ef7c8,v2,train,vanet,CONFIRMED_NEYSAN,vanet,vanet,True,0.9555,False,0.0009,0.0000,0.0134,0.0014,0.0136,0.0151,0.0000,0.9555
287,v2/train/vanet/218516808.jpg,0718a039a7e24621f540ffa2653a894581bbb81390068f5d26583be532124755,v2,train,vanet,CONFIRMED_NEYSAN,vanet,savari,False,0.8751,True,0.0000,0.0001,0.0010,0.0126,0.0001,0.8751,0.0000,0.1111
288,v2/train/vanet/218571705.jpg,424adf6cd20cf322468b906e8f3ef090e089f2a45ee80d2cb5407c92f5b24964,v2,train,vanet,CONFIRMED_NEYSAN,vanet,vanet,True,0.9992,False,0.0000,0.0000,0.0002,0.0001,0.0000,0.0004,0.0001,0.9992
289,v2/train/vanet/218619586.jpg,fa02bc9228a8d306b69fd06c7cf1f6c6e9f560ee5172dcc61c27a5a76cb18f10,v2,train,vanet,CONFIRMED_NEYSAN,vanet,vanet,True,0.9816,False,0.0000,0.0000,0.0006,0.0179,0.0000,0.0000,0.0000,0.9816
290,v2/train/vanet/218621398.jpg,60c8e3db6f068e1dc2a02fe62924dcb95a9ba92daff381164b3cb77d024305f0,v2,train,vanet,CONFIRMED_NEYSAN,vanet,vanet,True,0.8126,True,0.0011,0.0002,0.1464,0.0287,0.0038,0.0006,0.0066,0.8126
291,v2/train/vanet/218653329.jpg,72b24b1e69353367940bf16c2c1f72c51fecdf0a2458f04925aebe98744b7b68,v2,train,vanet,CONFIRMED_NEYSAN,vanet,vanet,True,1.0000,False,0.0000,0.0000,0.0000,0.0000,0.0000,0.0000,0.0000,1.0000
292,v2/train/vanet/218785295.jpg,586af4a5e35ce8428c44d0fb7d1f00d110841eecf8decf5f053201c4b6b8cdeb,v2,train,vanet,CONFIRMED_NEYSAN,vanet,vanet,True,0.9987,False,0.0000,0.0000,0.0008,0.0001,0.0005,0.0000,0.0000,0.9987
293,v2/train/vanet/218844658.jpg,72715e28f8baa44b86b379146299a74e5a9e4668db1340cea76257c7bf2ccc09,v2,train,vanet,CONFIRMED_NEYSAN,vanet,savari,False,0.5385,True,0.0082,0.0010,0.0760,0.0816,0.0030,0.5385,0.0004,0.2914
294,v2/train/vanet/218890033.jpg,92436108f03b61d83e29b4a47a3976a1f3fd006023c7a537cc9ef73378c30a0f,v2,train,vanet,CONFIRMED_NEYSAN,vanet,vanet,True,0.9794,False,0.0001,0.0000,0.0001,0.0161,0.0018,0.0000,0.0026,0.9794
295,v2/train/vanet/218980394.jpg,03f82aa42045131436dacfe7507aac69e7bbfb4eabf1d0968590e83b62f23e76,v2,train,vanet,CONFIRMED_NEYSAN,vanet,vanet,True,1.0000,False,0.0000,0.0000,0.0000,0.0000,0.0000,0.0000,0.0000,1.0000
296,v2/train/vanet/219013565.jpg,3a49ca5113c6ccaed70c74bdb67c064461520e94130916b0981baa5e832b48e6,v2,train,vanet,CONFIRMED_NEYSAN,vanet,vanet,True,0.9942,False,0.0003,0.0000,0.0006,0.0026,0.0013,0.0000,0.0009,0.9942
297,v2/train/vanet/219037231.jpg,ce400821e6b1e4872087ee49a7087845ae8b1624913e253947018f874ff1c07f,v2,train,vanet,CONFIRMED_NEYSAN,vanet,vanet,True,0.9929,False,0.0000,0.0000,0.0026,0.0040,0.0001,0.0004,0.0000,0.9929
298,v2/unclean/neysan/194960996.jpg,0419fd25ea9294ead75920a00534bdd8835fb08a1e38b4fb325f38ababfd4cd0,v2,unclean,neysan,neysan_folder_label,vanet,vanet,True,0.9998,False,0.0000,0.0000,0.0000,0.0002,0.0000,0.0000,0.0000,0.9998
299,v2/unclean/neysan/195132617.jpg,74d628dc82c1c1fbf6e3fd4ff32b4a5d2c829048695d03f51f5fd7cc629b5052,v2,unclean,neysan,neysan_folder_label,vanet,vanet,True,0.9721,False,0.0001,0.0000,0.0172,0.0098,0.0007,0.0000,0.0001,0.9721
300,v2/unclean/neysan/195147641.jpg,53d4381ecb1b67718e13dc7b56303d486e30650a94994ac5d5d66376578fda4e,v2,unclean,neysan,neysan_folder_label,vanet,vanet,True,0.9029,False,0.0033,0.0007,0.0430,0.0037,0.0085,0.0021,0.0358,0.9029
301,v2/unclean/neysan/195148040.jpg,30efc9aad3341812f3e12f2202aa170f646ce44886127a52826516efd53987b6,v2,unclean,neysan,neysan_folder_label,vanet,vanet,True,0.9935,False,0.0007,0.0000,0.0003,0.0012,0.0009,0.0003,0.0031,0.9935
302,v2/unclean/neysan/195151211.jpg,fc9114c8a488d742ea4bafca21c7d4eb7dc940a86830eda01c8b01e73c0c371d,v2,unclean,neysan,neysan_folder_label,vanet,vanet,True,0.9968,False,0.0001,0.0000,0.0001,0.0023,0.0006,0.0000,0.0000,0.9968
303,v2/unclean/neysan/195158727.jpg,adb7747e9e2ef87b03d2cd27861811b2d6395931abab54fe9a99e3d7d18d162b,v2,unclean,neysan,neysan_folder_label,vanet,vanet,True,0.4622,True,0.0214,0.0003,0.0550,0.3963,0.0536,0.0032,0.0080,0.4622
304,v2/unclean/neysan/195165208.jpg,f4d34f862c42de64672691b9bf1026598ba0a2a6ff4dbb82fb0061d7d9fe0681,v2,unclean,neysan,neysan_folder_label,vanet,vanet,True,0.9839,False,0.0005,0.0000,0.0077,0.0006,0.0074,0.0000,0.0000,0.9839
305,v2/unclean/neysan/195371292.jpg,2fe1d9a466e1c2a2cb10727b36225a47fa27ce0ccdf95b1df46ed4cb68f5bb86,v2,unclean,neysan,neysan_folder_label,vanet,vanet,True,0.9400,False,0.0020,0.0000,0.0311,0.0104,0.0026,0.0102,0.0036,0.9400
306,v2/unclean/neysan/195391348.jpg,5997a0ea7ea28a9dcfcd00ea3ba47303406e52a84712fc0bce7330529719ba27,v2,unclean,neysan,neysan_folder_label,vanet,vanet,True,0.9987,False,0.0000,0.0000,0.0009,0.0001,0.0002,0.0000,0.0000,0.9987
307,v2/unclean/neysan/195395611.jpg,3a282e2c951633d05222656370b4442a776586e79eaae99d224d908c2fbfe441,v2,unclean,neysan,neysan_folder_label,vanet,minibus,False,0.8707,True,0.0000,0.0000,0.0023,0.0002,0.8707,0.0007,0.0141,0.1120
308,v2/unclean/neysan/195451128.jpg,e7ae48f83a422e1800971cfda254f7408de549ab35ff0135e1d4314ea919ea82,v2,unclean,neysan,neysan_folder_label,vanet,vanet,True,0.9960,False,0.0000,0.0000,0.0006,0.0001,0.0003,0.0025,0.0004,0.9960
309,v2/unclean/neysan/195646146.jpg,12ba487b31e76bc563570b136be14a22d966bb25961e622c12788e45a3a38cab,v2,unclean,neysan,neysan_folder_label,vanet,vanet,True,0.8966,True,0.0001,0.0000,0.0988,0.0042,0.0001,0.0001,0.0001,0.8966
310,v2/unclean/neysan/195657144.jpg,14183b6e17f93281a685151f2484e8cac2e5df1c7b408e45282f3daf23c2a2d3,v2,unclean,neysan,neysan_folder_label,vanet,vanet,True,0.9999,False,0.0000,0.0000,0.0000,0.0001,0.0000,0.0000,0.0000,0.9999
311,v2/unclean/neysan/195718438.jpg,0fc8f782fcc7b02b9f1b81e9c5ca6471fda3652ba08085e0ed196f57a17b57ae,v2,unclean,neysan,neysan_folder_label,vanet,vanet,True,0.8504,True,0.0015,0.0001,0.1248,0.0023,0.0185,0.0010,0.0015,0.8504
312,v2/unclean/neysan/195895243.jpg,70d07ed147ca59d19d51003f281ba7405bfb4cf1ac9eb8502dc7685f12f7ce4d,v2,unclean,neysan,neysan_folder_label,vanet,vanet,True,0.9990,False,0.0000,0.0000,0.0009,0.0001,0.0000,0.0000,0.0000,0.9990
313,v2/unclean/neysan/195950402.jpg,0003d92cf9b67c62d112f0fc835e4120dd7f48e500f27c5573093f8396ebc6c5,v2,unclean,neysan,neysan_folder_label,vanet,vanet,True,0.7909,True,0.0007,0.0000,0.0038,0.1526,0.0086,0.0224,0.0211,0.7909
314,v2/unclean/neysan/195955288.jpg,6f9223f65fc446ccf7051585afb476d8425ffd86bdc81971d6c3c9cb520b3833,v2,unclean,neysan,neysan_folder_label,vanet,vanet,True,0.9796,False,0.0001,0.0000,0.0097,0.0054,0.0050,0.0000,0.0001,0.9796
315,v2/unclean/neysan/195991462.jpg,312a60a01b4d4936955cf1cdbabaddaaaa95a37634ff0e4c846381e7c5fa8ad1,v2,unclean,neysan,neysan_folder_label,vanet,savari,False,0.7611,True,0.0001,0.0002,0.1344,0.1031,0.0002,0.7611,0.0001,0.0008
316,v2/unclean/neysan/196296699.jpg,4d8699b496f0e031207b8854f9082bf9f938fc4539cd1a30a2ed9664a10bafe8,v2,unclean,neysan,neysan_folder_label,vanet,savari,False,0.4430,True,0.0003,0.0138,0.0274,0.3045,0.0412,0.4430,0.1592,0.0105
317,v2/unclean/neysan/196501322.jpg,31a1f15b5e3d94f76c8c23d1977015e16f9ea9ec9d68fa3657a0631098084b63,v2,unclean,neysan,neysan_folder_label,vanet,vanet,True,0.6468,True,0.0005,0.0000,0.0812,0.1767,0.0935,0.0001,0.0012,0.6468
318,v2/unclean/neysan/196541912.jpg,8db41535f6b4f7073b88ff17d260b8a3ce1a00adc45e77c6698e0d4bcfa80c36,v2,unclean,neysan,neysan_folder_label,vanet,kamyun,False,0.4891,True,0.0002,0.0000,0.4891,0.0416,0.1415,0.0000,0.0001,0.3276
319,v2/unclean/neysan/196586673.jpg,bf30285baff4ac9a08ced432a63656c216a064c12a2151d3758e2f3663d070b7,v2,unclean,neysan,neysan_folder_label,vanet,vanet,True,0.9514,False,0.0055,0.0000,0.0016,0.0405,0.0001,0.0008,0.0001,0.9514
320,v2/unclean/neysan/196943968.jpg,31c7ba0c4d94428ffe5e1d7a8fa1dc786b3df58397fc723f0bcefef20a17c5f3,v2,unclean,neysan,neysan_folder_label,vanet,vanet,True,0.9988,False,0.0000,0.0000,0.0001,0.0001,0.0000,0.0006,0.0004,0.9988
321,v2/unclean/neysan/196946016.jpg,9681a65a31fe6093b625bab100fc3d9fe9bff2ab4fec15902c44f46597c1fc54,v2,unclean,neysan,neysan_folder_label,vanet,vanet,True,0.9919,False,0.0019,0.0000,0.0009,0.0019,0.0034,0.0000,0.0001,0.9919
322,v2/unclean/neysan/196993529.jpg,365133ca46222f70d3e3cd90ddd93ff82558f597dc307c18a7a017f2ea046042,v2,unclean,neysan,neysan_folder_label,vanet,savari,False,0.9132,False,0.0003,0.0006,0.0331,0.0127,0.0004,0.9132,0.0029,0.0368
323,v2/unclean/neysan/197037020.jpg,ab209945c42a540235706eed62ad0279a5991d6f1203fa80e0e0b3f54109d201,v2,unclean,neysan,neysan_folder_label,vanet,vanet,True,0.9734,False,0.0009,0.0000,0.0006,0.0005,0.0242,0.0000,0.0004,0.9734
324,v2/unclean/neysan/197126230.jpg,21d5f826091b1bf6e00a152862b80a95c0f9128e7f462486046820f7af8ad07e,v2,unclean,neysan,neysan_folder_label,vanet,vanet,True,0.9997,False,0.0000,0.0000,0.0001,0.0001,0.0001,0.0000,0.0000,0.9997
325,v2/unclean/neysan/197155144.jpg,c64f264d5e63fe94ab5c5e57426e1f3def3f8abdd93a607d8db85c8f268f57eb,v2,unclean,neysan,neysan_folder_label,vanet,vanet,True,0.9729,False,0.0000,0.0000,0.0033,0.0237,0.0001,0.0000,0.0000,0.9729
326,v2/unclean/neysan/197223393.jpg,0133690c9c8379184555f43a15454280b686a4bbdcf65fe4190f109310873fe3,v2,unclean,neysan,neysan_folder_label,vanet,vanet,True,0.9667,False,0.0000,0.0000,0.0054,0.0268,0.0003,0.0008,0.0000,0.9667
327,v2/unclean/neysan/197237993.jpg,94a18ada97e24c6c136f159f14ef356ba04c6f46cf4445963ce41e1970a2b5da,v2,unclean,neysan,neysan_folder_label,vanet,vanet,True,0.9858,False,0.0000,0.0000,0.0009,0.0022,0.0001,0.0098,0.0011,0.9858
328,v2/unclean/neysan/197248545.jpg,6185ea2118f4586e2d00f48819b13357fba3d0147cb34ccb762bb9c40b7eddfe,v2,unclean,neysan,neysan_folder_label,vanet,vanet,True,0.9323,False,0.0033,0.0001,0.0401,0.0014,0.0098,0.0084,0.0046,0.9323
329,v2/unclean/neysan/197255026.jpg,884723d78e159ea5a02162c345a3b623be5e382156ca2dcba5c6d62740e1a845,v2,unclean,neysan,neysan_folder_label,vanet,vanet,True,0.9285,False,0.0000,0.0000,0.0003,0.0646,0.0065,0.0000,0.0000,0.9285
330,v2/unclean/neysan/197261582.jpg,3f71a641bb673ebb43e44017868cc3cc8fd9a38aa848139b693a6665be512407,v2,unclean,neysan,neysan_folder_label,vanet,vanet,True,0.6894,True,0.0000,0.0000,0.2910,0.0194,0.0001,0.0000,0.0000,0.6894
331,v2/unclean/neysan/197308030.jpg,4a2321bd3a2b8eeffe1748f21cf35c3ec59dc2644da8ef574bfdd67414f5a155,v2,unclean,neysan,neysan_folder_label,vanet,vanet,True,0.9885,False,0.0003,0.0000,0.0000,0.0001,0.0105,0.0000,0.0005,0.9885
332,v2/unclean/neysan/197319173.jpg,566b7dbbd4ccb55f42f7fa59308cc23efbf1f983e54f81bd3b7f931f18680110,v2,unclean,neysan,neysan_folder_label,vanet,vanet,True,0.5025,True,0.0002,0.0000,0.0073,0.4885,0.0007,0.0005,0.0003,0.5025
333,v2/unclean/neysan/197375182.jpg,b6d7484e6b1679ddaa5244816743f8a30d6a4402a5caddd707f7a6694aa34e23,v2,unclean,neysan,neysan_folder_label,vanet,vanet,True,0.8697,True,0.0000,0.0000,0.0017,0.0000,0.1285,0.0000,0.0001,0.8697
334,v2/unclean/neysan/197417821.jpg,404572fe2e76afb3cad3e284070006e8244109a161c2e5aa45014aa8fd229a0b,v2,unclean,neysan,neysan_folder_label,vanet,vanet,True,0.5749,True,0.1456,0.0177,0.0773,0.0001,0.1680,0.0013,0.0150,0.5749
335,v2/unclean/neysan/197527148.jpg,990f4de7b63fe59edbbf7ca80e27028c87d5ec1f47fcbb6579d69d8fecc1cf4a,v2,unclean,neysan,neysan_folder_label,vanet,vanet,True,0.7793,True,0.0009,0.0003,0.0263,0.0005,0.1544,0.0006,0.0376,0.7793
336,v2/unclean/neysan/197629171.jpg,378feabc73cb421af8792e4331da86f49f1b42023d40f99d75d078ab533cfffc,v2,unclean,neysan,neysan_folder_label,vanet,vanet,True,0.9995,False,0.0000,0.0000,0.0003,0.0001,0.0000,0.0000,0.0000,0.9995
337,v2/unclean/neysan/197741309.jpg,a581f89d154c27cd7f7379d74e5bc3cca9d841e69573569e5434df6bcbd64176,v2,unclean,neysan,neysan_folder_label,vanet,kamyunet,False,0.9883,False,0.0000,0.0000,0.0112,0.9883,0.0000,0.0000,0.0000,0.0004
338,v2/unclean/neysan/197799946.jpg,c05ac024b3bf84915c273adebe5e21032a8d09bd6f755653cc61edd2b833c363,v2,unclean,neysan,neysan_folder_label,vanet,vanet,True,0.9312,False,0.0001,0.0000,0.0143,0.0531,0.0005,0.0006,0.0002,0.9312
339,v2/unclean/neysan/197844909.jpg,520c0f8cdbb3e7f755b55a2e52d238d5733326398930dca7b74626ac77015b0c,v2,unclean,neysan,neysan_folder_label,vanet,vanet,True,0.9798,False,0.0003,0.0000,0.0100,0.0002,0.0089,0.0000,0.0006,0.9798
340,v2/unclean/neysan/198034392.jpg,4136e2e543bc7891f6d871b6b467fd2264918a7173e9ec8dfeff34af60da0fe9,v2,unclean,neysan,neysan_folder_label,vanet,vanet,True,0.9965,False,0.0000,0.0000,0.0019,0.0012,0.0003,0.0000,0.0001,0.9965
341,v2/unclean/neysan/198180001.jpg,c9d8481f2c40910422938ca8748a636ede61f111dc78b27cd31e5b04927d89c9,v2,unclean,neysan,neysan_folder_label,vanet,vanet,True,0.9961,False,0.0011,0.0000,0.0007,0.0000,0.0018,0.0003,0.0000,0.9961
342,v2/unclean/neysan/198284815.jpg,d7e0a65e3758ef399fa11b1b78927b050e2bd9290c7d20a76955793937e88fa1,v2,unclean,neysan,neysan_folder_label,vanet,vanet,True,0.9963,False,0.0000,0.0000,0.0000,0.0037,0.0000,0.0000,0.0000,0.9963
343,v2/unclean/neysan/198422649.jpg,ceaf9ab9f7554d0d5aa5ecdd7750e483161ee6b1c33cc28c2c96177d7e615e6e,v2,unclean,neysan,neysan_folder_label,vanet,vanet,True,0.7152,True,0.0144,0.0005,0.0345,0.0024,0.1042,0.0260,0.1029,0.7152
344,v2/unclean/neysan/198578327.jpg,e78ebacf46d31589501406231241efae4bcf917246869a47b6a53a1750980247,v2,unclean,neysan,neysan_folder_label,vanet,vanet,True,0.9987,False,0.0000,0.0000,0.0012,0.0000,0.0000,0.0000,0.0000,0.9987
345,v2/unclean/neysan/198830904.jpg,c59f28602193a0fc939e2de8c0333f2c0cda0ba5aef5987073c9b3b92fae230d,v2,unclean,neysan,neysan_folder_label,vanet,vanet,True,0.9997,False,0.0000,0.0000,0.0000,0.0002,0.0000,0.0000,0.0000,0.9997
346,v2/unclean/neysan/198838713.jpg,a0734c16921ccbf972be205f06822d170cb19f21e0584c3279caaa9e5172ea62,v2,unclean,neysan,neysan_folder_label,vanet,vanet,True,0.9988,False,0.0000,0.0000,0.0000,0.0012,0.0000,0.0000,0.0000,0.9988
347,v2/unclean/neysan/199036351.jpg,6fdf9e6cb5ad0a3b557f04050ba626131c9b7990c84560b7c7048b1a258328c2,v2,unclean,neysan,neysan_folder_label,vanet,minibus,False,0.9427,False,0.0069,0.0003,0.0113,0.0034,0.9427,0.0003,0.0013,0.0337
348,v2/unclean/neysan/199318277.jpg,e8f2fb118d62383e82dde35148ddd268de6a46b5c599dfa6c7d525be70363e6f,v2,unclean,neysan,neysan_folder_label,vanet,minibus,False,0.8580,True,0.0009,0.0002,0.0111,0.0019,0.8580,0.0228,0.0268,0.0782
349,v2/unclean/neysan/199343837.jpg,74dae2a86b0c9e2376aaa1e6913c3bd9a1f0e2a351f35cf0b20b5f6717eef80f,v2,unclean,neysan,neysan_folder_label,vanet,minibus,False,0.5938,True,0.0002,0.0000,0.0059,0.0001,0.5938,0.0003,0.0003,0.3994
350,v2/unclean/neysan/199358904.jpg,d9716824cf46fb499eafa647271bf7e9f9501164c4cee7f63f5368ffe6166a36,v2,unclean,neysan,neysan_folder_label,vanet,vanet,True,0.4879,True,0.0009,0.0023,0.3649,0.1391,0.0020,0.0022,0.0007,0.4879
351,v2/unclean/neysan/199825627.jpg,257ca0cc1008c3ce89ae60d17beecc5bf805a82fa60f5a56981e1a028589df4b,v2,unclean,neysan,neysan_folder_label,vanet,vanet,True,0.5308,True,0.0003,0.0000,0.0022,0.3801,0.0031,0.0760,0.0075,0.5308
352,v2/unclean/neysan/199998323.jpg,fc976b71fbfc549c907f2f7c59dca4e1fce92f0cdc8d84263404481c672c7993,v2,unclean,neysan,neysan_folder_label,vanet,vanet,True,0.9892,False,0.0002,0.0000,0.0100,0.0001,0.0002,0.0000,0.0003,0.9892
353,v2/unclean/neysan/200932721.jpg,272055e28d50fd3274d39371e7fe0ab734b9ff2b6742294109ef2d0227870d2c,v2,unclean,neysan,neysan_folder_label,vanet,vanet,True,0.9895,False,0.0000,0.0000,0.0007,0.0085,0.0004,0.0008,0.0002,0.9895
354,v2/unclean/neysan/200943051.jpg,91fbf1aa58df1ac289de1bfa22317fca16eea76de53e15e259000fb93cc7984d,v2,unclean,neysan,neysan_folder_label,vanet,vanet,True,0.9981,False,0.0000,0.0000,0.0000,0.0000,0.0016,0.0002,0.0000,0.9981
355,v2/unclean/neysan/201790304.jpg,45224acd022ec08fd0562588f19e8041de9fec60419dff84950a701153bab032,v2,unclean,neysan,neysan_folder_label,vanet,vanet,True,0.8197,True,0.0007,0.0001,0.1684,0.0031,0.0057,0.0020,0.0003,0.8197
356,v2/unclean/neysan/201927527.jpg,08cde27d2ddc2ba29fd60285b6ffedf1ad758e2298632c11119db6c83cd59552,v2,unclean,neysan,neysan_folder_label,vanet,kamyunet,False,0.8389,True,0.0001,0.0030,0.0514,0.8389,0.0016,0.0677,0.0229,0.0144
357,v2/unclean/neysan/201982839.jpg,a4e7ecc49d9d19495e7188b53d00a38aa50acba3058e0a827965bbd7bf929d05,v2,unclean,neysan,neysan_folder_label,vanet,kamyun,False,0.4044,True,0.0051,0.0000,0.4044,0.0390,0.1817,0.0023,0.0073,0.3602
358,v2/unclean/neysan/202019896.jpg,fc4270317708311bdbc7ed144cb47c3a96595b4cf3732517a4c98d491eced3e0,v2,unclean,neysan,neysan_folder_label,vanet,vanet,True,0.9997,False,0.0000,0.0000,0.0001,0.0000,0.0002,0.0000,0.0000,0.9997
359,v2/unclean/neysan/202045297.jpg,10c5a4b88ea9fbe7d80f70dc456469d54269ab0c4c1f072ad058e40206284b08,v2,unclean,neysan,neysan_folder_label,vanet,kamyun,False,0.4657,True,0.0034,0.0010,0.4657,0.1455,0.0175,0.0012,0.0017,0.3641
360,v2/unclean/neysan/202766710.jpg,1cc9dac215d3deb5dc773d7569ad9b6888494ad19f3d35dcc48e4bae5cdb466a,v2,unclean,neysan,neysan_folder_label,vanet,vanet,True,0.7758,True,0.0188,0.0000,0.0013,0.1998,0.0004,0.0035,0.0004,0.7758
361,v2/unclean/neysan/202875871.jpg,9692234c7166027082c9e4881f58e91f5dd6bb472eda798166dcd708cdebae62,v2,unclean,neysan,neysan_folder_label,vanet,vanet,True,0.5836,True,0.0088,0.0000,0.3069,0.0010,0.0988,0.0001,0.0007,0.5836
362,v2/unclean/neysan/204002318.jpg,b9955463ca7babbc1eb15261928918098cf5e78bbf12014c188b527925c335b0,v2,unclean,neysan,neysan_folder_label,vanet,vanet,True,0.9858,False,0.0001,0.0000,0.0031,0.0000,0.0108,0.0001,0.0000,0.9858
363,v2/unclean/neysan/204210347.jpg,91d20c4ba2af584ff7a960fd1100daecbdccaf425d6cf086f3803472721bc7cb,v2,unclean,neysan,neysan_folder_label,vanet,vanet,True,0.9994,False,0.0000,0.0000,0.0000,0.0000,0.0003,0.0002,0.0000,0.9994
364,v2/unclean/neysan/204725649.jpg,49676f7586939c7952e2915fd9b417589a0dce256a61e21222553f27b64f3844,v2,unclean,neysan,neysan_folder_label,vanet,vanet,True,0.9991,False,0.0001,0.0000,0.0007,0.0000,0.0001,0.0001,0.0000,0.9991
365,v2/unclean/neysan/205272178.jpg,aeb82be81a52b53e696a664a00738dc09c404b6dde5db492d7e9ad82117b1a61,v2,unclean,neysan,neysan_folder_label,vanet,savari,False,0.3461,True,0.0010,0.0046,0.1729,0.1393,0.0122,0.3461,0.1364,0.1875
366,v2/unclean/neysan/205317833.jpg,0f64b1fc76ad7c875b7e998fa1366209136382490a81dc13616deae4fef31012,v2,unclean,neysan,neysan_folder_label,vanet,vanet,True,0.9945,False,0.0032,0.0000,0.0013,0.0006,0.0001,0.0001,0.0003,0.9945
367,v2/unclean/neysan/205573319.jpg,f9611b6040a8c4029d43955da42a69bfd33163c64b8ccfe451b89b81cb9eaa78,v2,unclean,neysan,neysan_folder_label,vanet,vanet,True,0.7822,True,0.0024,0.0000,0.0011,0.0059,0.1082,0.0093,0.0910,0.7822
368,v2/unclean/neysan/205893783.jpg,364e66ed97503c48494824fe12f93b6d2f2ce2dd2ad766978570d216c8542963,v2,unclean,neysan,neysan_folder_label,vanet,vanet,True,0.6381,True,0.0004,0.0001,0.0253,0.2632,0.0665,0.0022,0.0042,0.6381
369,v2/unclean/neysan/205952169.jpg,9fe6d32a1fc852154cfdafa40c20195784b8b4d0c645d6f13cfd58515171b483,v2,unclean,neysan,neysan_folder_label,vanet,vanet,True,0.9886,False,0.0020,0.0000,0.0000,0.0002,0.0000,0.0091,0.0000,0.9886
370,v2/unclean/neysan/205997164.jpg,6817f747631993d0531532d9e1f9b751275520b3e94f5d4580b0d770c6779882,v2,unclean,neysan,neysan_folder_label,vanet,vanet,True,0.6610,True,0.0019,0.0006,0.3285,0.0001,0.0074,0.0000,0.0005,0.6610
371,v2/unclean/neysan/206019581.jpg,eadd596e419ee360a790181dd31afc33e304e0162744a441359d22b3f447f52a,v2,unclean,neysan,neysan_folder_label,vanet,kamyun,False,0.6626,True,0.0053,0.0003,0.6626,0.0346,0.2962,0.0000,0.0002,0.0008
372,v2/unclean/neysan/206081296.jpg,31767b6c59e73ae5677401baf680d374c337c67449a5cf329e0dcb57ae73a24d,v2,unclean,neysan,neysan_folder_label,vanet,vanet,True,0.9942,False,0.0000,0.0000,0.0054,0.0001,0.0001,0.0001,0.0000,0.9942
373,v2/unclean/neysan/206171093.jpg,d7d76380e205c47045ecf1b49e1339d73df7c8e0d9a30c56d9ef6a21b74ef495,v2,unclean,neysan,neysan_folder_label,vanet,vanet,True,0.9756,False,0.0003,0.0000,0.0180,0.0032,0.0024,0.0001,0.0005,0.9756
374,v2/unclean/neysan/206203349.jpg,6ed0897358cae290153785d85182bb2285e0333591f093930dfdebf9a1a91d74,v2,unclean,neysan,neysan_folder_label,vanet,kamyunet,False,0.8719,True,0.0001,0.0000,0.0000,0.8719,0.0000,0.0015,0.0009,0.1256
375,v2/unclean/neysan/206216604.jpg,4ab898820efeffb955e4c92508e49a11fa12c640c5dc0baad787f461559809f6,v2,unclean,neysan,neysan_folder_label,vanet,vanet,True,0.8673,True,0.0018,0.0000,0.0534,0.0515,0.0259,0.0001,0.0001,0.8673
376,v2/unclean/neysan/206278229.jpg,ea7b4234fc44f1fa62d213ba5efb1dedfad96081d2bdf60ecc78507dcea5f53c,v2,unclean,neysan,neysan_folder_label,vanet,vanet,True,0.9999,False,0.0000,0.0000,0.0000,0.0000,0.0001,0.0000,0.0000,0.9999
377,v2/unclean/neysan/206292031.jpg,b2c384c1d5992fb2ac6575c455d4283810d59a847564c8a486ae206b64d00fdb,v2,unclean,neysan,neysan_folder_label,vanet,vanet,True,0.9950,False,0.0000,0.0000,0.0007,0.0000,0.0001,0.0042,0.0001,0.9950
378,v2/unclean/neysan/206608462.jpg,0b500cb05b0121a4cdb73c98abfae39f663c157d9723dce6af20f88670da9218,v2,unclean,neysan,neysan_folder_label,vanet,kamyunet,False,0.6120,True,0.0001,0.0000,0.0001,0.6120,0.0002,0.0001,0.0008,0.3867
379,v2/unclean/neysan/206612809.jpg,a7278e908095cf56998ac6fa2ff24c1cd11de9b9dccf28d360eb1439ecd966e1,v2,unclean,neysan,neysan_folder_label,vanet,vanet,True,0.8066,True,0.0000,0.0013,0.0123,0.0004,0.0370,0.1407,0.0016,0.8066
380,v2/unclean/neysan/206728042.jpg,52957b32e8d81879a770c8e6d6456eba3261856196b3df9f56387371760d264a,v2,unclean,neysan,neysan_folder_label,vanet,vanet,True,1.0000,False,0.0000,0.0000,0.0000,0.0000,0.0000,0.0000,0.0000,1.0000
381,v2/unclean/neysan/206990805.jpg,618acddbfd5623b364e28d2f4406ab5fd4bf75dd332af11c4e6b9d08295d2a52,v2,unclean,neysan,neysan_folder_label,vanet,kamyunet,False,0.9278,False,0.0002,0.0011,0.0165,0.9278,0.0449,0.0000,0.0003,0.0092
382,v2/unclean/neysan/207142000.jpg,c01ef080123b0320c6f2c2d9ca0f0be7bd4f7c0e3ca240a7c1a8529121a70b21,v2,unclean,neysan,neysan_folder_label,vanet,vanet,True,0.9999,False,0.0000,0.0000,0.0000,0.0000,0.0000,0.0000,0.0000,0.9999
383,v2/unclean/neysan/207145836.jpg,0cb0775f328e8dcedd3415377d9a348098dc159d382035e5ae763e4fb6f87ad8,v2,unclean,neysan,neysan_folder_label,vanet,vanet,True,0.9925,False,0.0001,0.0000,0.0002,0.0064,0.0000,0.0008,0.0001,0.9925
384,v2/unclean/neysan/207163688.jpg,9dbd91b19504d2b59417269c916b8035e247dfb25ecf625f0758de16ac9a1c15,v2,unclean,neysan,neysan_folder_label,vanet,vanet,True,0.9872,False,0.0000,0.0000,0.0000,0.0058,0.0069,0.0001,0.0000,0.9872
385,v2/unclean/neysan/207216359.jpg,695b82c9a5e1594ca33844f58c595f9999cba7b8e8e56660164db61f93c78e35,v2,unclean,neysan,neysan_folder_label,vanet,vanet,True,0.9993,False,0.0001,0.0000,0.0003,0.0001,0.0000,0.0002,0.0000,0.9993
386,v2/unclean/neysan/207677276.jpg,db90a2898070e4e671f7f20bb35f84adad1c6249a000669b7b2b6933d298c7a6,v2,unclean,neysan,neysan_folder_label,vanet,vanet,True,0.9998,False,0.0000,0.0000,0.0000,0.0000,0.0000,0.0002,0.0000,0.9998
387,v2/unclean/neysan/207684145.jpg,115207b3304f4c9f4e1bf2335b09fa4ac861acb68fe421f2931e616bea2e433b,v2,unclean,neysan,neysan_folder_label,vanet,vanet,True,0.9850,False,0.0000,0.0000,0.0001,0.0000,0.0147,0.0001,0.0000,0.9850
388,v2/unclean/neysan/207696354.jpg,48d32b0e43fe2adc4f6057795243d7a9c61766c67d379e3592d7d1a32a21b202,v2,unclean,neysan,neysan_folder_label,vanet,minibus,False,0.4876,True,0.0005,0.0001,0.3020,0.0083,0.4876,0.0005,0.0001,0.2009
389,v2/unclean/neysan/207742359.jpg,cc8f51226243ceaa8c2bed92b0c034669d546253f5f2daf2bcbf95f04c756176,v2,unclean,neysan,neysan_folder_label,vanet,vanet,True,0.6587,True,0.0032,0.0000,0.1400,0.0037,0.1940,0.0000,0.0004,0.6587
390,v2/unclean/neysan/207748261.jpg,542d801686524a3df7c898c40ade1404edef3a9b027437c4b8c8efb6c08c3e74,v2,unclean,neysan,neysan_folder_label,vanet,vanet,True,0.9983,False,0.0002,0.0000,0.0000,0.0006,0.0001,0.0007,0.0000,0.9983
391,v2/unclean/neysan/207767728.jpg,768c5dbda270aac85bc56b40a7e4dcf709a1c324a3a4a456a5bbfd685b71b510,v2,unclean,neysan,neysan_folder_label,vanet,vanet,True,0.9972,False,0.0000,0.0000,0.0001,0.0002,0.0011,0.0012,0.0002,0.9972
392,v2/unclean/neysan/207785775.jpg,0046a092accbf09558e81fc9cbd5dbed932abc55f08bd27468ff94ee86811027,v2,unclean,neysan,neysan_folder_label,vanet,vanet,True,0.9874,False,0.0012,0.0000,0.0005,0.0059,0.0015,0.0016,0.0019,0.9874
393,v2/unclean/neysan/207786156.jpg,7cef4cf01f60afd3369b57909f6502a186327f5114a2f8e3de8def9da37c4253,v2,unclean,neysan,neysan_folder_label,vanet,savari,False,0.7833,True,0.0001,0.0004,0.0059,0.0050,0.0060,0.7833,0.1918,0.0076
394,v2/unclean/neysan/208025714.jpg,fd062b09d675820be420930fd5e6c6451b3ada22ed0a8934b47df56bfacdf777,v2,unclean,neysan,neysan_folder_label,vanet,vanet,True,0.9991,False,0.0000,0.0000,0.0000,0.0007,0.0001,0.0000,0.0000,0.9991
395,v2/unclean/neysan/208036477.jpg,157b773f58217e9a37c0ce987732e8b4b933341afdb34d07c22c52227c5b9107,v2,unclean,neysan,neysan_folder_label,vanet,vanet,True,0.7683,True,0.0037,0.0000,0.1046,0.1136,0.0066,0.0014,0.0018,0.7683
396,v2/unclean/neysan/208096370.jpg,d17198bd46122b808873f90a3e9dd61833b1a0cf948a557b9456385de3ffc1ec,v2,unclean,neysan,neysan_folder_label,vanet,minibus,False,0.9921,False,0.0000,0.0000,0.0003,0.0001,0.9921,0.0000,0.0004,0.0070
397,v2/unclean/neysan/208131330.jpg,0ada6278b3c32990122dd8a69fa2d438607e173c76d115adb9ac899c39577192,v2,unclean,neysan,neysan_folder_label,vanet,vanet,True,0.9966,False,0.0000,0.0000,0.0016,0.0002,0.0009,0.0006,0.0000,0.9966
398,v2/unclean/neysan/208197304.jpg,52157a7b23d8d966ddfd40692db6e65e67e8e11c9b648c232d30ae7c2f091abd,v2,unclean,neysan,neysan_folder_label,vanet,vanet,True,0.9989,False,0.0000,0.0000,0.0001,0.0000,0.0000,0.0010,0.0000,0.9989
399,v2/unclean/neysan/208228643.jpg,c2d5c839f28ed380789764f9356bd91b1e68d2bcf6cbe2d60af10b9f39986614,v2,unclean,neysan,neysan_folder_label,vanet,vanet,True,0.5359,True,0.0001,0.0000,0.3333,0.0227,0.1072,0.0001,0.0007,0.5359
400,v2/unclean/neysan/208280084.jpg,6b54a66024c5839b0b191b62ce4fc2070ba0304e051e8ac31116442140fcff09,v2,unclean,neysan,neysan_folder_label,vanet,kamyun,False,0.7874,True,0.0001,0.0000,0.7874,0.0029,0.1576,0.0000,0.0018,0.0502
401,v2/unclean/neysan/208285763.jpg,c3df520da86a9012733a8804eff3d48ac9d919a1c06e1e5a3c8f5b8408bde839,v2,unclean,neysan,neysan_folder_label,vanet,vanet,True,0.9641,False,0.0005,0.0000,0.0234,0.0034,0.0084,0.0000,0.0002,0.9641
402,v2/unclean/neysan/208331769.jpg,316b374eabf33cf5b2710beb5a5e9b6972ce5a3d1d8f4ba73b151176e72a367c,v2,unclean,neysan,neysan_folder_label,vanet,vanet,True,0.8339,True,0.0052,0.0000,0.0003,0.1202,0.0390,0.0010,0.0005,0.8339
403,v2/unclean/neysan/208386363.jpg,170601e9400c14dd2fec012f0df738218c710dea080e5da06ac4b50d623ca892,v2,unclean,neysan,neysan_folder_label,vanet,vanet,True,0.9993,False,0.0000,0.0000,0.0000,0.0006,0.0000,0.0000,0.0000,0.9993
404,v2/unclean/neysan/208475226.jpg,9ec818843af231bcae1135f9d5a1d2918be0969234de16b93224152bc1ec1e85,v2,unclean,neysan,neysan_folder_label,vanet,vanet,True,0.8015,True,0.0000,0.0000,0.0029,0.1944,0.0010,0.0001,0.0001,0.8015
405,v2/unclean/neysan/208592216.jpg,8f6a0d6daa294ea8240d69d0a090748941c60bfc811644e0ac15f209fcdb47ba,v2,unclean,neysan,neysan_folder_label,vanet,vanet,True,0.9980,False,0.0013,0.0000,0.0003,0.0002,0.0001,0.0000,0.0001,0.9980
406,v2/unclean/neysan/208758405.jpg,be03aa20f43c24a0f5b2b52dd83aa8792c1db2b8057df3755f0b35b198d06a56,v2,unclean,neysan,neysan_folder_label,vanet,vanet,True,0.9929,False,0.0000,0.0000,0.0000,0.0067,0.0000,0.0004,0.0000,0.9929
407,v2/unclean/neysan/209172997.jpg,0c559de4a9e65528ef412799e757f94bd8face853907154ac9b622861a9e68b8,v2,unclean,neysan,neysan_folder_label,vanet,vanet,True,0.7406,True,0.0010,0.0022,0.0637,0.0249,0.1153,0.0514,0.0009,0.7406
408,v2/unclean/neysan/209320911.jpg,afcdfff19c64e0f7a67ca9a39c7b0f82b6fd9cf5e0286cba2c8e292da5336f3a,v2,unclean,neysan,neysan_folder_label,vanet,vanet,True,0.9797,False,0.0016,0.0000,0.0005,0.0039,0.0114,0.0028,0.0000,0.9797
409,v2/unclean/neysan/209693167.jpg,09aba61c5c935704aa6d0244962ecb396b9dcbe11d8a15384e88b7a9e32bdcaa,v2,unclean,neysan,neysan_folder_label,vanet,vanet,True,0.5499,True,0.0002,0.0019,0.0083,0.0050,0.0008,0.4336,0.0002,0.5499
410,v2/unclean/neysan/209766482.jpg,a9d9bfef1a2ceb0c6af8b35664068e395148ba4b677073454a09a1253bc5288a,v2,unclean,neysan,neysan_folder_label,vanet,vanet,True,0.8164,True,0.0001,0.0373,0.0252,0.0051,0.0008,0.1150,0.0001,0.8164
411,v2/unclean/neysan/210404279.jpg,3e16bfda15841b25fa515d3e964f8f7a695b73d5dd207cea7a25173878683de3,v2,unclean,neysan,neysan_folder_label,vanet,vanet,True,0.9558,False,0.0019,0.0000,0.0030,0.0050,0.0005,0.0273,0.0065,0.9558
412,v2/unclean/neysan/210682674.jpg,ad87fd3b87a004138d876cf29f77ad776abdeab2ea4dff8569ed48265be819ec,v2,unclean,neysan,neysan_folder_label,vanet,ambulance,False,0.8843,True,0.8843,0.0000,0.0000,0.0000,0.0001,0.0005,0.0043,0.1109
413,v2/unclean/neysan/210735083.jpg,c4b45f6d14a835715ceb9e6bcd2baed2b01a1e9ad302cf07295b800f7f6178a0,v2,unclean,neysan,neysan_folder_label,vanet,vanet,True,0.8635,True,0.0016,0.0003,0.0384,0.0325,0.0032,0.0572,0.0034,0.8635
414,v2/unclean/neysan/211040523.jpg,479a5513685159b66df0ac5a3b9b50074e928d5bb1a9c7f507fc0eae7a5249c7,v2,unclean,neysan,neysan_folder_label,vanet,vanet,True,0.6977,True,0.0031,0.0000,0.1610,0.0092,0.1277,0.0007,0.0005,0.6977
415,v2/unclean/neysan/211341025.jpg,f6238c15ad7b4b611674531c3907c93e1c0a10482684da76e5100186ddb5cde4,v2,unclean,neysan,neysan_folder_label,vanet,vanet,True,0.9985,False,0.0002,0.0000,0.0001,0.0008,0.0002,0.0002,0.0000,0.9985
416,v2/unclean/neysan/211921402.jpg,4177823abbcbcdff40144bcf5fd73df7249ae7c4a5e5d887cd8263b3ded655f1,v2,unclean,neysan,neysan_folder_label,vanet,vanet,True,0.9962,False,0.0000,0.0000,0.0000,0.0035,0.0000,0.0002,0.0000,0.9962
417,v2/unclean/neysan/211960009.jpg,55ff6d91c8b193a56c505c2487138d30d65b3f16cb0260282943a404df981992,v2,unclean,neysan,neysan_folder_label,vanet,vanet,True,0.9965,False,0.0000,0.0000,0.0003,0.0008,0.0023,0.0001,0.0000,0.9965
418,v2/unclean/neysan/212001729.jpg,f0d1d8282878dd1fcad4a6a075b62ffb2a05348e2fb6c29c2ccd2ecf45c87ca6,v2,unclean,neysan,neysan_folder_label,vanet,vanet,True,0.9704,False,0.0001,0.0000,0.0093,0.0016,0.0185,0.0001,0.0001,0.9704
419,v2/unclean/neysan/212029693.jpg,5bbd502e381df71b55a73bc91d870e547f8c1b0cd4cbf8acc2124f23b900b202,v2,unclean,neysan,neysan_folder_label,vanet,vanet,True,0.5234,True,0.0490,0.0299,0.0011,0.0001,0.0010,0.3955,0.0000,0.5234
420,v2/unclean/neysan/212344272.jpg,4503c58892e862624bc0a2d06b5900719bdd4689ab817812ef429a740f859810,v2,unclean,neysan,neysan_folder_label,vanet,vanet,True,0.9997,False,0.0000,0.0000,0.0002,0.0000,0.0000,0.0001,0.0000,0.9997
421,v2/unclean/neysan/212359578.jpg,da8620fa44f4a50b0c565330f43362dc219d76029ff73cd78e2b1e037c7f8a61,v2,unclean,neysan,neysan_folder_label,vanet,vanet,True,0.9986,False,0.0000,0.0000,0.0000,0.0000,0.0013,0.0000,0.0001,0.9986
422,v2/unclean/neysan/212468834.jpg,1890f2851afa4fb3e385d6e0245df581174d90ca176d030ef5df32e4145369d3,v2,unclean,neysan,neysan_folder_label,vanet,vanet,True,0.8547,True,0.0004,0.0000,0.0871,0.0574,0.0004,0.0000,0.0000,0.8547
423,v2/unclean/neysan/212557753.jpg,5bf3a088289a270cc99e34262a71229fd818c7687db051c707c7e198fd6c14ae,v2,unclean,neysan,neysan_folder_label,vanet,vanet,True,0.9861,False,0.0011,0.0001,0.0028,0.0003,0.0079,0.0007,0.0011,0.9861
424,v2/unclean/neysan/212670484.jpg,bdaa1a3a8ccf799efd6973d2a3a0dc146303d8e1d12165e1eb00667c3eeccb2f,v2,unclean,neysan,neysan_folder_label,vanet,savari,False,0.9279,False,0.0000,0.0131,0.0021,0.0011,0.0003,0.9279,0.0043,0.0512
425,v2/unclean/neysan/212933941.jpg,b7d23caeaa5d39cbb3df62660b808354be8b7b379b1e30bd2ce3f5e603787d4a,v2,unclean,neysan,neysan_folder_label,vanet,vanet,True,0.9916,False,0.0006,0.0000,0.0000,0.0055,0.0021,0.0003,0.0000,0.9916
426,v2/unclean/neysan/212946567.jpg,7c278079fcd6609499bef164c2d4c64e7b2d2b07551d9e5b0f7d3da90600879b,v2,unclean,neysan,neysan_folder_label,vanet,vanet,True,0.9958,False,0.0000,0.0000,0.0034,0.0004,0.0003,0.0001,0.0000,0.9958
427,v2/unclean/neysan/213453392.jpg,8b5f8cc70e72b6e447c7d70260b72b1034091e3aa95157bc0c364e9d5b2feac2,v2,unclean,neysan,neysan_folder_label,vanet,minibus,False,0.5937,True,0.0001,0.0668,0.0629,0.0008,0.5937,0.0344,0.0125,0.2289
428,v2/unclean/neysan/213477815.jpg,3913c34ec9747f7abab13c3c6566a7e4f13de2521ec7057c98f5011013cd1f8e,v2,unclean,neysan,neysan_folder_label,vanet,vanet,True,0.9674,False,0.0001,0.0000,0.0111,0.0136,0.0018,0.0022,0.0038,0.9674
429,v2/unclean/neysan/213543287.jpg,90842b62d8adb573903fcb4106bee9b8f1764e3d5ad6fc06b7435f90bb0b4c13,v2,unclean,neysan,neysan_folder_label,vanet,vanet,True,0.9799,False,0.0075,0.0000,0.0042,0.0062,0.0005,0.0003,0.0013,0.9799
430,v2/unclean/neysan/213563450.jpg,4f2fb0357b45c8cee0fd5a5982487ef4c4615d6bbe9656295cfd5f1f72b8fcb0,v2,unclean,neysan,neysan_folder_label,vanet,minibus,False,0.5818,True,0.0014,0.0006,0.3175,0.0126,0.5818,0.0001,0.0056,0.0805
431,v2/unclean/neysan/213596552.jpg,20664f4394d9af0839150c57b633cb7a334b0117cb22ffa12838c3e9552befd9,v2,unclean,neysan,neysan_folder_label,vanet,vanet,True,0.9799,False,0.0000,0.0000,0.0145,0.0032,0.0002,0.0000,0.0021,0.9799
432,v2/unclean/neysan/213693780.jpg,cd05a004319a05f83259d3bf46a0cf09f982c9a37ac087c35f853379d20deadd,v2,unclean,neysan,neysan_folder_label,vanet,savari,False,0.9548,False,0.0000,0.0001,0.0016,0.0001,0.0005,0.9548,0.0216,0.0212
433,v2/unclean/neysan/214033035.jpg,abcc53b47c0b2802854610b98a7bc637c131fdae155e61cdba9b9223f14eb04b,v2,unclean,neysan,neysan_folder_label,vanet,vanet,True,0.9961,False,0.0000,0.0000,0.0033,0.0003,0.0003,0.0000,0.0000,0.9961
434,v2/unclean/neysan/214297729.jpg,0accda0180830be95d8443b149c4b76d58b11bde31fc117c041a005b9ff48eb5,v2,unclean,neysan,neysan_folder_label,vanet,vanet,True,0.9982,False,0.0000,0.0000,0.0001,0.0009,0.0000,0.0000,0.0008,0.9982
435,v2/unclean/neysan/214538220.jpg,b1f2d125c5ff9a2e4d6f2b63edddd291f0adab46e68e991027f7e592e49cdffe,v2,unclean,neysan,neysan_folder_label,vanet,vanet,True,0.9159,False,0.0455,0.0000,0.0114,0.0269,0.0001,0.0001,0.0000,0.9159
436,v2/unclean/neysan/214814000.jpg,3825a935401ab58be6ef006e0fd9f5345da6b454da0aa67bf50ca8f2a9f879a1,v2,unclean,neysan,neysan_folder_label,vanet,vanet,True,0.9993,False,0.0000,0.0000,0.0000,0.0004,0.0000,0.0002,0.0000,0.9993
437,v2/unclean/neysan/214846176.jpg,d082ca52021d7f574c73b5630a7fd0931fa6d28fb9dc2c01df402ce62ff56ddf,v2,unclean,neysan,neysan_folder_label,vanet,vanet,True,0.9997,False,0.0000,0.0000,0.0000,0.0000,0.0002,0.0000,0.0000,0.9997
438,v2/unclean/neysan/215022451.jpg,77b6920a570ca831315c6c0a3707a64ca83be3e8fca86ab43e69e1456f11a643,v2,unclean,neysan,neysan_folder_label,vanet,vanet,True,0.9995,False,0.0000,0.0000,0.0000,0.0005,0.0000,0.0000,0.0000,0.9995
439,v2/unclean/neysan/215107013.jpg,3b74ff77ae244b2bc5552e6896738062db72884281c5356f277d3e5a4619f567,v2,unclean,neysan,neysan_folder_label,vanet,vanet,True,0.9771,False,0.0000,0.0000,0.0175,0.0048,0.0005,0.0000,0.0000,0.9771
440,v2/unclean/neysan/215109203.jpg,10ca8ce59ace1f76d84f2336b43b0c3b1cafc2e84d1d221aa0c6a8b0fe3b370e,v2,unclean,neysan,neysan_folder_label,vanet,vanet,True,0.7329,True,0.0027,0.0000,0.0019,0.0099,0.2518,0.0007,0.0002,0.7329
441,v2/unclean/neysan/215575111.jpg,458bebac3a2e63ab1b57ea9fda4dfddcc34355e952c299a9d5795d336f820556,v2,unclean,neysan,neysan_folder_label,vanet,vanet,True,0.9945,False,0.0000,0.0000,0.0007,0.0005,0.0042,0.0000,0.0000,0.9945
442,v2/unclean/neysan/215583918.jpg,7ee73ed97bae7e3af536b1c42e7042f4fc43a212e4a0e1a026df358f0c1b5dee,v2,unclean,neysan,neysan_folder_label,vanet,vanet,True,0.8347,True,0.0001,0.0002,0.1625,0.0007,0.0011,0.0000,0.0007,0.8347
443,v2/unclean/neysan/215616328.jpg,7bc2b736528d48543cca839a756ef07bc6cbad80641c21071a919e9108100dcf,v2,unclean,neysan,neysan_folder_label,vanet,vanet,True,0.9986,False,0.0000,0.0000,0.0000,0.0009,0.0003,0.0002,0.0000,0.9986
444,v2/unclean/neysan/215714541.jpg,bbf9d38c9c945c167ce4a6ce4b00f672f04f90bb77f2f49b4e281368e601e964,v2,unclean,neysan,neysan_folder_label,vanet,vanet,True,0.9993,False,0.0000,0.0000,0.0002,0.0001,0.0003,0.0001,0.0000,0.9993
445,v2/unclean/neysan/215717560.jpg,71786089eb961bed6f895cb7f244d8a91a5fc3ae6708f0e2784c0b4752d8fa08,v2,unclean,neysan,neysan_folder_label,vanet,vanet,True,0.9997,False,0.0000,0.0000,0.0001,0.0000,0.0000,0.0000,0.0002,0.9997
446,v2/unclean/neysan/215720225.jpg,c68b8d7d76ef1f2f71e42601aa6c19c8dcd13d62edf4772c7b94a526f3d4a766,v2,unclean,neysan,neysan_folder_label,vanet,vanet,True,0.9988,False,0.0000,0.0000,0.0000,0.0002,0.0009,0.0000,0.0000,0.9988
447,v2/unclean/neysan/215733811.jpg,dd16a676a5aa64588e7127d300a9890f0b15c1afd8b74af052354964ddfc4031,v2,unclean,neysan,neysan_folder_label,vanet,vanet,True,0.8743,True,0.0001,0.0019,0.0004,0.0498,0.0563,0.0166,0.0007,0.8743
448,v2/unclean/neysan/215755752.jpg,5ad395438bd860471130937204beeec2658708c77e88859278c5e118053e05d0,v2,unclean,neysan,neysan_folder_label,vanet,vanet,True,0.9906,False,0.0002,0.0000,0.0045,0.0007,0.0041,0.0000,0.0000,0.9906
449,v2/unclean/neysan/215836175.jpg,3991da76ea15428c359d2e2f8f7db31d41ad868aad93f6c930f87c82aa32c719,v2,unclean,neysan,neysan_folder_label,vanet,vanet,True,0.9982,False,0.0000,0.0000,0.0003,0.0005,0.0008,0.0000,0.0001,0.9982
450,v2/unclean/neysan/215857042.jpg,fa62157e80dcf01e0650a4064f6a36c5ad4e7f0e7e910b861a3a30beb6403516,v2,unclean,neysan,neysan_folder_label,vanet,vanet,True,0.9849,False,0.0019,0.0000,0.0028,0.0099,0.0000,0.0000,0.0005,0.9849
451,v2/unclean/neysan/215896255.jpg,65f6c9ce928d17440ad22641cbd83229f53c1d39de6d0330865c3d60c1722c99,v2,unclean,neysan,neysan_folder_label,vanet,vanet,True,0.9946,False,0.0000,0.0000,0.0001,0.0003,0.0041,0.0004,0.0005,0.9946
452,v2/unclean/neysan/215904549.jpg,6a7f60ad38b0985fded1bf16f33b53c56776491608253bb316ef70a8014a1f9c,v2,unclean,neysan,neysan_folder_label,vanet,vanet,True,0.9850,False,0.0001,0.0000,0.0005,0.0030,0.0024,0.0022,0.0069,0.9850
453,v2/unclean/neysan/216001977.jpg,063d4631f623ce582767288d6ee6dff9ccbe5753fba41a10447b3951ec086bf3,v2,unclean,neysan,neysan_folder_label,vanet,vanet,True,0.9995,False,0.0000,0.0000,0.0000,0.0003,0.0001,0.0000,0.0001,0.9995
454,v2/unclean/neysan/216044833.jpg,25db335432a52db4c250dc45fa08cbebca00736ba1a46246069da835c50715a9,v2,unclean,neysan,neysan_folder_label,vanet,vanet,True,0.9971,False,0.0010,0.0000,0.0008,0.0010,0.0001,0.0000,0.0000,0.9971
455,v2/unclean/neysan/216105326.jpg,a333c6038392c691a25472d6a423da13651f91b2070f7570afa7f2719403027a,v2,unclean,neysan,neysan_folder_label,vanet,vanet,True,0.9433,False,0.0006,0.0001,0.0008,0.0003,0.0007,0.0542,0.0000,0.9433
456,v2/unclean/neysan/216129042.jpg,aedcc3d7c7bee89f7fe39c1b7b72628689912e625601a4ae7ecccf24b3a18c4c,v2,unclean,neysan,neysan_folder_label,vanet,vanet,True,0.9676,False,0.0000,0.0000,0.0276,0.0030,0.0004,0.0001,0.0013,0.9676
457,v2/unclean/neysan/216156094.jpg,bb29f66c9b797a012224d70e3cfd8a72b4722f463ec2d25d30b5f2435e1be8e9,v2,unclean,neysan,neysan_folder_label,vanet,vanet,True,0.7715,True,0.0638,0.0000,0.0050,0.1595,0.0000,0.0000,0.0000,0.7715
458,v2/unclean/neysan/216335667.jpg,bc2339c660c8ad4f05e67012f0fe9b96abb0e504baf29c67ce33dc2238aa13be,v2,unclean,neysan,neysan_folder_label,vanet,vanet,True,0.8452,True,0.0053,0.0000,0.0004,0.0088,0.0103,0.0095,0.1205,0.8452
459,v2/unclean/neysan/216425162.jpg,419a9d15addeab8b61099e13574a5159cabe370029f1d1d7509bd07ee1875ff9,v2,unclean,neysan,neysan_folder_label,vanet,savari,False,0.8885,True,0.0001,0.0018,0.0004,0.0013,0.0014,0.8885,0.0815,0.0250
460,v2/unclean/neysan/216525289.jpg,a15525fb5c4d88ec06b1445d821e91210920a2e03ae78fb451897378d87b43fc,v2,unclean,neysan,neysan_folder_label,vanet,vanet,True,0.9995,False,0.0000,0.0000,0.0000,0.0000,0.0000,0.0004,0.0000,0.9995
461,v2/unclean/neysan/216534642.jpg,44cc7a278b332b07dcc07aa4ea889b3df14275b62b76226bda2e0486d9230980,v2,unclean,neysan,neysan_folder_label,vanet,vanet,True,0.7588,True,0.0169,0.0000,0.0846,0.1382,0.0013,0.0000,0.0003,0.7588
462,v2/unclean/neysan/216606189.jpg,e44c6181d5e95da4bfcf5a77f29044312c719f41595579c1b065f6a88800d9dc,v2,unclean,neysan,neysan_folder_label,vanet,vanet,True,0.9849,False,0.0010,0.0000,0.0004,0.0068,0.0042,0.0004,0.0023,0.9849
463,v2/unclean/neysan/216625212.jpg,57ee1d1be212a2beb8d9002312fb5d94f9fe2a954a86563411eb9cdcfca69f31,v2,unclean,neysan,neysan_folder_label,vanet,vanet,True,0.9635,False,0.0000,0.0001,0.0103,0.0258,0.0002,0.0001,0.0000,0.9635
464,v2/unclean/neysan/216646205.jpg,7d500940d671a456c3b1613bea10b59817ca49a14248a2cc3ff5c04447ef2340,v2,unclean,neysan,neysan_folder_label,vanet,vanet,True,0.9910,False,0.0003,0.0000,0.0000,0.0086,0.0001,0.0000,0.0000,0.9910
465,v2/unclean/neysan/216755768.jpg,713bb111f40c8979f8287d267b248d21fd9cb6698d8ad05caf700bb5886ecbaa,v2,unclean,neysan,neysan_folder_label,vanet,vanet,True,0.9981,False,0.0002,0.0000,0.0000,0.0016,0.0000,0.0001,0.0000,0.9981
466,v2/unclean/neysan/216798672.jpg,c2280220683fba197aa3a6176eb781122f111dbfc17ce885d07428c930af9d99,v2,unclean,neysan,neysan_folder_label,vanet,vanet,True,0.6796,True,0.1390,0.0000,0.0001,0.0026,0.0000,0.1730,0.0058,0.6796
467,v2/unclean/neysan/216996756.jpg,3b240c3d2e986618aed9979cd724552d211ae41ac4ed941167466f5b153bd733,v2,unclean,neysan,neysan_folder_label,vanet,vanet,True,0.7881,True,0.0006,0.0922,0.0138,0.0012,0.0714,0.0300,0.0025,0.7881
468,v2/unclean/neysan/217028894.jpg,8c2f2f24a7feb0526e0e4d62dc03c4974c3d6727b41c7f443b6c0e65a957c65b,v2,unclean,neysan,neysan_folder_label,vanet,vanet,True,0.9997,False,0.0001,0.0000,0.0000,0.0000,0.0001,0.0000,0.0000,0.9997
469,v2/unclean/neysan/217063632.jpg,00379d34f89f59eadfb66408acfe1322cac919d10b88402053e758f7393cc020,v2,unclean,neysan,neysan_folder_label,vanet,vanet,True,0.9847,False,0.0095,0.0000,0.0001,0.0006,0.0002,0.0028,0.0020,0.9847
470,v2/unclean/neysan/217136863.jpg,c7e6a228e9010654eee5cccfbd4ea9466ee3919d0ef4304ddd418a3841e36d4e,v2,unclean,neysan,neysan_folder_label,vanet,vanet,True,0.9971,False,0.0001,0.0000,0.0003,0.0002,0.0023,0.0000,0.0000,0.9971
471,v2/unclean/neysan/217231423.jpg,c6736afe5953436d93f2bd8a8df3ec23a33d829802001fbf59904c6f6de9ce69,v2,unclean,neysan,neysan_folder_label,vanet,savari,False,0.7377,True,0.0001,0.1908,0.0004,0.0060,0.0476,0.7377,0.0140,0.0034
472,v2/unclean/neysan/217352815.jpg,67a23b9f235c7bc3b25a1288915158f8396e70806e78d92b9ba9d1e869a04531,v2,unclean,neysan,neysan_folder_label,vanet,vanet,True,0.8915,True,0.0863,0.0000,0.0002,0.0052,0.0039,0.0128,0.0001,0.8915
473,v2/unclean/neysan/217427995.jpg,5473efbad0b7200e7773a7ec4a90a9ef4aea82c38cc7c5f199d0c4988c9bc38f,v2,unclean,neysan,neysan_folder_label,vanet,vanet,True,0.9452,False,0.0003,0.0000,0.0051,0.0426,0.0066,0.0000,0.0001,0.9452
474,v2/unclean/neysan/217434868.jpg,a57ec5f794f220158e5cbf168c65dc49fd1f74ab149027cf1c753ffa9f06dc51,v2,unclean,neysan,neysan_folder_label,vanet,kamyunet,False,0.5487,True,0.0002,0.0000,0.0008,0.5487,0.0046,0.1320,0.0059,0.3078
475,v2/unclean/neysan/217844142.jpg,e911222d9972c466d50e5498f66ea671db03ad90f60ffbdb3b710bd00f32d32c,v2,unclean,neysan,neysan_folder_label,vanet,vanet,True,0.8182,True,0.0004,0.0001,0.0011,0.1799,0.0001,0.0002,0.0000,0.8182
476,v2/unclean/neysan/217889120.jpg,6554ad129c5f6e58d3bda97a311331c8db84b56d75acc1ce3501f3511af518ae,v2,unclean,neysan,neysan_folder_label,vanet,kamyun,False,0.8363,True,0.1014,0.0230,0.8363,0.0027,0.0001,0.0000,0.0000,0.0365
477,v2/unclean/neysan/217964355.jpg,d42d0d7d2a91c5c2326ea290c3c39bfb2162042f4efb2e7a6166b4986ac3cc14,v2,unclean,neysan,neysan_folder_label,vanet,vanet,True,0.7897,True,0.0026,0.0009,0.0884,0.0314,0.0433,0.0012,0.0426,0.7897
478,v2/unclean/neysan/218042482.jpg,aaba54c8146a59b106abfcaefc7f0377a57b8fb1dff8e1b542fffb75851894c0,v2,unclean,neysan,neysan_folder_label,vanet,savari,False,0.9925,False,0.0000,0.0031,0.0001,0.0003,0.0000,0.9925,0.0003,0.0039
479,v2/unclean/neysan/218120114.jpg,d337b1317fa3b52497e5a0854430b2297f957585acebc7e2a3a2f17fad2b19eb,v2,unclean,neysan,neysan_folder_label,vanet,vanet,True,0.9958,False,0.0000,0.0000,0.0003,0.0030,0.0006,0.0003,0.0001,0.9958
480,v2/unclean/neysan/218155360.jpg,c658331352f29addf11e19f0c208c51cc59df3cf5925361505fef9cfe2f6e0c4,v2,unclean,neysan,neysan_folder_label,vanet,vanet,True,0.9999,False,0.0000,0.0000,0.0001,0.0000,0.0000,0.0000,0.0000,0.9999
481,v2/unclean/neysan/218169177.jpg,5a30968cf79fd53ee349b2c503d6af2418c66ee7350ab290f8043980c65aad43,v2,unclean,neysan,neysan_folder_label,vanet,vanet,True,0.8618,True,0.0000,0.0000,0.0003,0.0002,0.0001,0.1253,0.0123,0.8618
482,v2/unclean/neysan/218251629.jpg,9898b3ef3d63a6cf94c5a7c9a9bca84a4abd84bb64b0a43ecd94184e17429a3c,v2,unclean,neysan,neysan_folder_label,vanet,vanet,True,0.9999,False,0.0000,0.0000,0.0000,0.0001,0.0000,0.0000,0.0000,0.9999
483,v2/unclean/neysan/218353100.jpg,a9805fb2d60e1d687369d620f237a04fdf3aa28ccf69a94c8c145fa86fe6771a,v2,unclean,neysan,neysan_folder_label,vanet,vanet,True,0.9970,False,0.0001,0.0000,0.0000,0.0009,0.0001,0.0011,0.0007,0.9970
484,v2/unclean/neysan/218377226.jpg,75a646f904cead592fd592db2b239b60712f9daa9151fab4c5360ce2afa54832,v2,unclean,neysan,neysan_folder_label,vanet,vanet,True,0.9914,False,0.0042,0.0000,0.0035,0.0009,0.0000,0.0000,0.0001,0.9914
485,v2/unclean/neysan/218565025.jpg,e9c293cc2206c94ea8ff36555fda2069860733eba24f536d40dfe449b6ec1d71,v2,unclean,neysan,neysan_folder_label,vanet,vanet,True,0.6367,True,0.0008,0.0026,0.3589,0.0009,0.0000,0.0000,0.0000,0.6367
486,v2/unclean/neysan/218575779.jpg,701dc2f9ace8d1dacfe6e79e1d8e0a419eb2afe1a56f9d631e87e620dbac5850,v2,unclean,neysan,neysan_folder_label,vanet,vanet,True,0.9822,False,0.0001,0.0000,0.0023,0.0135,0.0002,0.0015,0.0002,0.9822
487,v2/unclean/neysan/218587266.jpg,bc71e2108f7dbeb8822c7f0b66d0aca9a073c1d08def88cbaa050ccabc9b0dfe,v2,unclean,neysan,neysan_folder_label,vanet,vanet,True,0.9489,False,0.0005,0.0000,0.0017,0.0000,0.0450,0.0039,0.0000,0.9489
488,v2/unclean/neysan/218618891.jpg,296f2b14434c067f7a29ac56808e4f836d3cf2faf90702be428b8d8ce3113672,v2,unclean,neysan,neysan_folder_label,vanet,vanet,True,0.9975,False,0.0003,0.0000,0.0000,0.0021,0.0000,0.0000,0.0000,0.9975
489,v2/unclean/neysan/218624569.jpg,2d52979e41d9824914ce0644a70924a287e40d343ba33a8e3312a460dc90ce48,v2,unclean,neysan,neysan_folder_label,vanet,vanet,True,0.9970,False,0.0001,0.0000,0.0000,0.0003,0.0000,0.0026,0.0001,0.9970
490,v2/unclean/neysan/218706383.jpg,c23f6999ad1c558a6f3cdd515c89570f264c86417e161a7f4f760f7c5bc6c594,v2,unclean,neysan,neysan_folder_label,vanet,vanet,True,0.9948,False,0.0000,0.0000,0.0004,0.0000,0.0029,0.0017,0.0002,0.9948
491,v2/unclean/neysan/218706597.jpg,829c1aa1bef46c8700c2a195be0c1786b7623f2311b19abf34fc53728b2120d3,v2,unclean,neysan,neysan_folder_label,vanet,vanet,True,0.8804,True,0.0189,0.0011,0.0867,0.0001,0.0068,0.0021,0.0039,0.8804
492,v2/unclean/neysan/218743756.jpg,738bf125289d87e7853cc3826d8ada4c7b66531600a80cf7306eee283e11f016,v2,unclean,neysan,neysan_folder_label,vanet,vanet,True,0.9972,False,0.0000,0.0000,0.0004,0.0008,0.0004,0.0011,0.0001,0.9972
493,v2/unclean/neysan/218870355.jpg,d2931f6a544f02ebc98171a4e9bcf37016cb0840c5145e7bca65d3cb316212d7,v2,unclean,neysan,neysan_folder_label,vanet,vanet,True,0.7352,True,0.2452,0.0000,0.0064,0.0046,0.0022,0.0054,0.0010,0.7352
494,v2/unclean/neysan/218873530.jpg,860b0f148d10ea53d9ca5a0e874bf42c84f77df0ce67e93fbddfdfcd71d10c41,v2,unclean,neysan,neysan_folder_label,vanet,vanet,True,0.9984,False,0.0000,0.0000,0.0005,0.0003,0.0001,0.0005,0.0002,0.9984
495,v2/unclean/neysan/218879297.jpg,51dbd8644489d60056dd1aa974692ffcf792d062d8129950857a68199fbc5ef0,v2,unclean,neysan,neysan_folder_label,vanet,vanet,True,0.9908,False,0.0001,0.0000,0.0004,0.0000,0.0000,0.0087,0.0000,0.9908
496,v2/unclean/neysan/218981053.jpg,9604b567eebc72f0f7083919bc2bc021268f819514f7b3a2010626747904e809,v2,unclean,neysan,neysan_folder_label,vanet,vanet,True,0.9956,False,0.0001,0.0000,0.0022,0.0010,0.0001,0.0007,0.0003,0.9956
497,v2/unclean/neysan/218981637.jpg,37cede49690fb8ce7d843cdbb46003937ba65ecfa62fc37e2268b275f693a481,v2,unclean,neysan,neysan_folder_label,vanet,vanet,True,0.9994,False,0.0000,0.0000,0.0002,0.0001,0.0001,0.0002,0.0000,0.9994
498,v2/unclean/vanet/195110811.jpg,e009a776dea5462b05c1be90fcdff9c6c8a562c0a446c7073fab5aca407acbca,v2,unclean,vanet,CONFIRMED_NEYSAN,vanet,vanet,True,0.9809,False,0.0001,0.0001,0.0083,0.0036,0.0012,0.0018,0.0040,0.9809
499,v2/unclean/vanet/195290564.jpg,54071b84484db67767ac100214e2cd2fe546c3ed5eddbee925377c92343536fd,v2,unclean,vanet,CONFIRMED_NEYSAN,vanet,vanet,True,0.9940,False,0.0001,0.0000,0.0014,0.0001,0.0043,0.0000,0.0001,0.9940
500,v2/unclean/vanet/195491717.jpg,363590ba6658f165ff94d5685809eafe8382592e53951f776a4a6c3094f823a5,v2,unclean,vanet,CONFIRMED_NEYSAN,vanet,vanet,True,0.9993,False,0.0004,0.0000,0.0001,0.0001,0.0000,0.0000,0.0001,0.9993
501,v2/unclean/vanet/195720789.jpg,54166cddb8d3f04a51730552b7edda62c052fc2e3ef2fd0bab0786a5ddc6f070,v2,unclean,vanet,CONFIRMED_NEYSAN,vanet,vanet,True,0.9924,False,0.0000,0.0000,0.0059,0.0000,0.0007,0.0007,0.0002,0.9924
502,v2/unclean/vanet/195740684.jpg,2d5b26b1a721c583fbdd6d2d12df8b37a2b4ba0088fd90262f1d26622bba37ce,v2,unclean,vanet,CONFIRMED_NEYSAN,vanet,vanet,True,0.9998,False,0.0000,0.0000,0.0000,0.0001,0.0001,0.0000,0.0000,0.9998
503,v2/unclean/vanet/196095992.jpg,0c2713f35c87ddd9c991476ebc464a975db05d9b448625663f051f6748bcc877,v2,unclean,vanet,CONFIRMED_NEYSAN,vanet,vanet,True,0.9833,False,0.0002,0.0000,0.0013,0.0005,0.0009,0.0136,0.0001,0.9833
504,v2/unclean/vanet/196216785.jpg,5f4cb182823eaca08975e9df79a7d242e8f718a75c57b6043424915d7fec1d26,v2,unclean,vanet,CONFIRMED_NEYSAN,vanet,vanet,True,0.9825,False,0.0050,0.0004,0.0027,0.0000,0.0048,0.0001,0.0045,0.9825
505,v2/unclean/vanet/196472764.jpg,6317b8c8135626f07047ac8523f4a191ab641ac6504c5097e6066146d1dd9b80,v2,unclean,vanet,CONFIRMED_NEYSAN,vanet,vanet,True,0.9967,False,0.0000,0.0000,0.0002,0.0001,0.0030,0.0000,0.0001,0.9967
506,v2/unclean/vanet/196484539.jpg,c53a7e1ecbd504ede0f00456b58fe274a3219f2970c4ccd8ffd311c2b18c9f6a,v2,unclean,vanet,CONFIRMED_NEYSAN,vanet,vanet,True,0.9985,False,0.0000,0.0000,0.0001,0.0005,0.0007,0.0000,0.0002,0.9985
507,v2/unclean/vanet/197073034.jpg,39dff738be9a3e029dfff88be1cb9765ce22cd3d3917c00563aab5ee61a3d905,v2,unclean,vanet,CONFIRMED_NEYSAN,vanet,minibus,False,0.7042,True,0.0000,0.0030,0.0051,0.0027,0.7042,0.2504,0.0262,0.0083
508,v2/unclean/vanet/197187868.jpg,8fe8d16904e10aad49bb646f5754c4d277464bab6645ff00441178dde1bd293c,v2,unclean,vanet,CONFIRMED_NEYSAN,vanet,vanet,True,0.9795,False,0.0000,0.0000,0.0007,0.0083,0.0003,0.0107,0.0004,0.9795
509,v2/unclean/vanet/197241414.jpg,9cd13157fd36b2ee2122201a70030995b3caf0da7e4c77f3c5f113ee3803ab3b,v2,unclean,vanet,CONFIRMED_NEYSAN,vanet,vanet,True,0.9810,False,0.0000,0.0000,0.0011,0.0163,0.0011,0.0001,0.0004,0.9810
510,v2/unclean/vanet/197247731.jpg,71e8106170c742d1c67d30766e62a58a67a0c48b940217a5dd513a1f197a1289,v2,unclean,vanet,CONFIRMED_NEYSAN,vanet,vanet,True,0.9975,False,0.0000,0.0000,0.0021,0.0003,0.0001,0.0000,0.0000,0.9975
511,v2/unclean/vanet/197316952.jpg,f589237c9be36c3d6bf4345d1d67b9ffc6d9ee7ed34962d2d3f5b9edb094d1d5,v2,unclean,vanet,CONFIRMED_NEYSAN,vanet,vanet,True,0.9436,False,0.0012,0.0000,0.0003,0.0002,0.0007,0.0172,0.0368,0.9436
512,v2/unclean/vanet/197365651.jpg,b34f7a67b5bf4801e002a96b013412fa08ffd8085d0fb1074c93eb0114e97a62,v2,unclean,vanet,CONFIRMED_NEYSAN,vanet,vanet,True,0.9871,False,0.0023,0.0000,0.0101,0.0002,0.0001,0.0000,0.0002,0.9871
513,v2/unclean/vanet/197437140.jpg,b20716c390f4d40a7a8e3d9bbfe8384643c4d660acdebf87a8bac2d8a97d59c9,v2,unclean,vanet,CONFIRMED_NEYSAN,vanet,vanet,True,0.9932,False,0.0002,0.0000,0.0063,0.0000,0.0002,0.0000,0.0000,0.9932
514,v2/unclean/vanet/197440812.jpg,4853e153a59d8365a01de5ef8f6ed079c86eae39539aaa511a84ecd719bd3c4e,v2,unclean,vanet,CONFIRMED_NEYSAN,vanet,vanet,True,0.9594,False,0.0007,0.0002,0.0216,0.0060,0.0017,0.0047,0.0057,0.9594
515,v2/unclean/vanet/197560959.jpg,284b458f7cf4a4b062987419db9f610e2676c7e109ad623a0626d080fb7ced97,v2,unclean,vanet,CONFIRMED_NEYSAN,vanet,vanet,True,0.6584,True,0.0001,0.0000,0.1750,0.0011,0.1648,0.0001,0.0005,0.6584
516,v2/unclean/vanet/197729524.jpg,74b9f2289943df3850565ce124f477c300880622b8c26659eb7e05b1033db31c,v2,unclean,vanet,CONFIRMED_NEYSAN,vanet,vanet,True,0.9605,False,0.0001,0.0000,0.0384,0.0005,0.0001,0.0000,0.0003,0.9605
517,v2/unclean/vanet/197919941.jpg,67a435cb9c927ee876b9a5850240217e0543a07ecfa33145246f9559ac16e966,v2,unclean,vanet,CONFIRMED_NEYSAN,vanet,savari,False,0.8261,True,0.0000,0.0084,0.0504,0.0584,0.0248,0.8261,0.0227,0.0091
518,v2/unclean/vanet/197957684.jpg,4f43055189e86980ea2cf61fbe27583c84a32464179a0f2ae8c6036d4f1de0c7,v2,unclean,vanet,CONFIRMED_NEYSAN,vanet,vanet,True,0.9765,False,0.0001,0.0000,0.0006,0.0007,0.0220,0.0001,0.0000,0.9765
519,v2/unclean/vanet/198052628.jpg,f1da9c04df8a6f84e9fe4d6963eeb02dc34b0f2a2ff405f47e15eeed6f6bde10,v2,unclean,vanet,CONFIRMED_NEYSAN,vanet,vanet,True,0.9816,False,0.0016,0.0000,0.0028,0.0053,0.0049,0.0003,0.0035,0.9816
520,v2/unclean/vanet/198067483.jpg,b1c97bb1e400ded90f4c3de6c55e30e1a1591eceeb7361d1f3a6712b23f8f4a2,v2,unclean,vanet,CONFIRMED_NEYSAN,vanet,vanet,True,0.9724,False,0.0003,0.0000,0.0238,0.0004,0.0030,0.0000,0.0000,0.9724
521,v2/unclean/vanet/198256082.jpg,e3265c9496ceb392dffa7229e8761f33b92e034e232399ae42e2734ca6ef6b50,v2,unclean,vanet,CONFIRMED_NEYSAN,vanet,vanet,True,0.9994,False,0.0000,0.0000,0.0000,0.0005,0.0000,0.0000,0.0000,0.9994
522,v2/unclean/vanet/198366858.jpg,744f72afff4d67b9f45bb3e4f968ed35eb194a8a945480300410b612e1e4e8e0,v2,unclean,vanet,CONFIRMED_NEYSAN,vanet,vanet,True,0.6729,True,0.0008,0.0000,0.3040,0.0007,0.0190,0.0001,0.0025,0.6729
523,v2/unclean/vanet/198420720.jpg,c0dfaedd41981bcbb3a05185c96d93f701844f1e1b977070ce998d8c7d6d2621,v2,unclean,vanet,CONFIRMED_NEYSAN,vanet,vanet,True,0.9915,False,0.0005,0.0000,0.0005,0.0003,0.0071,0.0000,0.0000,0.9915
524,v2/unclean/vanet/198454664.jpg,832e7418bccb40bf357b1a54a46c4294d45f13b98d42f865ee865f911ddfaea9,v2,unclean,vanet,CONFIRMED_NEYSAN,vanet,vanet,True,0.9599,False,0.0001,0.0000,0.0016,0.0002,0.0379,0.0000,0.0001,0.9599
525,v2/unclean/vanet/198459757.jpg,724955b134a9e1df6fcadff8012f6769b85a460896e7c5079772fd0ce3fc1050,v2,unclean,vanet,CONFIRMED_NEYSAN,vanet,vanet,True,0.9671,False,0.0002,0.0000,0.0003,0.0313,0.0000,0.0006,0.0004,0.9671
526,v2/unclean/vanet/198460428.jpg,be3f229e519e02936b9e76a6f645673a40374dc3155f5377c578cdc786897149,v2,unclean,vanet,CONFIRMED_NEYSAN,vanet,vanet,True,0.9999,False,0.0000,0.0000,0.0000,0.0000,0.0000,0.0000,0.0000,0.9999
527,v2/unclean/vanet/198487480.jpg,c568a17ef5feabd414d4fdb1bb0ee19aec7d3054e04b523ce1ef95179f1288f8,v2,unclean,vanet,CONFIRMED_NEYSAN,vanet,vanet,True,0.9999,False,0.0000,0.0000,0.0000,0.0000,0.0000,0.0000,0.0000,0.9999
528,v2/unclean/vanet/199405061.jpg,6f142440f0d2b4600a7a4b4193170cb24366c1696c859d88c68e7c193ece26f5,v2,unclean,vanet,CONFIRMED_NEYSAN,vanet,vanet,True,0.8038,True,0.0024,0.0000,0.1927,0.0006,0.0005,0.0000,0.0000,0.8038
529,v2/unclean/vanet/199524545.jpg,9846dd58f2759c625222850fb6a179e72c7b352e1ad9e97f13f2cfcb7225c2e0,v2,unclean,vanet,CONFIRMED_NEYSAN,vanet,vanet,True,0.9891,False,0.0000,0.0000,0.0003,0.0008,0.0069,0.0004,0.0024,0.9891
530,v2/unclean/vanet/199525188.jpg,8e06650d7ffd84115d5b457c18ffe0c42418fb79101c5ce2c45ae558141cd30b,v2,unclean,vanet,CONFIRMED_NEYSAN,vanet,vanet,True,0.8859,True,0.0020,0.0002,0.0290,0.0551,0.0050,0.0022,0.0206,0.8859
531,v2/unclean/vanet/199534377.jpg,51602fe079b5ecde8a32b423c1bc23d84fe432145562801ed6fc7805ffebedb8,v2,unclean,vanet,CONFIRMED_NEYSAN,vanet,vanet,True,0.9407,False,0.0000,0.0000,0.0456,0.0028,0.0101,0.0007,0.0000,0.9407
532,v2/unclean/vanet/199677477.jpg,6ba3aa992438cf5ab1eed7cacbfabf6597d3fae0bd185af427a59ff1f437a6d6,v2,unclean,vanet,CONFIRMED_NEYSAN,vanet,kamyun,False,0.9605,False,0.0001,0.0128,0.9605,0.0057,0.0170,0.0006,0.0020,0.0012
533,v2/unclean/vanet/199706691.jpg,df9a58dcf3a5ae070a1bd5570ec3e4b95cbc2dadd48754fd7bd3ba44ca631494,v2,unclean,vanet,CONFIRMED_NEYSAN,vanet,vanet,True,0.8433,True,0.0101,0.0000,0.0197,0.1222,0.0040,0.0000,0.0007,0.8433
534,v2/unclean/vanet/199788218.jpg,e057fedf656587621ca95a0a6fdf8355f48630d9757c3529dad5b515fd446ebc,v2,unclean,vanet,CONFIRMED_NEYSAN,vanet,vanet,True,0.8554,True,0.0582,0.0000,0.0004,0.0845,0.0005,0.0004,0.0006,0.8554
535,v2/unclean/vanet/199800413.jpg,bb9ef40e6b43e35ddca6df0277de0ed750d78b2cab92f394a11bae78c01e8131,v2,unclean,vanet,CONFIRMED_NEYSAN,vanet,vanet,True,0.9452,False,0.0030,0.0000,0.0492,0.0005,0.0015,0.0003,0.0003,0.9452
536,v2/unclean/vanet/199831447.jpg,1cd068918260665c335c0e6b92866cf2f3ed37e0ea981e948aa7f5dc0ca20f96,v2,unclean,vanet,CONFIRMED_NEYSAN,vanet,vanet,True,0.9841,False,0.0001,0.0001,0.0092,0.0055,0.0001,0.0008,0.0002,0.9841
537,v2/unclean/vanet/200794546.jpg,c4c9745924b2f47af5a7724484d62d614af333f6ecc7c856e3c928186a52f571,v2,unclean,vanet,CONFIRMED_NEYSAN,vanet,kamyun,False,0.7457,True,0.0137,0.0005,0.7457,0.0025,0.0261,0.0061,0.0668,0.1386
538,v2/unclean/vanet/201189023.jpg,33be794633858ec17359beb008286ef1333e1f60272646bf2465b6c47e33f736,v2,unclean,vanet,CONFIRMED_NEYSAN,vanet,vanet,True,0.8172,True,0.0025,0.0000,0.0553,0.0120,0.1038,0.0007,0.0084,0.8172
539,v2/unclean/vanet/201223227.jpg,0029f6f41999ce6b31d2f03aa9994415a81686ed095ffcbaa95929efcd72396e,v2,unclean,vanet,CONFIRMED_NEYSAN,vanet,vanet,True,1.0000,False,0.0000,0.0000,0.0000,0.0000,0.0000,0.0000,0.0000,1.0000
540,v2/unclean/vanet/201814328.jpg,8feae3363494825ddcb93017a696d908319207ca9664c242bc5d5f23beb41029,v2,unclean,vanet,CONFIRMED_NEYSAN,vanet,vanet,True,0.9997,False,0.0000,0.0000,0.0002,0.0000,0.0000,0.0000,0.0000,0.9997
541,v2/unclean/vanet/201847206.jpg,6e0c926c0bc42a933202809b53140137a420dc6796bc3a0d56b1d1187c95cf80,v2,unclean,vanet,CONFIRMED_NEYSAN,vanet,vanet,True,0.9983,False,0.0000,0.0000,0.0001,0.0015,0.0002,0.0000,0.0000,0.9983
542,v2/unclean/vanet/202308812.jpg,c36e78feb266e9a138d71e80219cab2f6e51add35cae37d11090857ff10a0380,v2,unclean,vanet,CONFIRMED_NEYSAN,vanet,vanet,True,0.9992,False,0.0000,0.0000,0.0000,0.0000,0.0007,0.0000,0.0000,0.9992
543,v2/unclean/vanet/202980222.jpg,701ab28142031fd74b64e1281ff41e7323f1e96167372d0c0f9dc04280d5362b,v2,unclean,vanet,CONFIRMED_NEYSAN,vanet,vanet,True,0.7213,True,0.0002,0.0003,0.0313,0.0024,0.2373,0.0069,0.0004,0.7213
544,v2/unclean/vanet/205193554.jpg,52c938cff17ff5337e0927b52f27760a18cd2c75ba7990c399f01906f20f87d8,v2,unclean,vanet,CONFIRMED_NEYSAN,vanet,vanet,True,0.9385,False,0.0028,0.0000,0.0469,0.0037,0.0074,0.0002,0.0005,0.9385
545,v2/unclean/vanet/205354707.jpg,b272da62cd9784c8a9ec3bd611d654993a720b21d1651a48af824c53271a801c,v2,unclean,vanet,CONFIRMED_NEYSAN,vanet,vanet,True,0.9998,False,0.0000,0.0000,0.0000,0.0001,0.0001,0.0000,0.0000,0.9998
546,v2/unclean/vanet/205359219.jpg,61a453cf06731383e7283418551f7f64fe3cf21dfbae5bd8f9199698da9f980b,v2,unclean,vanet,CONFIRMED_NEYSAN,vanet,vanet,True,0.9989,False,0.0001,0.0000,0.0000,0.0003,0.0007,0.0000,0.0000,0.9989
547,v2/unclean/vanet/205720297.jpg,a2c9a2e11089f4acae7cab967144c62b53cf78930fc887484f890bccd7825b4d,v2,unclean,vanet,CONFIRMED_NEYSAN,vanet,vanet,True,0.9403,False,0.0006,0.0000,0.0487,0.0002,0.0101,0.0000,0.0001,0.9403
548,v2/unclean/vanet/205765142.jpg,8c7d7d5d685826c665612f3549f28703174044f9856597ed78da7a919e5a4fbf,v2,unclean,vanet,CONFIRMED_NEYSAN,vanet,vanet,True,0.9430,False,0.0131,0.0001,0.0191,0.0157,0.0076,0.0008,0.0005,0.9430
549,v2/unclean/vanet/205814375.jpg,84cc6ee22f1bc3853c79360c44c0a4ac305c2ce40c3c624d0987d65cf2fb99d0,v2,unclean,vanet,CONFIRMED_NEYSAN,vanet,vanet,True,0.8494,True,0.0004,0.0000,0.0033,0.0000,0.1468,0.0000,0.0001,0.8494
550,v2/unclean/vanet/205839665.jpg,a5b3960658c0c6a89c44a96d9642d2e6bd326415f038ac45084532e791bba550,v2,unclean,vanet,CONFIRMED_NEYSAN,vanet,vanet,True,0.9996,False,0.0000,0.0000,0.0001,0.0003,0.0000,0.0000,0.0000,0.9996
551,v2/unclean/vanet/206621017.jpg,2cc42fdbbd6b50c031f14505f8b2fdc5da4cc27d5162f23795942e40c039ad86,v2,unclean,vanet,CONFIRMED_NEYSAN,vanet,vanet,True,0.9560,False,0.0024,0.0000,0.0047,0.0115,0.0216,0.0001,0.0035,0.9560
552,v2/unclean/vanet/206621338.jpg,99617ed87bfbcec4a5471d8f6e991e1d469e26352cbf2bbcc2f1c318c34a42bc,v2,unclean,vanet,CONFIRMED_NEYSAN,vanet,vanet,True,0.9988,False,0.0000,0.0000,0.0002,0.0000,0.0009,0.0000,0.0000,0.9988
553,v2/unclean/vanet/206651635.jpg,384ce27edf0040aa93883bf9cecb3545d050a72e17ec1daf90f51ba23dc9968d,v2,unclean,vanet,CONFIRMED_NEYSAN,vanet,kamyun,False,0.3765,True,0.0006,0.1009,0.3765,0.0069,0.0842,0.1636,0.0686,0.1988
554,v2/unclean/vanet/207079360.jpg,f3fd691c0188d7328b0b119bff4ecd0c29a4ab086efc9915214c5011ea3f7dd7,v2,unclean,vanet,CONFIRMED_NEYSAN,vanet,vanet,True,0.6544,True,0.0263,0.0003,0.0328,0.0077,0.2020,0.0653,0.0112,0.6544
555,v2/unclean/vanet/207142715.jpg,d40a944e2b24ec5d11561f23e2a29fb4bc2eda5b1e6e4364e0c02bb06c56969b,v2,unclean,vanet,CONFIRMED_NEYSAN,vanet,vanet,True,0.9915,False,0.0000,0.0000,0.0001,0.0000,0.0076,0.0007,0.0001,0.9915
556,v2/unclean/vanet/207596603.jpg,fe1eb10659baeb58966252e571ad7f2160bb85825eef07aadc5ff2a932c85b76,v2,unclean,vanet,CONFIRMED_NEYSAN,vanet,kamyunet,False,0.4887,True,0.0003,0.0001,0.0755,0.4887,0.1362,0.0059,0.0048,0.2885
557,v2/unclean/vanet/207846586.jpg,b10844133ebb4286056dfb73ba350cc7ff90187f86d32eca4d0d224dbbf93cab,v2,unclean,vanet,CONFIRMED_NEYSAN,vanet,vanet,True,0.9975,False,0.0003,0.0000,0.0003,0.0006,0.0007,0.0005,0.0001,0.9975
558,v2/unclean/vanet/207861786.jpg,9915e4549854c08ac2986b8f81e3d4db726e9a1fedd135598e86250e3ed31dde,v2,unclean,vanet,CONFIRMED_NEYSAN,vanet,vanet,True,0.8244,True,0.0000,0.0000,0.0012,0.1717,0.0020,0.0001,0.0007,0.8244
559,v2/unclean/vanet/207965767.jpg,67240d8eeb8b23768463618137daa1c50ec484d5b01795765addf22329c428f6,v2,unclean,vanet,CONFIRMED_NEYSAN,vanet,vanet,True,0.6013,True,0.0002,0.0029,0.0628,0.1059,0.0007,0.2253,0.0008,0.6013
560,v2/unclean/vanet/207974100.jpg,075f06473379df74eea66283ab98545368beb4913fd256ab097e6a83612c34ac,v2,unclean,vanet,CONFIRMED_NEYSAN,vanet,vanet,True,0.9992,False,0.0000,0.0000,0.0000,0.0006,0.0000,0.0002,0.0000,0.9992
561,v2/unclean/vanet/208031990.jpg,25a79c7b95033bdeefba921f2bb85fa0658fd8f8fa7dab2955b9423a3cfcfa7a,v2,unclean,vanet,CONFIRMED_NEYSAN,vanet,vanet,True,0.9933,False,0.0000,0.0000,0.0019,0.0003,0.0045,0.0000,0.0000,0.9933
562,v2/unclean/vanet/208044083.jpg,e06c042b64bb2ab2d57c361344e3ea7fe9e39837c3b33246c1b69c647d390c0d,v2,unclean,vanet,CONFIRMED_NEYSAN,vanet,vanet,True,0.6186,True,0.0002,0.0001,0.0123,0.0157,0.3521,0.0003,0.0007,0.6186
563,v2/unclean/vanet/208091182.jpg,41c109cda3f51dbb5d58d148212683913e4cdfc0bb758042e850c4c934ffd975,v2,unclean,vanet,CONFIRMED_NEYSAN,vanet,vanet,True,0.3991,True,0.0000,0.0000,0.2318,0.0587,0.3102,0.0000,0.0002,0.3991
564,v2/unclean/vanet/208270780.jpg,087c26132711931e5d1925febb18b9b4bafda7abdd972c09311d6d8f9aec85fb,v2,unclean,vanet,CONFIRMED_NEYSAN,vanet,vanet,True,0.9973,False,0.0003,0.0000,0.0017,0.0002,0.0000,0.0005,0.0000,0.9973
565,v2/unclean/vanet/208296936.jpg,81a07910a69aee6cd358f7f1bf01959bbf24f9d56e52b898514dc42e12f30103,v2,unclean,vanet,CONFIRMED_NEYSAN,vanet,vanet,True,0.9984,False,0.0001,0.0000,0.0001,0.0001,0.0001,0.0013,0.0000,0.9984
566,v2/unclean/vanet/208337677.jpg,aaea35106e079962d20682968344990d78ab4927c2e3bb3d4c4157c704d3d0c8,v2,unclean,vanet,CONFIRMED_NEYSAN,vanet,vanet,True,0.9998,False,0.0000,0.0000,0.0000,0.0000,0.0001,0.0000,0.0000,0.9998
567,v2/unclean/vanet/208529735.jpg,a3d8895aae6dc42e08f65f366f721b0b405f0684efae84644c0b0ebc9bb787b2,v2,unclean,vanet,CONFIRMED_NEYSAN,vanet,vanet,True,0.9759,False,0.0006,0.0000,0.0130,0.0097,0.0006,0.0000,0.0003,0.9759
568,v2/unclean/vanet/208657736.jpg,01d909f7a542ebe4615c12b0bfbc37c467ea7b250ae14932c247aa7dd44c8ef2,v2,unclean,vanet,CONFIRMED_NEYSAN,vanet,vanet,True,0.9913,False,0.0002,0.0000,0.0002,0.0010,0.0073,0.0000,0.0000,0.9913
569,v2/unclean/vanet/209052190.jpg,d9bf9645cd7fa17e968bc4a98b36eb7606e1fa172d0cf3027c7328391428a530,v2,unclean,vanet,CONFIRMED_NEYSAN,vanet,vanet,True,0.9989,False,0.0000,0.0000,0.0003,0.0007,0.0000,0.0000,0.0000,0.9989
570,v2/unclean/vanet/209440438.jpg,f013c234182c5b1e17edc9c549cd08f4b435d05df04b41a4299724a78a420533,v2,unclean,vanet,CONFIRMED_NEYSAN,vanet,vanet,True,0.9899,False,0.0000,0.0000,0.0100,0.0000,0.0001,0.0000,0.0000,0.9899
571,v2/unclean/vanet/209500130.jpg,834b1f9f528dae7fcf27e7a17dd416fecd78f2905c02a34cb284e69745470b33,v2,unclean,vanet,CONFIRMED_NEYSAN,vanet,vanet,True,0.9422,False,0.0001,0.0002,0.0060,0.0017,0.0440,0.0050,0.0008,0.9422
572,v2/unclean/vanet/209726658.jpg,75b4814ed270a53d1a693e73cfd0c9d86d5aec26d81df14723ae6ba758c67f9a,v2,unclean,vanet,CONFIRMED_NEYSAN,vanet,vanet,True,0.9644,False,0.0052,0.0000,0.0013,0.0205,0.0001,0.0063,0.0022,0.9644
573,v2/unclean/vanet/209749493.jpg,4c268cd485320b67937a13fd6903690bf2c0ce9d0cf04df1e6c5566568252f55,v2,unclean,vanet,CONFIRMED_NEYSAN,vanet,vanet,True,0.9978,False,0.0001,0.0000,0.0018,0.0002,0.0000,0.0001,0.0001,0.9978
574,v2/unclean/vanet/210819242.jpg,781030a0affa298c6e01fbb5a8a3b72b03c12f381a0ab29d1f0758d5e521a7b0,v2,unclean,vanet,CONFIRMED_NEYSAN,vanet,taxi,False,0.3056,True,0.0004,0.1260,0.2171,0.0021,0.0473,0.0258,0.3056,0.2757
575,v2/unclean/vanet/211048353.jpg,72defd06aac55734d268e7c4774207eda7f9965ad74506cc5c9359f536f2e2e0,v2,unclean,vanet,CONFIRMED_NEYSAN,vanet,vanet,True,0.9958,False,0.0005,0.0000,0.0002,0.0001,0.0029,0.0004,0.0001,0.9958
576,v2/unclean/vanet/211529650.jpg,81649dbe58b15eb8d2c1638267b37d16203530d397a98821b69cca4217337f6c,v2,unclean,vanet,CONFIRMED_NEYSAN,vanet,kamyun,False,0.6855,True,0.0001,0.0012,0.6855,0.2290,0.0421,0.0000,0.0001,0.0421
577,v2/unclean/vanet/211742372.jpg,6e8c2532a5802af9e9fcd98af6bf9a34b3ac5cf7b84714b0cc9e9bcb9131843e,v2,unclean,vanet,CONFIRMED_NEYSAN,vanet,vanet,True,0.9913,False,0.0003,0.0000,0.0003,0.0051,0.0003,0.0022,0.0005,0.9913
578,v2/unclean/vanet/212002204.jpg,d6c30acefc3ee5a43b1fadd9fc2d3e91fc5b2c276c1cac29dcccbbfe5183f4a5,v2,unclean,vanet,CONFIRMED_NEYSAN,vanet,vanet,True,0.9995,False,0.0000,0.0000,0.0001,0.0000,0.0004,0.0000,0.0000,0.9995
579,v2/unclean/vanet/212037438.jpg,242394515317fc6c351bc9589614e9ca4bdbe6ee65de8785e574d12f7ba37f70,v2,unclean,vanet,CONFIRMED_NEYSAN,vanet,vanet,True,1.0000,False,0.0000,0.0000,0.0000,0.0000,0.0000,0.0000,0.0000,1.0000
580,v2/unclean/vanet/212164480.jpg,763dde6c3983588da24bcd4c195b484932aa55f2dc1ac7388861eddf848cd2e5,v2,unclean,vanet,CONFIRMED_NEYSAN,vanet,vanet,True,0.9992,False,0.0000,0.0000,0.0003,0.0001,0.0002,0.0001,0.0001,0.9992
581,v2/unclean/vanet/212228652.jpg,3d902359a0c914dbda643e475e344637029fff4fceb0562c7e16e04fbe10e018,v2,unclean,vanet,CONFIRMED_NEYSAN,vanet,vanet,True,0.9999,False,0.0000,0.0000,0.0000,0.0001,0.0000,0.0000,0.0000,0.9999
582,v2/unclean/vanet/212397930.jpg,552e38d4d08732416a447359729e02f6b2816adb5d6203e8761e2a2a847a2824,v2,unclean,vanet,CONFIRMED_NEYSAN,vanet,savari,False,0.9994,False,0.0000,0.0002,0.0000,0.0004,0.0000,0.9994,0.0000,0.0001
583,v2/unclean/vanet/212462069.jpg,cad64ae32909a8b2d7c6e14ff11ebfa1a448740c97e5517f4f780445c57e4930,v2,unclean,vanet,CONFIRMED_NEYSAN,vanet,savari,False,0.9985,False,0.0000,0.0001,0.0000,0.0000,0.0000,0.9985,0.0001,0.0013
584,v2/unclean/vanet/212794066.jpg,da078275ec24e814c595d6ee9503d5f093e395823f02b217af2bb7ea5d8bce16,v2,unclean,vanet,CONFIRMED_NEYSAN,vanet,vanet,True,0.9695,False,0.0000,0.0000,0.0001,0.0304,0.0000,0.0000,0.0000,0.9695
585,v2/unclean/vanet/213250902.jpg,3cca89dc6f32539a08023f6fcdc7783614e7f18261cbabb335a54c2ad05a79ee,v2,unclean,vanet,CONFIRMED_NEYSAN,vanet,vanet,True,0.9999,False,0.0000,0.0000,0.0000,0.0000,0.0000,0.0000,0.0000,0.9999
586,v2/unclean/vanet/213498106.jpg,9cb3c0de8e769219239e3b5331dc03ce4bbfb3ec21edb4bbf6b356a867fd3450,v2,unclean,vanet,CONFIRMED_NEYSAN,vanet,vanet,True,0.5983,True,0.0000,0.0000,0.3825,0.0106,0.0084,0.0000,0.0001,0.5983
587,v2/unclean/vanet/213802809.jpg,b0ef1f0677ec40e2f9d8419275990e3e104fd5fe55347049e411652b03ec9b74,v2,unclean,vanet,CONFIRMED_NEYSAN,vanet,vanet,True,0.9963,False,0.0002,0.0000,0.0026,0.0003,0.0007,0.0000,0.0001,0.9963
588,v2/unclean/vanet/213961662.jpg,861b143c3f9867582b5068fd03ddd802a4ae7727a8d0c5ebcfbee800fbe4c5e2,v2,unclean,vanet,CONFIRMED_NEYSAN,vanet,vanet,True,0.9831,False,0.0029,0.0000,0.0001,0.0134,0.0002,0.0000,0.0003,0.9831
589,v2/unclean/vanet/214415720.jpg,e066d200d0270e6e277f08c29229311b0e2586687731112d8fd1cbab4e1992c7,v2,unclean,vanet,CONFIRMED_NEYSAN,vanet,vanet,True,0.9249,False,0.0013,0.0000,0.0075,0.0022,0.0633,0.0001,0.0007,0.9249
590,v2/unclean/vanet/214543167.jpg,96dce6bfd5f4109a1525ed3d97d765e8035a1b040b9aec16609651588db23464,v2,unclean,vanet,CONFIRMED_NEYSAN,vanet,vanet,True,0.9924,False,0.0001,0.0000,0.0006,0.0069,0.0001,0.0000,0.0000,0.9924
591,v2/unclean/vanet/214628303.jpg,5b73204abfd8ef0d2a141779f70318864f5a85c803650eb20ea9d51905ca69cb,v2,unclean,vanet,CONFIRMED_NEYSAN,vanet,vanet,True,0.7367,True,0.0007,0.0000,0.2611,0.0001,0.0013,0.0000,0.0001,0.7367
592,v2/unclean/vanet/214704493.jpg,c7bf48561d82e56c85a43210716e81feb56cf4bd29c484c9c5a6ff8bc4ec7e87,v2,unclean,vanet,CONFIRMED_NEYSAN,vanet,minibus,False,0.5820,True,0.0009,0.0132,0.0521,0.0148,0.5820,0.0000,0.0030,0.3340
593,v2/unclean/vanet/214710884.jpg,a3e1ffb9adccb4c166891ee08705526a66c0a808caf8ee97a50822f0e306079f,v2,unclean,vanet,CONFIRMED_NEYSAN,vanet,vanet,True,0.9876,False,0.0001,0.0000,0.0017,0.0101,0.0002,0.0000,0.0002,0.9876
594,v2/unclean/vanet/215297064.jpg,46f036b9fa3ad8b3574638022e60ce3288262c8c9f1dece2acba5fb7f8c5aef4,v2,unclean,vanet,CONFIRMED_NEYSAN,vanet,vanet,True,0.9041,False,0.0008,0.0000,0.0923,0.0007,0.0017,0.0001,0.0003,0.9041
595,v2/unclean/vanet/215726436.jpg,2ff5f4b9bb3b1a3db7da3f045d5542620ff59d162314f7a240568ee285ab56d8,v2,unclean,vanet,CONFIRMED_NEYSAN,vanet,vanet,True,0.9707,False,0.0006,0.0000,0.0133,0.0148,0.0004,0.0000,0.0003,0.9707
596,v2/unclean/vanet/215780374.jpg,21519b7c4ddcc0227c9cf4fd396f4615d5a50251a9bbe73d9b27c7b3a5ae1177,v2,unclean,vanet,CONFIRMED_NEYSAN,vanet,vanet,True,0.9996,False,0.0001,0.0000,0.0002,0.0000,0.0001,0.0000,0.0000,0.9996
597,v2/unclean/vanet/215880051.jpg,ccf5622a72d9289daff3700d2fc2b784e5464c58a28f35911980cee814b8ef05,v2,unclean,vanet,CONFIRMED_NEYSAN,vanet,vanet,True,0.8915,True,0.0011,0.0000,0.0017,0.0065,0.0833,0.0061,0.0098,0.8915
598,v2/unclean/vanet/215976038.jpg,efc5bdbbf2d8af2161fa457f15c5be3172a0c4788afc4544fed784a261b2f856,v2,unclean,vanet,CONFIRMED_NEYSAN,vanet,ambulance,False,0.3936,True,0.3936,0.0000,0.0087,0.0011,0.1804,0.0005,0.0307,0.3849
599,v2/unclean/vanet/216119284.jpg,dc9bd0c1b2f30f51a539c39c758fc195f66f69c076cca585822b227c396d1383,v2,unclean,vanet,CONFIRMED_NEYSAN,vanet,kamyun,False,0.7416,True,0.0000,0.0000,0.7416,0.0213,0.0003,0.0000,0.0000,0.2368
600,v2/unclean/vanet/216688804.jpg,8ca8a9265e16ed207dc00739d8ee832ca878166bcbf75648ac0d2b592ff24f7f,v2,unclean,vanet,CONFIRMED_NEYSAN,vanet,vanet,True,0.9747,False,0.0087,0.0000,0.0011,0.0000,0.0115,0.0015,0.0024,0.9747
601,v2/unclean/vanet/216755502.jpg,c5ccc059a36430e61037522eeffbd3069d5634898150af1146430bb4ac1d2309,v2,unclean,vanet,CONFIRMED_NEYSAN,vanet,vanet,True,0.9996,False,0.0000,0.0000,0.0002,0.0002,0.0000,0.0000,0.0000,0.9996
602,v2/unclean/vanet/216766888.jpg,5a9b0db8ada2038ed41f52b242dd34d2d7f06abc1e81d971f2e5d5723e1ce2df,v2,unclean,vanet,CONFIRMED_NEYSAN,vanet,vanet,True,0.9997,False,0.0000,0.0000,0.0001,0.0000,0.0001,0.0000,0.0000,0.9997
603,v2/unclean/vanet/216896507.jpg,7fe7400479a9b562b64b28b108d278799c53ba1318030e000e4426f956d6a140,v2,unclean,vanet,CONFIRMED_NEYSAN,vanet,kamyunet,False,0.3888,True,0.0031,0.0001,0.0222,0.3888,0.1875,0.0055,0.0867,0.3062
604,v2/unclean/vanet/217212790.jpg,99c83f3763efe1d59e266f6f81f32e7f17d39bb1a11623154ac23a06b6e60187,v2,unclean,vanet,CONFIRMED_NEYSAN,vanet,vanet,True,0.9854,False,0.0001,0.0000,0.0031,0.0014,0.0001,0.0017,0.0081,0.9854
605,v2/unclean/vanet/217412296.jpg,ac12bac26856715b550f8846fac64cca9fd61d1841dbbe0a8db2f57ee8ccf446,v2,unclean,vanet,CONFIRMED_NEYSAN,vanet,savari,False,0.8073,True,0.0000,0.1667,0.0069,0.0041,0.0008,0.8073,0.0135,0.0006
606,v2/unclean/vanet/217426680.jpg,388f051f16945fab4ba0ebab9187d0d632bcc268b3d95d3696f7912fbb2a880b,v2,unclean,vanet,CONFIRMED_NEYSAN,vanet,vanet,True,0.4675,True,0.0125,0.0001,0.1248,0.0733,0.3108,0.0000,0.0109,0.4675
607,v2/unclean/vanet/217684475.jpg,b07918077d8f31703896c74b726419a53eb78c791b8b854415c3e6f5260fd7eb,v2,unclean,vanet,CONFIRMED_NEYSAN,vanet,vanet,True,0.7292,True,0.0000,0.0002,0.0600,0.0006,0.2071,0.0019,0.0009,0.7292
608,v2/unclean/vanet/217770313.jpg,68fbeaddc9385c9fc6ea39a4463e70735bca2ca6bb1713bdfaaff88cd4bc6db7,v2,unclean,vanet,CONFIRMED_NEYSAN,vanet,vanet,True,0.9998,False,0.0000,0.0000,0.0000,0.0001,0.0000,0.0001,0.0000,0.9998
609,v2/unclean/vanet/217961793.jpg,bc0c0dc73d32e2bb30c55b919223169066ea59717a8c1061498757731e604bde,v2,unclean,vanet,CONFIRMED_NEYSAN,vanet,vanet,True,0.9780,False,0.0008,0.0000,0.0098,0.0019,0.0086,0.0001,0.0009,0.9780
610,v2/unclean/vanet/218015373.jpg,d1fde6e8fb17997de62ecac93bb1af5f643cce5bacdf179868d518f8e4f1604d,v2,unclean,vanet,CONFIRMED_NEYSAN,vanet,vanet,True,0.9981,False,0.0000,0.0000,0.0001,0.0017,0.0001,0.0000,0.0000,0.9981
611,v2/unclean/vanet/218216229.jpg,8d86e4295f9989b718c2a054f64233037b6336f47cc747f97a7ba253ff9ad784,v2,unclean,vanet,CONFIRMED_NEYSAN,vanet,vanet,True,0.9973,False,0.0000,0.0000,0.0001,0.0000,0.0019,0.0005,0.0001,0.9973
612,v2/unclean/vanet/218383178.jpg,263105ac0e6ffd9d7e04b5c0ca55085621613da2b8b412dd9da066fb4f9b3d92,v2,unclean,vanet,CONFIRMED_NEYSAN,vanet,vanet,True,0.9533,False,0.0460,0.0000,0.0003,0.0000,0.0000,0.0004,0.0001,0.9533
613,v2/unclean/vanet/218530330.jpg,fc37fbf30950712482abe7f0ce4867c2e9856e8d8cec1a2ff98080ec7e9af422,v2,unclean,vanet,CONFIRMED_NEYSAN,vanet,vanet,True,0.9196,False,0.0000,0.0000,0.0003,0.0003,0.0780,0.0016,0.0002,0.9196
614,v2/unclean/vanet/218692911.jpg,8a7e23d265a2b68c254952aaec243d081827131b756d7a40938e2d768d5c1416,v2,unclean,vanet,CONFIRMED_NEYSAN,vanet,vanet,True,0.9943,False,0.0002,0.0000,0.0001,0.0001,0.0024,0.0007,0.0022,0.9943
615,v2/unclean/vanet/218701154.jpg,4cf5d6fc1bcb9f95a1912fe4fcd296abdfdca98cab41b2ce4a153dabc8dfcdef,v2,unclean,vanet,CONFIRMED_NEYSAN,vanet,vanet,True,0.8041,True,0.0003,0.0002,0.1614,0.0310,0.0024,0.0000,0.0005,0.8041
616,v2/unclean/vanet/218733711.jpg,a4c1c8aa34caebaa898710cb18890c950624f432550b08f27273cd4d00ebe267,v2,unclean,vanet,CONFIRMED_NEYSAN,vanet,vanet,True,1.0000,False,0.0000,0.0000,0.0000,0.0000,0.0000,0.0000,0.0000,1.0000
617,v2/unclean/vanet/218769882.jpg,6bd991fad83ba6d42636f96833413db4b0502ea1c05be62520be9fee1f376529,v2,unclean,vanet,CONFIRMED_NEYSAN,vanet,vanet,True,0.9997,False,0.0000,0.0000,0.0001,0.0000,0.0002,0.0000,0.0000,0.9997
618,v2/unclean/vanet/218807829.jpg,08789671b7589c7b6800af94a1031ec8b80b6f61b8f9100b9fde61d78b92f2dc,v2,unclean,vanet,CONFIRMED_NEYSAN,vanet,vanet,True,0.9963,False,0.0010,0.0000,0.0001,0.0023,0.0001,0.0000,0.0002,0.9963
619,v2/unclean/vanet/218879049.jpg,50bb6d33db5ca36668d64fd113e6c2f2f5180ffd212c476f4242e08d3b97d212,v2,unclean,vanet,CONFIRMED_NEYSAN,vanet,vanet,True,0.9998,False,0.0000,0.0000,0.0000,0.0001,0.0000,0.0000,0.0000,0.9998
620,v2/unclean/vanet/218932038.jpg,6701f085a5eb467ff64e02d1900db5c1a1267e0dc5c1dfb92ce2ee784f4ad247,v2,unclean,vanet,CONFIRMED_NEYSAN,vanet,vanet,True,0.9982,False,0.0000,0.0000,0.0000,0.0000,0.0017,0.0001,0.0000,0.9982
621,v2/unclean/vanet/218984663.jpg,6568d0d4e251273652f2b704b68551f12e8b618622f3bc0405cbc4a80d9c87d2,v2,unclean,vanet,CONFIRMED_NEYSAN,vanet,vanet,True,0.9983,False,0.0001,0.0000,0.0000,0.0002,0.0001,0.0013,0.0001,0.9983
