index,path,sha256,basis,origin_split,source,subgroup,visibility_group,expected_model_label,predicted_class,predicted_is_vanet,confidence,confidence_full,needs_review,outcome,p_ambulance,p_autobus,p_kamyun,p_kamyunet,p_minibus,p_savari,p_taxi,p_vanet
1,v1/test/vanet/195003645.jpg,83e0ab20e8cc5e523934208a0a3e8a9344d39435b62e5f5a4d1a58224834d3e2,CONFIRMED_NEYSAN,test,v1,CONFIRMED_V1TEST,,vanet,vanet,True,0.9988,0.9987792372703552,False,silent_acceptance,2.2766492691062012e-07,2.450218361538248e-10,2.8799684059777064e-06,0.00014926538278814405,5.153091933607357e-06,9.240540748578496e-06,0.001054007443599403,0.9987792372703552
2,v1/test/vanet/197277284.jpg,880482f433bdfeec58db5d30f0f57f5c1fc36bf2ff471ec1ae6989da58314929,CONFIRMED_NEYSAN,test,v1,CONFIRMED_V1TEST,,vanet,vanet,True,0.9996,0.9995760321617126,False,silent_acceptance,6.583514959856984e-07,2.452742522973672e-11,5.794394019176252e-05,4.5648932427866384e-05,4.816917225980433e-06,1.0656433460098924e-06,0.0003138091997243464,0.9995760321617126
3,v1/test/vanet/197500908.jpg,4745132670d92f2228372250e34087d1d191e2289f987a41bd3f4df0f2690ed9,CONFIRMED_NEYSAN,test,v1,CONFIRMED_V1TEST,,vanet,vanet,True,0.9999,0.9999178647994995,False,silent_acceptance,2.989756922033848e-07,1.6908508013863122e-12,1.096636424335884e-06,2.9031339181528892e-06,7.024780643405393e-05,6.527747586915211e-08,7.531363280577352e-06,0.9999178647994995
4,v1/test/vanet/198081331.jpg,144ff7719f7349582026536ed6c1b4d5d0fd9b568f3dc3628e4883954a90abed,CONFIRMED_NEYSAN,test,v1,CONFIRMED_V1TEST,,vanet,vanet,True,0.9946,0.9945986270904541,False,silent_acceptance,8.099244297454788e-08,3.352455119065567e-11,5.029132353229215e-06,0.005046055186539888,0.0001709740172373131,3.360768774385292e-09,0.00017924263374879956,0.9945986270904541
5,v1/test/vanet/198532786.jpg,6d8a0926eafa064da97c55fa48a62b42e5588b41fb7a742696c510d383f5ebc2,CONFIRMED_NEYSAN,test,v1,CONFIRMED_V1TEST,,vanet,vanet,True,0.7848,0.7847973704338074,True,sent_to_review,0.016462385654449463,1.4351559229908162e-06,0.007520135026425123,0.005192912649363279,0.18484558165073395,2.484307060512947e-06,0.0011776710161939263,0.7847973704338074
6,v1/test/vanet/200792774.jpg,cd67a268e3be1ae75e491b8c7722759fd66b3d8c8c645f17ee74acd2cdbc651b,CONFIRMED_NEYSAN,test,v1,CONFIRMED_V1TEST,,vanet,vanet,True,0.9883,0.9883006811141968,False,silent_acceptance,0.00016369175864383578,8.453526767482344e-09,0.007704530376940966,0.0035940688103437424,0.00023044533736538142,6.956988585216095e-08,6.519127055071294e-06,0.9883006811141968
7,v1/test/vanet/203362157.jpg,64d5649ec732cef3936b0bca641dc62afef0fb9e83a9dc5a67e3ef965b035441,CONFIRMED_NEYSAN,test,v1,CONFIRMED_V1TEST,,vanet,vanet,True,0.9957,0.9957186579704285,False,silent_acceptance,4.461853677639738e-06,6.428665932922684e-10,7.992113637556031e-07,0.0029729995876550674,0.0012873334344476461,1.2288477080346638e-07,1.5575435099890456e-05,0.9957186579704285
8,v1/test/vanet/203938980.jpg,72a2ad2ea7ca11aeb4b880c128ac3f8e1e325c61873dd87fd66872dfe06c15bd,CONFIRMED_NEYSAN,test,v1,CONFIRMED_V1TEST,,vanet,vanet,True,0.9995,0.9994798302650452,False,silent_acceptance,1.9458727820165223e-06,5.119075163761977e-10,0.00015800823166500777,3.796615783357993e-05,0.00032206237665377557,9.720603877383382e-09,1.9630365954981244e-07,0.9994798302650452
9,v1/test/vanet/204405545.jpg,3e19d4013e7734d0b4cd7d777012d6181c44842c87dc21d896c2f8bcfcfac935,CONFIRMED_NEYSAN,test,v1,CONFIRMED_V1TEST,,vanet,vanet,True,0.9985,0.9985209107398987,False,silent_acceptance,1.8992512195836753e-05,5.214723097779483e-10,2.9871991955587873e-06,0.0012591988779604435,0.00010799240408232436,8.404959572771986e-08,8.989202615339309e-05,0.9985209107398987
10,v1/test/vanet/205788026.jpg,176b5d67653db5dfee1d1b47c84a3f1ed129f0ed8006e41b94ee1dd43004a585,CONFIRMED_NEYSAN,test,v1,CONFIRMED_V1TEST,,vanet,vanet,True,0.9991,0.9990691542625427,False,silent_acceptance,3.50859081663657e-05,5.579744999373304e-10,5.66418566450011e-05,0.0004586625727824867,0.00036285840906202793,2.7285114168051905e-09,1.761565545166377e-05,0.9990691542625427
11,v1/test/vanet/206157146.jpg,b200ef2f2d31b46ce94dd924f449795abb4ae42b41660a13878ffe3ad96aa702,CONFIRMED_NEYSAN,test,v1,CONFIRMED_V1TEST,,vanet,vanet,True,0.9941,0.994102418422699,False,silent_acceptance,6.057866812625434e-06,8.750890012620971e-10,0.0007841750048100948,0.0048503391444683075,1.1690704013744835e-05,9.96973170686033e-09,0.0002453401975799352,0.994102418422699
12,v1/test/vanet/207089258.jpg,41db7492a28a3dc4dff4df7a2bbe026f9c9ebff568ffa3abb17e13e4ce2f9b18,CONFIRMED_NEYSAN,test,v1,CONFIRMED_V1TEST,,vanet,vanet,True,0.9032,0.9032014608383179,True,sent_to_review,4.7143395931925625e-05,7.084445030614006e-08,0.001259257667697966,0.07642126828432083,0.002369693713262677,4.197647285764106e-06,0.016696874052286148,0.9032014608383179
13,v1/test/vanet/207588795.jpg,5c8c91791f617904e60d91374f22b3eda856877adee710062b4b9b243c777561,CONFIRMED_NEYSAN,test,v1,CONFIRMED_V1TEST,,vanet,vanet,True,0.9999,0.9998748302459717,False,silent_acceptance,4.860466106038075e-06,9.764348617852248e-13,1.4558470873282658e-08,8.309831173392013e-05,3.698104410432279e-05,1.0643325332182485e-08,2.3433389628735313e-07,0.9998748302459717
14,v1/test/vanet/207864719.jpg,44ee22fdf37693d3959723f4d26437758d5496e289c5374a40a4c3f5de5a4033,CONFIRMED_NEYSAN,test,v1,CONFIRMED_V1TEST,,vanet,vanet,True,0.9622,0.9622157216072083,False,silent_acceptance,9.284599946113303e-05,1.2626927059500304e-07,9.727402812131913e-07,0.005726009141653776,0.003726944560185075,1.2107166185160168e-05,0.028225356712937355,0.9622157216072083
15,v1/test/vanet/208195180.jpg,88dc03d36ce95fdc3135530ee41ba264c4c7277da2367e9687e5c9ba6c1087ad,CONFIRMED_NEYSAN,test,v1,CONFIRMED_V1TEST,,vanet,vanet,True,0.9910,0.9909676909446716,False,silent_acceptance,0.00011224251647945493,1.347333888901403e-08,2.0407843237535417e-07,0.00020880957890767604,0.00010816546273417771,6.781256161048077e-06,0.008596135303378105,0.9909676909446716
16,v1/test/vanet/208431179.jpg,bd3ebaffd41a362453fed6dee11f984d571d800dc54b5ee058b60d8bd432d83e,CONFIRMED_NEYSAN,test,v1,CONFIRMED_V1TEST,,vanet,kamyun,False,0.5767,0.5767017602920532,True,error_caught,2.4070854124147445e-05,6.452628986686193e-10,0.5767017602920532,0.0008054018835537136,0.00044108930160291493,6.27591312252207e-09,6.650287559750723e-06,0.4220210015773773
17,v1/test/vanet/209303406.jpg,7857a4177741a02d33c0233b2582f9a644ebf06f9535c70d93dabe19edb88831,CONFIRMED_NEYSAN,test,v1,CONFIRMED_V1TEST,,vanet,vanet,True,0.8054,0.8053944110870361,True,sent_to_review,0.026698799803853035,2.0839615899603814e-06,0.004122065845876932,0.1597730815410614,0.004000144079327583,6.58125827612821e-07,8.776174581726082e-06,0.8053944110870361
18,v1/test/vanet/209893847.jpg,dec57836efab2ed4b08e28babe64e62844b150e70d049be12d7ef0d37d3152a6,CONFIRMED_NEYSAN,test,v1,CONFIRMED_V1TEST,,vanet,taxi,False,0.9573,0.9573467373847961,False,confident_misclassification,5.312310804583831e-07,2.8930886575295744e-09,1.3362927120397217e-07,3.391941572772339e-05,2.1497091438504867e-05,2.6021366466011386e-06,0.9573467373847961,0.04259459674358368
19,v1/test/vanet/211397697.jpg,2fc1de8dedcbb6a5b3b0f40e4b8603ecde106b914670f1d8bfc94aa90a05c23f,CONFIRMED_NEYSAN,test,v1,CONFIRMED_V1TEST,,vanet,vanet,True,0.9950,0.9949747323989868,False,silent_acceptance,5.3402332014229614e-06,1.139046842957292e-10,4.8012345359893516e-05,0.002478410257026553,0.00241236318834126,1.1789304465992245e-07,8.097499812720343e-05,0.9949747323989868
20,v1/test/vanet/211681485.jpg,961d49c01744dbe7518ba8e79af2d13a93874dfe01fedf038b35f64bf8dbd346,CONFIRMED_NEYSAN,test,v1,CONFIRMED_V1TEST,,vanet,vanet,True,0.9206,0.9205650091171265,True,sent_to_review,1.208725825563306e-05,7.0564514231818976e-09,0.00013702883734367788,0.07470022141933441,1.3095642316329759e-05,1.1463148652524069e-08,0.004572550766170025,0.9205650091171265
21,v1/test/vanet/212205108.jpg,3df4e4c1b7602463f0ccd36ebcddb22f1b3536180b01e8bbda8653f90120be87,CONFIRMED_NEYSAN,test,v1,CONFIRMED_V1TEST,,vanet,vanet,True,0.9999,0.9998940229415894,False,silent_acceptance,1.4746387932973448e-06,1.1470262517576657e-09,7.759514915051113e-07,4.812943188881036e-06,3.9592818211531267e-05,4.781742859449878e-07,5.880113894818351e-05,0.9998940229415894
22,v1/test/vanet/212916547.jpg,aac0e4f553e398d4a8f407a6fb1fe35f179652c19b56b261030ce28a040b2c25,CONFIRMED_NEYSAN,test,v1,CONFIRMED_V1TEST,,vanet,vanet,True,1.0000,0.9999572038650513,False,silent_acceptance,2.907875796154258e-06,7.835248075349632e-12,5.2401767369758545e-09,1.4941441804694477e-05,2.014710844377987e-06,8.727474920533496e-08,2.282623427163344e-05,0.9999572038650513
23,v1/test/vanet/213393744.jpg,386aa0096afc51803e718486d6acf54121652aa285c23e19695ad73a1d31f835,CONFIRMED_NEYSAN,test,v1,CONFIRMED_V1TEST,,vanet,vanet,True,0.9857,0.9856579899787903,False,silent_acceptance,1.627420715522021e-05,7.82352174155676e-08,6.959074028145551e-08,1.53998098539887e-05,7.62025320000248e-06,0.014301602728664875,1.0009409834310645e-06,0.9856579899787903
24,v1/test/vanet/213775881.jpg,43907cc4f52221c46fd3822aeb0eb644aa870b37f67442d990d1bcb38fdc19f4,CONFIRMED_NEYSAN,test,v1,CONFIRMED_V1TEST,,vanet,vanet,True,0.9986,0.9985804557800293,False,silent_acceptance,5.810949460283155e-06,4.365436900855002e-09,4.168255691183731e-05,0.0008526681340299547,0.00026939439703710377,3.009479883075983e-07,0.00024972305982373655,0.9985804557800293
25,v1/test/vanet/214782972.jpg,99ac71c7c11ba57e66726152b5f8503f2da71d86dc521e1ff7ebd2e58e09af7d,CONFIRMED_NEYSAN,test,v1,CONFIRMED_V1TEST,,vanet,vanet,True,0.7699,0.7698601484298706,True,sent_to_review,0.00502214627340436,3.466109532723749e-08,0.0009028313797898591,0.2234891653060913,0.0007152487523853779,3.98019750491585e-07,9.993193998525385e-06,0.7698601484298706
26,v1/test/vanet/215607701.jpg,ffe511c91b48068eb85d2834d369e3fe440fe1a50d77c2715604eb2163689a23,CONFIRMED_NEYSAN,test,v1,CONFIRMED_V1TEST,,vanet,vanet,True,0.9930,0.9929904937744141,False,silent_acceptance,1.7593538359506056e-05,1.029885638575978e-11,1.245314888365101e-05,0.006852117367088795,0.00011886057473020628,1.2270707117068014e-08,8.406878805544693e-06,0.9929904937744141
27,v1/test/vanet/216727686.jpg,1293abb85afa67e7a907261c826e1a42bfd71fe36b64e03ac0b142adb88e1095,CONFIRMED_NEYSAN,test,v1,CONFIRMED_V1TEST,,vanet,savari,False,0.9081,0.9081438183784485,True,error_caught,1.1028565495507792e-05,1.4111278687778395e-05,3.1554231100017205e-05,0.0008425313862971961,0.00010838469461305067,0.9081438183784485,0.0006268714205361903,0.0902218446135521
28,v1/test/vanet/217192410.jpg,3565c05b22508b3cc8d0cc0cf886aa2311b7211166c24e88e1d76f3bd6024057,CONFIRMED_NEYSAN,test,v1,CONFIRMED_V1TEST,,vanet,vanet,True,0.8092,0.8091674447059631,True,sent_to_review,0.0006632779841311276,0.00249519944190979,0.0001873828296083957,0.0010742101585492492,0.0026496821083128452,0.16944192349910736,0.014320884831249714,0.8091674447059631
29,v1/test/vanet/217977559.jpg,40f6d11205b0dea63befdf401d8968963548a5f1489e5d0c028e63d5d0360283,CONFIRMED_NEYSAN,test,v1,CONFIRMED_V1TEST,,vanet,vanet,True,0.8763,0.8763387203216553,True,sent_to_review,0.0002839697408489883,1.5969169453455834e-06,0.06944601982831955,0.00253688869997859,0.05136994272470474,5.931902080646978e-08,2.2749412892153487e-05,0.8763387203216553
30,v1/test/vanet/218061222.jpg,27ef0b293a739e20ffd54ddba9991b2a84027c9a81aaae1200f6267b74d073f8,CONFIRMED_NEYSAN,test,v1,CONFIRMED_V1TEST,,vanet,vanet,True,0.9969,0.9969134330749512,False,silent_acceptance,1.0702608051360585e-05,2.686274813701317e-12,2.4529839492970495e-07,0.003069258527830243,3.98624615627341e-06,9.025534097872878e-09,2.3927411803015275e-06,0.9969134330749512
31,v1/test/vanet/218311235.jpg,c948f68c4b6dba153d5cec822ff81f106fe9f076d5d663e60f4e3d2017072118,CONFIRMED_NEYSAN,test,v1,CONFIRMED_V1TEST,,vanet,vanet,True,0.9976,0.9976369142532349,False,silent_acceptance,1.141772918344941e-05,7.314328627217037e-07,0.00030440062982961535,1.770983544702176e-06,3.675372136058286e-05,9.521278843749315e-05,0.0019127957057207823,0.9976369142532349
32,v1/test/vanet/218438512.jpg,8c86fc43da1b4550c5bef56466863d2a7878de1bd23765bff1c10ac4f17c9902,CONFIRMED_NEYSAN,test,v1,CONFIRMED_V1TEST,,vanet,vanet,True,0.9524,0.952368438243866,False,silent_acceptance,0.0005323741352185607,4.15669410003261e-09,0.00030258033075369895,0.03348385915160179,0.013294510543346405,1.2348160716157963e-08,1.8173510397900827e-05,0.952368438243866
33,v1/test/vanet/218886563.jpg,993094543f045e8834dcfab1bcb4b9dce1cb3211e070a64fc5f563aa6c61f652,CONFIRMED_NEYSAN,test,v1,CONFIRMED_V1TEST,,vanet,vanet,True,1.0000,0.9999631643295288,False,silent_acceptance,5.067252004664624e-07,1.8192233830482962e-10,2.5405373094145034e-07,1.4030528291186783e-05,1.3737688675519166e-07,4.7363914745801594e-07,2.1432208086480387e-05,0.9999631643295288
34,v1/test/vanet/218939947.jpg,276874fc4c2f831bdc50b1291d2de382a4a861632dbf11c45234c50576efaca3,CONFIRMED_NEYSAN,test,v1,CONFIRMED_V1TEST,,vanet,vanet,True,0.9872,0.9871808886528015,False,silent_acceptance,7.484242814825848e-05,9.275910997530445e-06,2.7129302907269448e-05,0.011498522013425827,0.00012927049829158932,0.00018086849013343453,0.0008991607464849949,0.9871808886528015
35,v1/train/vanet/194840733.jpg,0be05d3a8d9e6bfdf8e9b020ad45271e54b45d72557dd36901a47977cf103034,CONFIRMED_NEYSAN,train,v1,CONFIRMED_NOT_V1TEST,DAY_CLEAR,vanet,vanet,True,0.9043,0.9042856693267822,True,sent_to_review,0.00046729997848160565,7.91088241385296e-05,0.0715821385383606,0.012507569044828415,0.011054224334657192,5.107059450892848e-07,2.347907138755545e-05,0.9042856693267822
36,v1/train/vanet/195737410.jpg,97999bc7b3e620267e81d8604a7af66e3591ce22625acc72d2601c29c46094d1,CONFIRMED_NEYSAN,train,v1,CONFIRMED_NOT_V1TEST,DAY_CLEAR,vanet,vanet,True,0.8892,0.8891783356666565,True,sent_to_review,0.0002629796217661351,2.0271886391753924e-09,0.0012453574454411864,0.0009993539424613118,0.10829300433397293,9.039497683716036e-08,2.0897303329547867e-05,0.8891783356666565
37,v1/train/vanet/196587192.jpg,8546774e53df3dac7d6e964200e85b2825fa3e991d5dda1e63b849e6796431dd,CONFIRMED_NEYSAN,train,v1,CONFIRMED_NOT_V1TEST,DAY_CLEAR,vanet,vanet,True,0.9997,0.9997419714927673,False,silent_acceptance,1.1031881513190456e-05,1.5919484619431046e-09,0.00021796609507873654,9.213404155161697e-06,1.364095169265056e-05,2.8690405429188104e-07,5.84702047490282e-06,0.9997419714927673
38,v1/train/vanet/197030864.jpg,2bae3b75c6eb6e07b2a0adb9a9f3d6f7bf8e248ce9e937c6da3a753c6beb37e0,CONFIRMED_NEYSAN,train,v1,CONFIRMED_NOT_V1TEST,DAY_CLEAR,vanet,vanet,True,0.9900,0.9900406002998352,False,silent_acceptance,6.20899163550348e-06,2.883474223835947e-07,0.0009249510476365685,0.0037211363669484854,0.005263488739728928,1.6444975017293473e-06,4.1643459553597495e-05,0.9900406002998352
39,v1/train/vanet/197410959.jpg,a8b53f3fbdf606158ea4af986ca12b8083fde3f57c0e616ab4bed8718c32dd5c,CONFIRMED_NEYSAN,train,v1,CONFIRMED_NOT_V1TEST,DAY_CLEAR,vanet,vanet,True,0.7503,0.7503250241279602,True,sent_to_review,0.0001887054240796715,0.00011910881585208699,0.03640570119023323,0.20155656337738037,0.002949270885437727,5.285638167151774e-07,0.008455155417323112,0.7503250241279602
40,v1/train/vanet/197642949.jpg,49c8e33e76ffde1538d35ecd1eb2dd501b90de056d13f289731e88d9a7161c3b,CONFIRMED_NEYSAN,train,v1,CONFIRMED_NOT_V1TEST,DAY_CLEAR,vanet,vanet,True,0.8801,0.8800863027572632,True,sent_to_review,0.0003410632780287415,1.5024197352886404e-07,0.10712482780218124,0.002260587876662612,0.00250654062256217,1.917848067023442e-06,0.007678595371544361,0.8800863027572632
41,v1/train/vanet/197702697.jpg,e150e37e3ca3d07acb520212a78529d6451d20b1cd24abfdc1f27feb57d60307,CONFIRMED_NEYSAN,train,v1,CONFIRMED_NOT_V1TEST,DAY_PARTIAL_OR_NOT_OBSERVABLE,vanet,vanet,True,0.9944,0.9944360256195068,False,silent_acceptance,1.422880473000987e-06,1.8761449338544622e-10,9.352570486953482e-06,0.0016870035324245691,6.868986019981094e-06,8.713776651347871e-07,0.003858410520479083,0.9944360256195068
42,v1/train/vanet/197762795.jpg,fc529d22e97082431ef9aea047abaf0a7c5aff5a01a7a2e9842563b2e373335b,CONFIRMED_NEYSAN,train,v1,CONFIRMED_NOT_V1TEST,LOW_LIGHT_UNCLEAR,vanet,vanet,True,0.9999,0.9999372959136963,False,silent_acceptance,1.987550604098942e-06,1.2140211058664363e-10,8.382144756069465e-09,2.17736874219554e-06,2.4171149561880156e-05,1.2452550208763569e-06,3.314192872494459e-05,0.9999372959136963
43,v1/train/vanet/198521244.jpg,ed70f14acce803c8820313ed363eccd438c2c09007798fd3bc4858c08031c7d9,CONFIRMED_NEYSAN,train,v1,CONFIRMED_NOT_V1TEST,DAY_CLEAR,vanet,vanet,True,0.9976,0.9975690245628357,False,silent_acceptance,0.0006056937854737043,7.623359721264933e-08,7.768966497678775e-06,7.732385711278766e-06,0.0015475403051823378,7.766448106849566e-06,0.0002543565060477704,0.9975690245628357
44,v1/train/vanet/199411077.jpg,dd3c89ba14a133c5f7155c432b27b7ed8945e3085135c5705e0e5b8508707ca9,CONFIRMED_NEYSAN,train,v1,CONFIRMED_NOT_V1TEST,DAY_CLEAR,vanet,vanet,True,0.9985,0.998489499092102,False,silent_acceptance,1.4648344404122327e-06,1.9404069462325424e-08,5.4380871006287634e-05,0.0002787455159705132,0.0003426175389904529,6.222474439709913e-06,0.0008270196849480271,0.998489499092102
45,v1/train/vanet/200533750.jpg,0ea7fefa96467c2e59809c8d4cae80987b86e987660821787e46158bbd5b38b4,CONFIRMED_NEYSAN,train,v1,CONFIRMED_NOT_V1TEST,DAY_CLEAR,vanet,vanet,True,0.8967,0.8966754078865051,True,sent_to_review,3.294999260106124e-05,4.425403858476784e-06,0.0001010704436339438,0.0086203683167696,0.04469328746199608,5.183383109397255e-06,0.04986739531159401,0.8966754078865051
46,v1/train/vanet/200823882.jpg,4c857fb029f4ff8b6f0e1abb53fb5d26d40f0f3c09e0cf5aaf62a6dae7a2ff72,CONFIRMED_NEYSAN,train,v1,CONFIRMED_NOT_V1TEST,DAY_CLEAR,vanet,vanet,True,0.9998,0.9998002648353577,False,silent_acceptance,3.6384044506121427e-06,6.606787792406976e-07,4.5984510506968945e-05,5.047261220170185e-05,9.298157965531573e-05,3.8638583532701887e-07,5.576634066528641e-06,0.9998002648353577
47,v1/train/vanet/201998076.jpg,e3eb53dbebe8ea5db5e2d8f63c157842fed5c6e2e3b7cbff2955659f4ec89c61,CONFIRMED_NEYSAN,train,v1,CONFIRMED_NOT_V1TEST,DAY_CLEAR,vanet,vanet,True,1.0000,0.9999576807022095,False,silent_acceptance,3.816291211933276e-07,5.053211737937602e-10,2.344734866710496e-06,5.37664436706109e-06,1.046153101924574e-06,3.930179900635267e-06,2.9247159545775503e-05,0.9999576807022095
48,v1/train/vanet/203270338.jpg,9d4d2ec0644e0942a494e2779ae0653d58b192e23feec4f97688a9da9afbd3c7,CONFIRMED_NEYSAN,train,v1,CONFIRMED_NOT_V1TEST,DAY_CLEAR,vanet,vanet,True,0.9904,0.9903568625450134,False,silent_acceptance,0.0019422678742557764,9.538387502061596e-08,0.0005217432044446468,0.004223032388836145,0.0029524341225624084,1.4968557593419973e-07,3.3657886433502426e-06,0.9903568625450134
49,v1/train/vanet/205262878.jpg,d53197b3bfcba7706dfed0cc895682a077933c2e8a886f194046bc8a8bec9424,CONFIRMED_NEYSAN,train,v1,CONFIRMED_NOT_V1TEST,DAY_PARTIAL_OR_NOT_OBSERVABLE,vanet,vanet,True,0.9706,0.9705865979194641,False,silent_acceptance,3.443369860178791e-05,1.696059825917473e-08,0.001010698382742703,6.6018760662700515e-06,1.687875010247808e-05,0.02563113532960415,0.0027137049473822117,0.9705865979194641
50,v1/train/vanet/207057519.jpg,c5e590221aa719c518ef41458c3484e3a22570281326a4f78bb41516ee99036e,CONFIRMED_NEYSAN,train,v1,CONFIRMED_NOT_V1TEST,DAY_CLEAR,vanet,vanet,True,0.9262,0.9261545538902283,True,sent_to_review,0.0007106170523911715,3.1818587764576023e-09,0.04996917396783829,0.013232352212071419,0.00993037037551403,8.532849982145763e-09,2.8709084745059954e-06,0.9261545538902283
51,v1/train/vanet/207379908.jpg,f763dc5d5723440033bedbcf358b9b50b9e8f51fa78c6020809fd837e2bd55e9,CONFIRMED_NEYSAN,train,v1,CONFIRMED_NOT_V1TEST,DAY_CLEAR,vanet,vanet,True,0.9980,0.9979835748672485,False,silent_acceptance,1.2399020477005251e-07,1.0887520884850233e-09,1.502815294429638e-08,0.0017437604255974293,9.816326928557828e-05,1.85940712071897e-06,0.00017250713426619768,0.9979835748672485
52,v1/train/vanet/207803201.jpg,fbfbed506198dd88e2a65887517c4cb66104f33064db3068e9ddae7b2a4bcfe8,CONFIRMED_NEYSAN,train,v1,CONFIRMED_NOT_V1TEST,INFRARED,vanet,vanet,True,0.9998,0.9998055100440979,False,silent_acceptance,8.837437235342804e-06,5.158801830162929e-09,1.2733848052448593e-05,0.00016670598415657878,4.052916665386874e-06,7.452908334926178e-07,1.385925656904874e-06,0.9998055100440979
53,v1/train/vanet/208237798.jpg,54e6de71b2e1474704570068ec67a8c5d26986db103cede5f59dff6b005e10ac,CONFIRMED_NEYSAN,train,v1,CONFIRMED_NOT_V1TEST,DAY_PARTIAL_OR_NOT_OBSERVABLE,vanet,vanet,True,0.4222,0.4221789240837097,True,sent_to_review,6.922719330759719e-05,6.658418897131924e-06,0.3288102149963379,0.004494829569011927,0.020287957042455673,0.0018959551816806197,0.22225624322891235,0.4221789240837097
54,v1/train/vanet/208328663.jpg,62c1f3b1f225aa6b5297130e078114bd5fb9695bbacd5def286096f4a1ee352d,CONFIRMED_NEYSAN,train,v1,CONFIRMED_NOT_V1TEST,DAY_CLEAR,vanet,vanet,True,0.9662,0.9661557674407959,False,silent_acceptance,1.5728617654531263e-05,1.1710404868026103e-09,0.0006770697073079646,0.001825904124416411,0.031195100396871567,3.9003779761515034e-08,0.00013037835014984012,0.9661557674407959
55,v1/train/vanet/212199241.jpg,d543ac1a485a5b690ce92a3c956779ce6000abe3b52736dca3598f3dd41f19cb,CONFIRMED_NEYSAN,train,v1,CONFIRMED_NOT_V1TEST,NIGHT,vanet,vanet,True,0.9997,0.9996850490570068,False,silent_acceptance,0.0002256884763482958,5.621691201440626e-08,5.7177621783921495e-06,4.2090494389412925e-05,1.0262304385832977e-05,2.8450234822230414e-05,2.6679065285861725e-06,0.9996850490570068
56,v1/train/vanet/214572271.jpg,1aed90ed7f2e02b95a086c90292623ce03177ea985447f25aeaa373e8b81302f,CONFIRMED_NEYSAN,train,v1,CONFIRMED_NOT_V1TEST,DAY_CLEAR,vanet,vanet,True,0.6980,0.6979881525039673,True,sent_to_review,0.00028976265457458794,8.743249679810106e-09,0.00023031531600281596,0.3007478415966034,7.915915375633631e-06,1.3863764252164401e-06,0.0007345772464759648,0.6979881525039673
57,v1/train/vanet/214596732.jpg,1ed7832e648c8cee63b501c47d9e19ceb4427e1da60f0dd89849e1d2336f4f7c,CONFIRMED_NEYSAN,train,v1,CONFIRMED_NOT_V1TEST,DAY_CLEAR,vanet,vanet,True,0.9998,0.9997572302818298,False,silent_acceptance,3.189414599091833e-07,8.562786764365615e-12,6.633954274803955e-09,6.43156745354645e-05,2.783353636459651e-07,1.8434286630508723e-07,0.00017763495270628482,0.9997572302818298
58,v1/train/vanet/214844236.jpg,90916da4f0a7a65ea4c298d2a309b66d426e4a70867c5f3a5258f180c6b7f382,CONFIRMED_NEYSAN,train,v1,CONFIRMED_NOT_V1TEST,DAY_CLEAR,vanet,vanet,True,0.9992,0.9991733431816101,False,silent_acceptance,1.2532624168670736e-05,2.359295744880363e-11,6.725686318986845e-08,0.0002831224410329014,0.00033974286634474993,4.544180143284393e-09,0.00019112367590423673,0.9991733431816101
59,v1/train/vanet/216034128.jpg,5ff367829974f118743505fa63bc6ea1873a87776708f73065e73a1077418f95,CONFIRMED_NEYSAN,train,v1,CONFIRMED_NOT_V1TEST,DAY_CLEAR,vanet,vanet,True,0.9967,0.9967312812805176,False,silent_acceptance,2.8272377676330507e-05,2.260833475986601e-08,0.00013648890308104455,0.0017117069801315665,0.0013295643730089068,1.2667392184084747e-06,6.145879160612822e-05,0.9967312812805176
60,v1/train/vanet/216107182.jpg,092f9a24cb3e35f526006dad59b60aa34eaa426d6e936ac25bf3f7b71b2ae38e,CONFIRMED_NEYSAN,train,v1,CONFIRMED_NOT_V1TEST,DAY_CLEAR,vanet,vanet,True,0.9363,0.9363435506820679,True,sent_to_review,0.0020051184110343456,1.9715968857525468e-09,5.982439324725419e-05,0.061032265424728394,0.00012017006520181894,1.3494852169060323e-07,0.00043901754543185234,0.9363435506820679
61,v1/train/vanet/216352099.jpg,cf789610bd7a4c85d7bd84c906042663f014977f84af66b07ade41539b68771b,CONFIRMED_NEYSAN,train,v1,CONFIRMED_NOT_V1TEST,NIGHT,vanet,vanet,True,0.9971,0.9971231818199158,False,silent_acceptance,0.00013101936201564968,6.78744584092783e-07,6.394783122232184e-05,0.00015013567463029176,2.034314275078941e-05,0.002047328045591712,0.00046329290489666164,0.9971231818199158
62,v1/train/vanet/217558673.jpg,0cf0afed40e37de1a10032045264dc67f13310767bd2b5f39bd2a6d711254864,CONFIRMED_NEYSAN,train,v1,CONFIRMED_NOT_V1TEST,DAY_CLEAR,vanet,vanet,True,0.9998,0.999765932559967,False,silent_acceptance,2.238415618194267e-06,3.649923252524445e-09,1.5178406101767905e-05,3.045219273190014e-05,8.322035137098283e-05,1.382536680694102e-07,0.00010284812742611393,0.999765932559967
63,v1/train/vanet/217970196.jpg,b888f9fd28d67577a7c603fd5edebee4f679067df663b63498a952784ea08135,CONFIRMED_NEYSAN,train,v1,CONFIRMED_NOT_V1TEST,DAY_CLEAR,vanet,vanet,True,0.8451,0.8451427221298218,True,sent_to_review,0.0001295586844207719,1.161902076773913e-07,0.005391407757997513,0.13088496029376984,8.605000039096922e-05,4.3289705331517325e-07,0.018364662304520607,0.8451427221298218
64,v1/train/vanet/218059558.jpg,013dc115d8f70535cd381fb12ba9e02123726b161ea5a24eeb0dfea0ebf67f8a,CONFIRMED_NEYSAN,train,v1,CONFIRMED_NOT_V1TEST,DAY_CLEAR,vanet,vanet,True,0.9930,0.9929700493812561,False,silent_acceptance,0.0027109989896416664,4.07367295451877e-08,2.028637481998885e-06,0.001603593584150076,0.0026629865169525146,2.8664700835179246e-07,5.003848855267279e-05,0.9929700493812561
65,v1/train/vanet/218080336.jpg,9f3e0e1a5bb8eaed1c3fb086081844926a2b58bec4767f1c8bcfaa5dcac2a571,CONFIRMED_NEYSAN,train,v1,CONFIRMED_NOT_V1TEST,DAY_CLEAR,vanet,vanet,True,0.9996,0.9995971322059631,False,silent_acceptance,1.7578180631971918e-05,3.6151437399212227e-10,7.174227357609197e-05,6.788147584302351e-05,7.861026097089052e-05,1.6062550400874898e-07,0.00016690809570718557,0.9995971322059631
66,v1/train/vanet/218080868.jpg,580f7cd1dd02ed0d2f2bb4ea125c0c5b2ec3b9238f3b033adfa40a471e4bea6b,CONFIRMED_NEYSAN,train,v1,CONFIRMED_NOT_V1TEST,NIGHT,vanet,vanet,True,0.7527,0.7526631355285645,True,sent_to_review,5.3759937145514414e-05,0.0011782897636294365,0.0008516171365045011,0.0036687590181827545,0.01453653909265995,0.18125127255916595,0.0457967072725296,0.7526631355285645
67,v1/train/vanet/218481035.jpg,39b8315ec4617bc6dc3815ada7b5505fbf3d316510ae9ca27f44b477da679f1a,CONFIRMED_NEYSAN,train,v1,CONFIRMED_NOT_V1TEST,DAY_CLEAR,vanet,vanet,True,0.9503,0.9502745866775513,False,silent_acceptance,0.0005582133308053017,9.195870731559808e-10,0.00016510106797795743,0.048933859914541245,6.702711107209325e-05,7.065265350547634e-08,1.1495766329971957e-06,0.9502745866775513
68,v1/train/vanet/218579053.jpg,1493471813329e4ffb9939e7b66b5146b6d80d1e2a4842b6abfe75bbfa3b2962,CONFIRMED_NEYSAN,train,v1,CONFIRMED_NOT_V1TEST,DAY_CLEAR,vanet,vanet,True,0.8627,0.8627111315727234,True,sent_to_review,0.0004150345630478114,3.4254575439263135e-05,0.09711645543575287,0.0008880170062184334,0.03848719596862793,3.195140743628144e-05,0.00031595322070643306,0.8627111315727234
69,v1/train/vanet/218667942.jpg,d3c42541ff667b5c1ec95f7be114610b0043b8f315dcf0c1476e7890dfe5e988,CONFIRMED_NEYSAN,train,v1,CONFIRMED_NOT_V1TEST,NIGHT,vanet,vanet,True,0.9891,0.9891313314437866,False,silent_acceptance,4.339263341535116e-06,9.598180028547176e-10,3.150064653567597e-09,5.730545353799243e-07,1.528090137981053e-06,0.010607670992612839,0.0002546009491197765,0.9891313314437866
70,v1/train/vanet/218753316.jpg,03279ef244e8720af41aa33d9b6a59196d73d5f5f934b5d4eaa37d00b0e02adc,CONFIRMED_NEYSAN,train,v1,CONFIRMED_NOT_V1TEST,DAY_CLEAR,vanet,vanet,True,0.9996,0.9996122717857361,False,silent_acceptance,5.3859935178479645e-06,1.560645390696891e-09,1.9921743898976274e-07,1.5199754670902621e-05,0.00016760831931605935,2.429627272704238e-07,0.00019913929281756282,0.9996122717857361
71,v1/unclean/neysan/195478008.jpg,89a0b210be7dc0aed6fe32da0208b06a10bf920f25829fc8c62853c76a1b39e4,neysan_folder_label,unclean,v1,N1,,vanet,vanet,True,0.9998,0.9998316764831543,False,silent_acceptance,5.752433480665786e-07,8.504464688030566e-09,9.096414032683242e-06,4.49763092547073e-06,0.0001183762215077877,1.2267639704077737e-07,3.5591525374911726e-05,0.9998316764831543
72,v1/unclean/neysan/195575409.jpg,4eb9fcdd20971998df139711e59aa637bb6aa85df7f6afa62cfc50aaa56d6213,neysan_folder_label,unclean,v1,N1,,vanet,vanet,True,0.9781,0.9780706763267517,False,silent_acceptance,0.0007744246977381408,1.4805879118284793e-06,0.0013285733293741941,0.0033259710762649775,0.01638323999941349,1.7277014308092475e-07,0.00011546886526048183,0.9780706763267517
73,v1/unclean/neysan/195728454.jpg,6b7b1a5565e36e48ad8064c605c4d075e42049f8a8849c732850432ff232fb20,neysan_folder_label,unclean,v1,N1,,vanet,vanet,True,0.5528,0.55279940366745,True,sent_to_review,5.5036980484146625e-06,9.828606550854602e-08,0.026210034266114235,0.172150120139122,0.236040860414505,5.856929874425987e-08,0.012793859466910362,0.55279940366745
74,v1/unclean/neysan/195988970.jpg,9040236a8b3db619defa4b8a68de4e348c1ceb404802402fc58031fcd1a6a42d,neysan_folder_label,unclean,v1,N1,,vanet,vanet,True,0.9911,0.9911064505577087,False,silent_acceptance,0.00011969330080319196,2.399655727458594e-07,5.781005893368274e-05,0.003980615641921759,0.000247553049121052,2.9052953323116526e-05,0.004458609502762556,0.9911064505577087
75,v1/unclean/neysan/197253666.jpg,1e36a75975bf20d23faafd81200a2076761f749b0195f1eaa81087305a07a7c4,neysan_folder_label,unclean,v1,N1,,vanet,vanet,True,0.9985,0.9984896183013916,False,silent_acceptance,2.1284251943143317e-06,1.2112871594638364e-08,2.8675298381131142e-05,0.0004317860002629459,0.001031904248520732,1.0470369034010218e-06,1.4823723176959902e-05,0.9984896183013916
76,v1/unclean/neysan/197852665.jpg,d70124a6f3f3b8f5c5b03320a42cc0dfabef8a3ab89b31022ad98d6323ee0652,neysan_folder_label,unclean,v1,N1,,vanet,vanet,True,0.9965,0.9964998960494995,False,silent_acceptance,4.640400675270939e-06,1.978968766636058e-09,3.042941671083099e-06,0.0025981359649449587,0.0005722125060856342,8.722336133359931e-06,0.00031333763035945594,0.9964998960494995
77,v1/unclean/neysan/198251219.jpg,ac41098ab6d5cffaa82d486199110f0910efd19a9a768ec9f9e7196ca2a1182e,neysan_folder_label,unclean,v1,N1,,vanet,minibus,False,0.5676,0.5676402449607849,True,error_caught,1.744286964822095e-05,5.661309643301138e-08,0.004492931067943573,0.00013410420797299594,0.5676402449607849,2.7368903943170153e-07,4.084899046574719e-05,0.4276741147041321
78,v1/unclean/neysan/198415918.jpg,1f99eb98850ff00cd147423f44b74ec184cf4a74ab2ec2d2d3a4a5b422045e4b,neysan_folder_label,unclean,v1,N1,,vanet,vanet,True,0.9929,0.9929195046424866,False,silent_acceptance,0.0003260855737607926,8.058162137558611e-09,1.610249819350429e-05,0.000965050479862839,6.16247853031382e-05,3.086724291279097e-06,0.005708576645702124,0.9929195046424866
79,v1/unclean/neysan/198488181.jpg,a8b22ece9c0e14fb7b61955c70c63f118bf3be83059aa5fe0713a8d9792951b8,neysan_folder_label,unclean,v1,N1,,vanet,kamyunet,False,0.6401,0.640107274055481,True,error_caught,1.843774225562811e-05,2.3225213396926847e-07,0.31093019247055054,0.640107274055481,0.00014000546070747077,1.503121738188895e-09,2.4494772787875263e-06,0.048801351338624954
80,v1/unclean/neysan/198504276.jpg,4ba3bb16f42fce5f6b0d939e58be5738af1606ae19380e5b9f4f4581a5828d2c,neysan_folder_label,unclean,v1,N1,,vanet,kamyunet,False,0.8243,0.8243400454521179,True,error_caught,5.4241609177552164e-05,2.7082722226623446e-05,0.0037652382161468267,0.8243400454521179,0.005221021361649036,3.751146593344856e-08,0.00017876405036076903,0.16641362011432648
81,v1/unclean/neysan/198879422.jpg,8ba5629a37d76cdd18fcefd7527553af90ba22477ace0628e227cab53d9c91d6,neysan_folder_label,unclean,v1,N1,,vanet,vanet,True,0.9221,0.9221397042274475,True,sent_to_review,0.0006889431970193982,5.2075225909220535e-08,0.07040251046419144,0.006748235784471035,1.2434242307790555e-05,7.315163657040102e-07,7.3893220360332634e-06,0.9221397042274475
82,v1/unclean/neysan/199759650.jpg,b1aea2e543ec955447d27deb822887a58f1dfafe7aa966e2dbdaa1b94eb418cc,neysan_folder_label,unclean,v1,N1,,vanet,vanet,True,0.9981,0.9981061220169067,False,silent_acceptance,2.8324824597802944e-05,3.6527480915538035e-06,0.000993371824733913,4.716238618129864e-05,0.0008177575073204935,3.863297024508938e-07,3.21470656672318e-06,0.9981061220169067
83,v1/unclean/neysan/201094953.jpg,bb25ff7d77f7456698194eb58265758724925690ccb2307123930333d7eb3b67,neysan_folder_label,unclean,v1,N1,,vanet,vanet,True,0.9991,0.9991075396537781,False,silent_acceptance,6.6454658735892735e-06,5.304144234941077e-09,3.883205295096559e-07,0.0007495635654777288,6.676911198155722e-06,1.1223296496609692e-06,0.0001280514115933329,0.9991075396537781
84,v1/unclean/neysan/202667629.jpg,f1de3a09e472b59774cb17c9ca4e4611346a4e0d47b161a8a6f82dca423dedc5,neysan_folder_label,unclean,v1,N1,,vanet,vanet,True,0.9999,0.9999496936798096,False,silent_acceptance,5.584090558841126e-07,1.2986307862394852e-10,1.252976034038511e-07,3.049798760912381e-05,1.5105477359611541e-05,3.665324399548808e-08,3.961471520597115e-06,0.9999496936798096
85,v1/unclean/neysan/202856843.jpg,3ebe54cae8904c600cb6991ad1bab0ce37937cb141718a7c15453e6a014c2ddc,neysan_folder_label,unclean,v1,N1,,vanet,vanet,True,0.9974,0.9974451065063477,False,silent_acceptance,2.5820299924816936e-05,2.570025081638505e-08,1.964185912584071e-06,0.00019211812468711287,0.002280215034261346,7.320611530303722e-07,5.398616849561222e-05,0.9974451065063477
86,v1/unclean/neysan/206133475.jpg,f4627a56b664b42810664b98dacc638efbe4c280e8cebdf2ed887074bbfcf3b1,neysan_folder_label,unclean,v1,N1,,vanet,vanet,True,0.9968,0.996833860874176,False,silent_acceptance,1.0253931577608455e-05,3.339698517734746e-10,1.1451556929387152e-06,0.00016343386960215867,6.21569995473692e-08,1.0224553079751786e-06,0.0029902090318500996,0.996833860874176
87,v1/unclean/neysan/206134330.jpg,7642ed12b9872360448d336e735696cb01faeede8fdebda40b82173ef70d8949,neysan_folder_label,unclean,v1,N1,,vanet,vanet,True,0.8811,0.881080687046051,True,sent_to_review,1.5611532262482797e-06,1.495544488250289e-08,0.001116800820454955,0.11624787747859955,6.749148451490328e-05,3.2799299276575766e-08,0.001485571963712573,0.881080687046051
88,v1/unclean/neysan/206357127.jpg,84bb065f91a7a3222a1fc0bbe021f40916ce1689541fcb545654deb64b2f4a44,neysan_folder_label,unclean,v1,N1,,vanet,vanet,True,0.9983,0.9983223080635071,False,silent_acceptance,1.4069961252971552e-05,4.426591471845542e-12,7.853669359292326e-08,0.0013705387245863676,0.00019586262351367623,1.622168355197573e-08,9.707162826089188e-05,0.9983223080635071
89,v1/unclean/neysan/207200870.jpg,b4d5050202369eb522d960feb03a6b11321b4122e63db7e15b2692209a7ab2dd,neysan_folder_label,unclean,v1,N1,,vanet,kamyunet,False,0.5389,0.5389183759689331,True,error_caught,2.551742682044278e-06,5.204853770202078e-10,0.00011491201439639553,0.5389183759689331,0.0011479847598820925,3.725956876365899e-09,0.003809648100286722,0.4560065269470215
90,v1/unclean/neysan/207850008.jpg,c3e2513d808fc1e092202418a43ae3cbd6917f024c713d66d83d1aea5c93bf21,neysan_folder_label,unclean,v1,N1,,vanet,vanet,True,0.9875,0.9875468611717224,False,silent_acceptance,3.105372570644249e-06,2.210503247113138e-08,0.0025066533125936985,0.007984118536114693,0.0019441591575741768,6.564280852217053e-08,1.4983447726990562e-05,0.9875468611717224
91,v1/unclean/neysan/207857872.jpg,cd5c342c7acfb4aab020e85063709f56598be82b535757236b56199ebb007846,neysan_folder_label,unclean,v1,N1,,vanet,vanet,True,0.9977,0.9976633787155151,False,silent_acceptance,0.00016952335136011243,2.3623275557937973e-10,2.6568930024950532e-06,0.0009231123840436339,0.001193887204863131,5.4210794075970625e-08,4.743365207104944e-05,0.9976633787155151
92,v1/unclean/neysan/208678784.jpg,bc70863b87128c9c675549e752640870a751b85d0c23dc4297dbdd8472b78e4d,neysan_folder_label,unclean,v1,N1,,vanet,minibus,False,0.9137,0.9137058258056641,True,error_caught,0.00102381338365376,1.1800888159996248e-06,0.02643764764070511,0.056735772639513016,0.9137058258056641,1.6806171743155573e-07,9.075644811673556e-06,0.0020864608231931925
93,v1/unclean/neysan/208758342.jpg,324501cf504b9f5a63f23c0aad3a3c2d579de80c89aa95588bab710f0042c5ea,neysan_folder_label,unclean,v1,N1,,vanet,vanet,True,0.9893,0.9893155097961426,False,silent_acceptance,1.3872183444618713e-05,1.3878038771508727e-06,6.349452075227191e-10,1.5824584806978237e-06,0.0003420463181100786,0.01031771581619978,7.890025699452963e-06,0.9893155097961426
94,v1/unclean/neysan/209943473.jpg,d6c256ce16677e2c73170dc78000a8e3500c357bc2c45dae69b87d2add1386b9,neysan_folder_label,unclean,v1,N1,,vanet,vanet,True,0.8299,0.8298963308334351,True,sent_to_review,0.0008811994339339435,3.845156243187375e-06,0.055215541273355484,0.10980639606714249,2.4082564777927473e-05,3.5358198147150688e-06,0.004169078543782234,0.8298963308334351
95,v1/unclean/neysan/210603202.jpg,bc00f56831119c9fab861dabe762b8d9ec5f561b6bb5d4ffd9ab5889e960092d,neysan_folder_label,unclean,v1,N1,,vanet,vanet,True,0.9887,0.9887002110481262,False,silent_acceptance,5.858946224179817e-06,3.396955321477435e-07,3.1404238143295515e-07,0.010956188663840294,0.0003097684821113944,2.171056394217885e-06,2.5183555408148095e-05,0.9887002110481262
96,v1/unclean/neysan/211683675.jpg,66e147845015e34f8c69916927695d2f9c0cd903536d9103d4a145b94868bd5f,neysan_folder_label,unclean,v1,N1,,vanet,vanet,True,0.9981,0.9981051683425903,False,silent_acceptance,0.0001940681686392054,2.6203658687329323e-10,2.844872994955949e-07,0.0016940961359068751,4.606449238053756e-06,9.089916375160101e-08,1.628242443985073e-06,0.9981051683425903
97,v1/unclean/neysan/211979013.jpg,ab24236e52799781cf207e29787d2aa79927ee5aea4206aa9d61c1d9dede7007,neysan_folder_label,unclean,v1,N1,,vanet,vanet,True,0.7708,0.7708054184913635,True,sent_to_review,0.00019449657702352852,0.0017979452386498451,0.0003441639128141105,0.0028261623810976744,0.017975056543946266,0.19967007637023926,0.006386700551956892,0.7708054184913635
98,v1/unclean/neysan/212131849.jpg,4cbf9aaadf2b22f39e43f6e1efa60d752b7cf50bcf8e7838cf729607ae881576,neysan_folder_label,unclean,v1,N1,,vanet,savari,False,0.4923,0.4923296570777893,True,error_caught,0.00020753069838974625,0.010365244932472706,0.00015574891585856676,0.002585008507594466,0.0009021146688610315,0.4923296570777893,0.05989318713545799,0.4335615336894989
99,v1/unclean/neysan/212188576.jpg,dccb28d03df19b80260cc6ce92e15a71e605c5a099b83ae23c9218fc26750193,neysan_folder_label,unclean,v1,N1,,vanet,vanet,True,0.7935,0.793515682220459,True,sent_to_review,3.0085899197729304e-05,6.428015331039205e-05,2.2867973257234553e-06,6.884652520966483e-06,0.00725565804168582,0.198904886841774,0.00022025773068889976,0.793515682220459
100,v1/unclean/neysan/212400936.jpg,94729a1c8c8399de067d44be9ffc5ad0dd59742ea38cde1be5f6e62021907c9c,neysan_folder_label,unclean,v1,N1,,vanet,vanet,True,0.7336,0.7335780262947083,True,sent_to_review,0.00011416608322178945,4.3418476707302034e-05,0.004348888527601957,0.017099324613809586,2.5499430194031447e-06,0.24362727999687195,0.0011862850515171885,0.7335780262947083
101,v1/unclean/neysan/212486564.jpg,8e6eb0c7edc945ef6ff11063fe5dc742890a508d25e0b5c1a623d8e20c868dda,neysan_folder_label,unclean,v1,N1,,vanet,vanet,True,0.9808,0.9808191657066345,False,silent_acceptance,0.0002536971587687731,3.031533357678029e-10,2.086316499116947e-06,0.016006385907530785,0.001896330388262868,3.650725659554155e-07,0.0010219668038189411,0.9808191657066345
102,v1/unclean/neysan/213349964.jpg,a875ee68e0a297bea023b3b3455fa7099f37d8f5009a0359ba0cbc26c9d2a9b3,neysan_folder_label,unclean,v1,N1,,vanet,vanet,True,0.9999,0.9999005794525146,False,silent_acceptance,1.1346240853526979e-06,7.185145256549674e-10,2.7126182544634503e-07,5.020132448407821e-06,9.177238825941458e-05,2.7940869173903593e-08,1.237296032741142e-06,0.9999005794525146
103,v1/unclean/neysan/213632816.jpg,8737807ba6689c5eb111c274e3e5dbd51de45910fcb8411a90aedab3e5f867b1,neysan_folder_label,unclean,v1,N1,,vanet,vanet,True,0.9830,0.9829635620117188,False,silent_acceptance,1.1688000995491166e-05,1.1551015433042267e-07,4.1940373193938285e-05,0.003468497423455119,0.01045143511146307,9.902973943098914e-06,0.003052813233807683,0.9829635620117188
104,v1/unclean/neysan/214500693.jpg,31538cb81a4f79cc3c648c3c20ebeae630a7b58869308219551d683b5b3a5bb1,neysan_folder_label,unclean,v1,N1,,vanet,vanet,True,0.9780,0.9779598712921143,False,silent_acceptance,7.096315357557614e-07,1.3248802588350372e-06,0.0022878162562847137,0.018984850496053696,0.0007485264213755727,9.52520622377051e-07,1.5925978004815988e-05,0.9779598712921143
105,v1/unclean/neysan/214838660.jpg,afbeeeec96e3541c94d27360d59e58823428b89c2129c3803ef2e5d85286fbbb,neysan_folder_label,unclean,v1,N1,,vanet,vanet,True,0.8032,0.8032362461090088,True,sent_to_review,3.7956702726660296e-05,2.3075083177559463e-08,1.8812334019457921e-06,0.0028294832445681095,0.19324395060539246,2.162840701203095e-06,0.0006483527249656618,0.8032362461090088
106,v1/unclean/neysan/214844236.jpg,90916da4f0a7a65ea4c298d2a309b66d426e4a70867c5f3a5258f180c6b7f382,neysan_folder_label,unclean,v1,N1,,vanet,vanet,True,0.9992,0.9991733431816101,False,silent_acceptance,1.2532624168670736e-05,2.359295744880363e-11,6.725686318986845e-08,0.0002831224410329014,0.00033974286634474993,4.544180143284393e-09,0.00019112367590423673,0.9991733431816101
107,v1/unclean/neysan/216417392.jpg,5ee1936ff923333fc1e76b1ec6b7da7a395aa6108a4d55b72c96931728b844b1,neysan_folder_label,unclean,v1,N1,,vanet,vanet,True,0.9704,0.9703717827796936,False,silent_acceptance,7.600103344884701e-06,3.3414359279504424e-08,0.0007403854397125542,0.028850222006440163,2.706562190724071e-05,6.486200021527111e-09,2.908557689806912e-06,0.9703717827796936
108,v1/unclean/neysan/217090683.jpg,65c3f1655ac4ea7fa00997c944cce377edcecd4f99b800fb113d0a89d87d5a46,neysan_folder_label,unclean,v1,N1,,vanet,vanet,True,0.9457,0.9456983208656311,True,sent_to_review,0.032310422509908676,1.2226414582983125e-06,0.0003531329857651144,0.009494580328464508,0.00563456304371357,0.00046549650141969323,0.006042309571057558,0.9456983208656311
109,v1/unclean/neysan/217554061.jpg,c26510e94860b0deb74eded2395c3b0363d18a193ea8f98844d766d4d401b470,neysan_folder_label,unclean,v1,N1,,vanet,vanet,True,0.9788,0.978840708732605,False,silent_acceptance,1.1081434422521852e-05,2.7661066770434672e-09,7.56276818947299e-09,1.4676189152851293e-07,3.228079731343314e-05,0.02084687352180481,0.0002689598477445543,0.978840708732605
110,v1/unclean/neysan/217698430.jpg,03dd0a834d9a9297eaa7f2ac534aef96af1b5b049316941f51dec49f0d3af204,neysan_folder_label,unclean,v1,N1,,vanet,vanet,True,0.9871,0.9871270656585693,False,silent_acceptance,0.00017924867279361933,2.6680424980440876e-06,0.012186788022518158,9.017009688250255e-06,0.0003658889327198267,1.304458464801428e-06,0.00012798295938409865,0.9871270656585693
111,v1/unclean/neysan/217784730.jpg,7d472bf52667c0f65dd2a52475fd5392c11d799cc2408194b245aa347d6dc743,neysan_folder_label,unclean,v1,N1,,vanet,vanet,True,0.9873,0.9873494505882263,False,silent_acceptance,1.2758193861373002e-06,5.281614257057754e-09,5.06517892517877e-07,0.009010900743305683,3.617297261371277e-05,4.900657586404122e-07,0.0036012146156281233,0.9873494505882263
112,v1/unclean/neysan/217990722.jpg,c3f8729ce2f3a80bc875bb2db71e564e5763bdbf417968c236b599e10cc6a494,neysan_folder_label,unclean,v1,N1,,vanet,kamyun,False,0.7424,0.742361307144165,True,error_caught,1.1603316124819685e-05,7.582600325406474e-09,0.742361307144165,0.004869401920586824,5.14259263582062e-05,1.0554902729609239e-08,1.140004087574198e-06,0.25270509719848633
113,v1/unclean/neysan/218352401.jpg,154045d12779b42b91dd8f9b8aa9a4fc7da52f1c3fa79618b984ca68c807c905,neysan_folder_label,unclean,v1,N1,,vanet,vanet,True,0.9999,0.999920129776001,False,silent_acceptance,7.844222636776976e-06,1.0196268829254507e-10,1.2370907825243194e-05,3.198030753992498e-05,8.09652476618794e-07,5.373064126956706e-08,2.6763214918901213e-05,0.999920129776001
114,v1/unclean/neysan/218594379.jpg,2254002c47ac0ec76669b1b967f185d8a4f352c90c4851a0d02da78d94295085,neysan_folder_label,unclean,v1,N1,,vanet,vanet,True,0.9801,0.9801226258277893,False,silent_acceptance,0.0007978803478181362,1.870656962665862e-09,0.0021182005293667316,0.01629343070089817,0.0004053993907291442,7.721396855231433e-07,0.00026171046192757785,0.9801226258277893
115,v1/unclean/neysan/218706427.jpg,3ae02a6baccd2bd4c3098b9e4936f9b991f6a13cb44f8c7c95247262274a98dd,neysan_folder_label,unclean,v1,N1,,vanet,vanet,True,0.9892,0.9892248511314392,False,silent_acceptance,2.119881901307963e-05,1.855403830575142e-09,0.0001853846770245582,0.009569927118718624,5.594113645202015e-06,1.060768681782065e-05,0.0009824391454458237,0.9892248511314392
116,v1/unclean/neysan/218847866.jpg,b03d00b1cedb299e43bfed64fc4b4bfe9715f951c1df83d82f337301ef695085,neysan_folder_label,unclean,v1,N1,,vanet,vanet,True,0.9862,0.9861589074134827,False,silent_acceptance,0.0007421497139148414,8.685710639610988e-08,8.076550875557587e-05,0.011415155604481697,1.4694332094222773e-05,0.0014727568486705422,0.00011542367428774014,0.9861589074134827
117,v1/unclean/neysan/218970336.jpg,cfb45d5ee82c2b295963f652a6de8aa8708118046221141f306e0331f2670cd6,neysan_folder_label,unclean,v1,N1,,vanet,vanet,True,0.9969,0.9968776702880859,False,silent_acceptance,1.4997342077549547e-05,7.532191759196394e-09,1.7797177633838146e-06,5.1033625823038165e-06,0.0030899725388735533,5.443718720243851e-08,1.046105899149552e-05,0.9968776702880859
118,v1/unclean/neysan/219016956.jpg,89fd7551e997119a7d9f8ab8f467649f07630b8edf2d533141d472a36ffdf2ba,neysan_folder_label,unclean,v1,N1,,vanet,vanet,True,0.9997,0.9997410178184509,False,silent_acceptance,0.0001480922510381788,2.7556749770951683e-08,1.412686856383516e-08,7.286397476491402e-07,5.273006536299363e-06,9.472761303186417e-05,1.0066382856166456e-05,0.9997410178184509
119,v1/unclean/neysan/219111121.jpg,d3b063f46a243068fd175b215fcd69bb0488af79fd4a19a99f1453d350eb3169,neysan_folder_label,unclean,v1,N1,,vanet,vanet,True,0.9950,0.9949861764907837,False,silent_acceptance,7.798519072821364e-05,4.87693171180581e-07,0.0005204422632232308,0.00048275457811541855,0.00032874412136152387,0.0035993934143334627,4.019008429168025e-06,0.9949861764907837
120,v1/unclean/neysan/219117401.jpg,1300c733151e862813586d89a2bdf821a1ccb5ff8d3d75a35e7640a67cc1844b,neysan_folder_label,unclean,v1,N1,,vanet,vanet,True,0.9945,0.9944873452186584,False,silent_acceptance,5.6442131608491763e-05,2.5082003958232235e-06,0.0042382460087537766,0.0010336368577554822,0.00017937118536792696,1.182101641461486e-06,1.3058941021881765e-06,0.9944873452186584
121,v1/unclean/vanet/194853070.jpg,dece20e435b2a020dfd6ba5a48066178a4fcd664102f1c1c18c00e611141b34b,CONFIRMED_NEYSAN,unclean,v1,CONFIRMED_NOT_V1TEST,DAY_CLEAR,vanet,vanet,True,0.9995,0.9995126724243164,False,silent_acceptance,8.668893315189052e-06,2.6445976519795522e-09,4.3690171878552064e-05,0.0003484720946289599,7.771712262183428e-05,7.461039785994217e-06,1.2667368309848825e-06,0.9995126724243164
122,v1/unclean/vanet/195080365.jpg,361c4312cb3f1314aaeec96acf89e91c80ce598348c1b61e76c571cd01c8a8da,CONFIRMED_NEYSAN,unclean,v1,CONFIRMED_NOT_V1TEST,DAY_CLEAR,vanet,vanet,True,0.9184,0.918428361415863,True,sent_to_review,3.9584579099027906e-06,7.81153541851154e-09,0.002138904994353652,0.07534512877464294,0.003947298042476177,2.6918678841525434e-08,0.0001362768089165911,0.918428361415863
123,v1/unclean/vanet/195673270.jpg,07c122527bf6c4067725283f2fbb5c9d1187971322f3bd3dbf56ad15a9fbc68a,CONFIRMED_NEYSAN,unclean,v1,CONFIRMED_NOT_V1TEST,DAY_CLEAR,vanet,vanet,True,0.9999,0.9999291896820068,False,silent_acceptance,9.827606390899746e-07,7.49346140693774e-10,1.7963080267691112e-07,1.7250889072784048e-07,5.542075450648554e-05,9.236060094508503e-08,1.3969915926281828e-05,0.9999291896820068
124,v1/unclean/vanet/197495997.jpg,add8ed1ad12c1276e4fe79ef87d97c21f65465f8eb9a9f77587c2f4f9cb3b764,CONFIRMED_NEYSAN,unclean,v1,CONFIRMED_NOT_V1TEST,DAY_CLEAR,vanet,vanet,True,0.9375,0.9374771118164062,True,sent_to_review,1.6747124391258694e-05,3.5213770388509147e-07,1.1109115803265013e-05,7.040622585918754e-05,5.491136107593775e-06,0.003678604494780302,0.05874016508460045,0.9374771118164062
125,v1/unclean/vanet/197551635.jpg,27b703b59d91808d07c25205c01f48110836bf3032e3e878fd4981c054f9fe4d,CONFIRMED_NEYSAN,unclean,v1,CONFIRMED_NOT_V1TEST,DAY_PARTIAL_OR_NOT_OBSERVABLE,vanet,vanet,True,0.9985,0.9985412359237671,False,silent_acceptance,5.979393972666003e-05,4.251722884873743e-07,7.860237383283675e-05,0.0008704008650965989,0.00030047778273001313,6.861206657049479e-06,0.00014224353071767837,0.9985412359237671
126,v1/unclean/vanet/197560785.jpg,bd6928a0ab64c89d82161e699bce2a332879c4ae69b2fdfc5ac5a5e1ef2b0f6a,CONFIRMED_NEYSAN,unclean,v1,CONFIRMED_NOT_V1TEST,DAY_PARTIAL_OR_NOT_OBSERVABLE,vanet,vanet,True,0.9963,0.9962527751922607,False,silent_acceptance,1.3301722390224313e-07,2.7875025204737724e-11,1.4112251847109292e-05,3.458624996710569e-05,8.846614036883693e-06,2.6944210418378134e-08,0.00368948164395988,0.9962527751922607
127,v1/unclean/vanet/197880860.jpg,e8a5fb0403edbd4b117bdcc48b06432ba59dd06e8c2ad6ed56a90f38d37821b8,CONFIRMED_NEYSAN,unclean,v1,CONFIRMED_NOT_V1TEST,DAY_CLEAR,vanet,vanet,True,0.4932,0.49319198727607727,True,sent_to_review,0.0001885930250864476,1.2275575045350706e-06,0.42953062057495117,0.06605212390422821,0.0005466996226459742,1.6160663562914124e-07,0.010488620959222317,0.49319198727607727
128,v1/unclean/vanet/197959333.jpg,d39e747a8f99835bf515ef305e601776960d98be6966a5b1d2e57dd184e37bb4,CONFIRMED_NEYSAN,unclean,v1,CONFIRMED_NOT_V1TEST,DAY_CLEAR,vanet,vanet,True,0.9728,0.9728378057479858,False,silent_acceptance,3.7068582514621085e-06,1.392999990912358e-07,0.0003258167998865247,0.021791351959109306,0.002632000483572483,2.1995451504608354e-07,0.0024089941289275885,0.9728378057479858
129,v1/unclean/vanet/198195169.jpg,1e9ab17768c7f797b940f8a844bd1b6df1e72ce22686a4d7c54e0cafedee409b,CONFIRMED_NEYSAN,unclean,v1,CONFIRMED_NOT_V1TEST,DAY_CLEAR,vanet,vanet,True,0.9997,0.9997478127479553,False,silent_acceptance,1.086277643480571e-05,2.0975790548938278e-10,2.590406893432373e-06,7.538711543020327e-06,5.773484372184612e-05,1.6096675992116616e-08,0.000173454376636073,0.9997478127479553
130,v1/unclean/vanet/198661396.jpg,10bbbac5056ec48712c7b65ec6aaf4294d03580f03743512e528ee708b4ee8a5,CONFIRMED_NEYSAN,unclean,v1,CONFIRMED_NOT_V1TEST,DAY_CLEAR,vanet,vanet,True,0.9623,0.9622558951377869,False,silent_acceptance,1.321250692853937e-06,2.3020998440870244e-09,1.2654850252147298e-06,0.03768066689372063,4.147460685999249e-07,4.64806845457133e-07,5.994540697429329e-05,0.9622558951377869
131,v1/unclean/vanet/199401055.jpg,d5870cc72a63f0513e96827c7bb246759a4533bc8d1e6b038a1b6ec5e868c5ca,CONFIRMED_NEYSAN,unclean,v1,CONFIRMED_NOT_V1TEST,DAY_CLEAR,vanet,vanet,True,0.9886,0.9886391162872314,False,silent_acceptance,0.0023088036105036736,2.8570898535917877e-08,0.000806815514806658,0.001674032537266612,0.003321017138659954,1.9088500266661867e-05,0.0032310530077666044,0.9886391162872314
132,v1/unclean/vanet/200802999.jpg,f149b1a4494e497787f111e84a9424507574517db1e23e58356f1fe0c79e826f,CONFIRMED_NEYSAN,unclean,v1,CONFIRMED_NOT_V1TEST,DAY_CLEAR,vanet,vanet,True,0.9999,0.99986732006073,False,silent_acceptance,1.2009744750685059e-05,5.871295637172036e-12,7.3949613579316065e-06,0.00010774386464618146,4.68595453639864e-06,3.034126052625652e-07,5.159913030183816e-07,0.99986732006073
133,v1/unclean/vanet/203454250.jpg,c334fd828446e5380e69d313e9dab7a9afe80480bd11a75ac2bb54a72cc6b6ca,CONFIRMED_NEYSAN,unclean,v1,CONFIRMED_NOT_V1TEST,DAY_CLEAR,vanet,vanet,True,0.9985,0.9985013008117676,False,silent_acceptance,2.153565401386004e-05,1.3716578095568366e-08,2.262556881760247e-05,5.873626287211664e-05,0.0011130542261525989,1.172937373894456e-07,0.0002826461277436465,0.9985013008117676
134,v1/unclean/vanet/204859983.jpg,b1b518d922798910b6d15af7778812a6baad138497fcb8795fd54904a34610ef,CONFIRMED_NEYSAN,unclean,v1,CONFIRMED_NOT_V1TEST,DAY_CLEAR,vanet,vanet,True,1.0000,0.9999867677688599,False,silent_acceptance,9.480716471443884e-06,1.7665948565115386e-11,9.926669264359589e-08,5.523703521248535e-07,2.7469450287753716e-06,1.2274756322483427e-08,3.6697991845358047e-07,0.9999867677688599
135,v1/unclean/vanet/206095693.jpg,a4acfaea0ded386cf50fc5a533592a962d400ac6dea71335a93d1e8b56d07c9a,CONFIRMED_NEYSAN,unclean,v1,CONFIRMED_NOT_V1TEST,DAY_CLEAR,vanet,vanet,True,0.9942,0.9942399263381958,False,silent_acceptance,9.782515553524718e-05,1.2861013942710997e-07,0.003998488187789917,0.0012099869782105088,0.0001675324747338891,7.567135526187485e-06,0.0002785849501378834,0.9942399263381958
136,v1/unclean/vanet/207412597.jpg,f1d2359733bfcf659eb74f25771efc01aa1957bca7e33d5b551f67e92681a679,CONFIRMED_NEYSAN,unclean,v1,CONFIRMED_NOT_V1TEST,DAY_CLEAR,vanet,vanet,True,1.0000,0.9999778270721436,False,silent_acceptance,1.5326315860875184e-06,1.1329613462673915e-11,4.565203326478695e-09,7.248758606692718e-07,1.9717394025065005e-05,4.917107787605346e-08,1.9477960222502588e-07,0.9999778270721436
137,v1/unclean/vanet/208014246.jpg,782a72f8766d73f5d3cd5a2442d0007bc376dc668e1adb580a4ce0697cb97fcf,CONFIRMED_NEYSAN,unclean,v1,CONFIRMED_NOT_V1TEST,DAY_CLEAR,vanet,vanet,True,0.9982,0.9982388019561768,False,silent_acceptance,0.0010192983318120241,1.1072753522967105e-06,0.00024656555615365505,1.3711240171687678e-05,0.0003002850862685591,5.5973316193558276e-05,0.00012421730207279325,0.9982388019561768
138,v1/unclean/vanet/208570612.jpg,43797013da31a419b329fdb3009f14972c51689adc00a6d2208f060ee95f4a59,CONFIRMED_NEYSAN,unclean,v1,CONFIRMED_NOT_V1TEST,NIGHT,vanet,vanet,True,0.9544,0.9543807506561279,False,silent_acceptance,0.0013613775372505188,0.0001129895172198303,0.0003370176418684423,0.0006709740264341235,0.015026377514004707,0.02809743396937847,1.3028070497966837e-05,0.9543807506561279
139,v1/unclean/vanet/208582339.jpg,934cd63453c3339039db282bf6392a7145d3ed1256567fef0f0d72a7a0be85d6,CONFIRMED_NEYSAN,unclean,v1,CONFIRMED_NOT_V1TEST,DAY_CLEAR,vanet,vanet,True,0.9993,0.9993441700935364,False,silent_acceptance,0.00020172794756945223,4.157667266024845e-10,6.81681285641389e-07,0.00031647400464862585,0.0001316457346547395,9.083619261218701e-07,4.337691279943101e-06,0.9993441700935364
140,v1/unclean/vanet/208586813.jpg,c31ee179e31305623f3ab7514f89879ef4f93f1b0585edde13eb0bc025af31cf,CONFIRMED_NEYSAN,unclean,v1,CONFIRMED_NOT_V1TEST,DAY_CLEAR,vanet,vanet,True,0.9947,0.9946538209915161,False,silent_acceptance,0.0010091174626722932,1.6442287531504007e-08,2.069766878776136e-06,0.0024364255368709564,0.0018882170552387834,2.7223842380408314e-07,1.0004391697293613e-05,0.9946538209915161
141,v1/unclean/vanet/208671162.jpg,fbfd99da79c525e8432c03ac66c5999cc676f586daca421e1766290f74de03f7,CONFIRMED_NEYSAN,unclean,v1,CONFIRMED_NOT_V1TEST,DAY_CLEAR,vanet,minibus,False,0.5470,0.5470242500305176,True,error_caught,0.001202323823235929,1.3428551028482616e-05,0.031774818897247314,0.0013434700667858124,0.5470242500305176,0.00013875638251192868,0.0009333057096228004,0.4175696074962616
142,v1/unclean/vanet/209233623.jpg,399995e709346b2c8219b3bef2f0d42e1c575fc0bda7b4560631a829269e5cca,CONFIRMED_NEYSAN,unclean,v1,CONFIRMED_NOT_V1TEST,NIGHT,vanet,vanet,True,0.9974,0.9974222183227539,False,silent_acceptance,0.00019484841322991997,7.090285691901954e-09,2.560709901899827e-07,9.965007484424859e-05,0.00011905427527381107,0.0017107907915487885,0.00045320161734707654,0.9974222183227539
143,v1/unclean/vanet/212107731.jpg,16143c1d4707144e3ed99c438d36bde82d2cbeb8cef9c96f8b6db4b90acd3b24,CONFIRMED_NEYSAN,unclean,v1,CONFIRMED_NOT_V1TEST,DAY_CLEAR,vanet,vanet,True,0.9989,0.9989362359046936,False,silent_acceptance,0.00015040664584375918,1.0978491893354203e-08,7.747670315438882e-05,0.0005031047039665282,0.0002370481815887615,1.0220503554592142e-07,9.560537728248164e-05,0.9989362359046936
144,v1/unclean/vanet/212275461.jpg,93000c2fd78a56c7c98bffaa7e27f1bf2993d012e998902515f56eaebc1a33ad,CONFIRMED_NEYSAN,unclean,v1,CONFIRMED_NOT_V1TEST,DAY_CLEAR,vanet,vanet,True,1.0000,0.9999818801879883,False,silent_acceptance,9.592316018824931e-06,1.9324458699898628e-10,1.0252768589680272e-07,3.5638822737382725e-07,7.972567800607067e-06,5.568956140677983e-08,8.516591520901784e-08,0.9999818801879883
145,v1/unclean/vanet/213306634.jpg,0afb952128f750b119a0e7dd7f68853e2ceae5f20217cfdd3551d465fff28683,CONFIRMED_NEYSAN,unclean,v1,CONFIRMED_NOT_V1TEST,DAY_CLEAR,vanet,vanet,True,0.9747,0.974719226360321,False,silent_acceptance,0.00048327757394872606,4.769735255649721e-07,0.003910923842340708,0.0019178410293534398,0.01895204745233059,9.976307069337054e-08,1.6138938008225523e-05,0.974719226360321
146,v1/unclean/vanet/215055953.jpg,b2f8f8f077cde88f60e55a5df8826e4337cf1ab95c4f813bb41185f35dbbd35e,CONFIRMED_NEYSAN,unclean,v1,CONFIRMED_NOT_V1TEST,DAY_CLEAR,vanet,vanet,True,0.9851,0.9850874543190002,False,silent_acceptance,0.0002445753198117018,1.720239090063913e-10,3.3186683140229434e-05,0.01434896606951952,6.659651990048587e-05,6.276138009297938e-08,0.00021913366799708456,0.9850874543190002
147,v1/unclean/vanet/215821681.jpg,6a7256c5c4aad9de4148457fcaeb433020bcc272f8de5dd53a22c921955033cf,CONFIRMED_NEYSAN,unclean,v1,CONFIRMED_NOT_V1TEST,DAY_CLEAR,vanet,kamyunet,False,0.4380,0.43800342082977295,True,error_caught,2.0503828181972494e-06,5.7690945141075645e-06,0.06305278092622757,0.43800342082977295,0.0013792020035907626,7.023977133258086e-08,0.4206465184688568,0.0769103392958641
148,v1/unclean/vanet/215996114.jpg,3e31bcb9cae660f37f6948a9c45b8d27d0fa96b98ce7abb44556e78b037311ce,CONFIRMED_NEYSAN,unclean,v1,CONFIRMED_NOT_V1TEST,NIGHT,vanet,vanet,True,0.6040,0.6040387153625488,True,sent_to_review,0.007915087975561619,0.2160760909318924,0.07706118375062943,0.0370509997010231,0.0009084698394872248,0.054260849952697754,0.002688600216060877,0.6040387153625488
149,v1/unclean/vanet/216085337.jpg,bc10a91e5df3a5d15c90d028b5fd6aef4dbbb13bee8505317bb0d8ba8dea7dd0,CONFIRMED_NEYSAN,unclean,v1,CONFIRMED_NOT_V1TEST,DAY_CLEAR,vanet,vanet,True,0.9949,0.9948975443840027,False,silent_acceptance,3.5942548493039794e-06,2.084492400911131e-08,1.0781525816128124e-05,0.00507980864495039,4.551127403829014e-06,1.1736782212778962e-08,3.702818275996833e-06,0.9948975443840027
150,v1/unclean/vanet/216245889.jpg,af1bdddfa7c493c145064f82d48ec72354e74c41b1b29b1e79b1c25d49dc0635,CONFIRMED_NEYSAN,unclean,v1,CONFIRMED_NOT_V1TEST,DAY_CLEAR,vanet,vanet,True,0.9999,0.9998910427093506,False,silent_acceptance,9.701053386379499e-06,8.493812320153893e-10,6.653220907537616e-08,1.0537299885982065e-06,9.418203262612224e-05,1.212359848068445e-07,3.823747647402342e-06,0.9998910427093506
151,v1/unclean/vanet/216752426.jpg,0556330ddebece2c3d388a37304553c1b0f3ce69717ea5ebecee55b3c3f695bf,CONFIRMED_NEYSAN,unclean,v1,CONFIRMED_NOT_V1TEST,DAY_CLEAR,vanet,vanet,True,0.9928,0.9927641749382019,False,silent_acceptance,7.910386921139434e-05,1.1477537142923211e-08,4.062500374857336e-05,0.002025098539888859,0.0050433045253157616,7.102790391400049e-07,4.702786463894881e-05,0.9927641749382019
152,v1/unclean/vanet/217624535.jpg,ad06114f4adcd43c6f381d3e47c8d0280cccfb1f6271634d846ee1686e5ecb94,CONFIRMED_NEYSAN,unclean,v1,CONFIRMED_NOT_V1TEST,NIGHT,vanet,vanet,True,0.9599,0.9598977565765381,False,silent_acceptance,4.00036879000254e-05,2.7103558295493713e-06,4.975503998139175e-06,0.0004036876780446619,0.00014581435243599117,0.028522126376628876,0.010982870124280453,0.9598977565765381
153,v1/unclean/vanet/217670439.jpg,32778c3c9bfe7e8293282877d73e292e5363d18b3a0ad126c370e73ebf319a36,CONFIRMED_NEYSAN,unclean,v1,CONFIRMED_NOT_V1TEST,DAY_CLEAR,vanet,vanet,True,0.9896,0.9896386861801147,False,silent_acceptance,3.567349995137192e-05,8.899779686544207e-07,1.5031749171612319e-05,0.009916907176375389,0.00022228465240914375,4.331706077209674e-05,0.00012719104415737092,0.9896386861801147
154,v1/unclean/vanet/218187967.jpg,2156d411dd910af8444c8ea0f5f4caaafe17988a4b8f4f0593591dfaa140d90f,CONFIRMED_NEYSAN,unclean,v1,CONFIRMED_NOT_V1TEST,DAY_CLEAR,vanet,vanet,True,0.9988,0.9987905621528625,False,silent_acceptance,6.75059127388522e-05,8.962991238092854e-09,0.0009331435430794954,0.00013054677401669323,4.6210298023652285e-06,3.578917812774307e-06,7.002548954915255e-05,0.9987905621528625
155,v2/train/vanet/194604026.jpg,61109bc2f23b57c3a4007613b51af9209608d883b0c1479904f812b70de8796d,CONFIRMED_NEYSAN,train,v2,CONFIRMED_NOT_V1TEST,DAY_CLEAR,vanet,vanet,True,0.9970,0.997031569480896,False,silent_acceptance,3.9191704104268865e-07,1.7529082352307768e-11,4.4437641122385685e-07,0.0012751739704981446,6.294396735029295e-05,4.8651731532345366e-08,0.0016293757362291217,0.997031569480896
156,v2/train/vanet/194841865.jpg,66adadcf7cde03e36351a3614a375787c3f13d7b9faf7fbabb9943c07a0cdcc7,CONFIRMED_NEYSAN,train,v2,CONFIRMED_NOT_V1TEST,DAY_CLEAR,vanet,vanet,True,0.7008,0.7007565498352051,True,sent_to_review,0.019759370014071465,3.973492857767269e-05,0.0011626698542386293,0.014805899001657963,0.0001237292744917795,2.995050817844458e-05,0.26332205533981323,0.7007565498352051
157,v2/train/vanet/194936120.jpg,2edd8d029d5d1a34d9a233655dadf6e94d3b2cb6a1f7c98397eb7364aae28b97,CONFIRMED_NEYSAN,train,v2,CONFIRMED_NOT_V1TEST,DAY_CLEAR,vanet,vanet,True,0.9906,0.9906399250030518,False,silent_acceptance,3.4221411624457687e-06,2.076172789244879e-09,9.252130257664248e-05,0.008547141216695309,3.850261418847367e-05,2.630653916924075e-08,0.0006784187280572951,0.9906399250030518
158,v2/train/vanet/195136808.jpg,cd103b91da67ba075aac023c34b2f7baaf22e403daced72b84fb22fa80eb2840,CONFIRMED_NEYSAN,train,v2,CONFIRMED_NOT_V1TEST,DAY_CLEAR,vanet,vanet,True,0.9994,0.9994093179702759,False,silent_acceptance,0.00020388995471876115,3.662964376260902e-09,2.389305677752418e-07,0.00025329014169983566,0.00012882513692602515,4.429857199284015e-06,5.1359705821596435e-08,0.9994093179702759
159,v2/train/vanet/195297859.jpg,18525ba004ebc5618b19d0b343c23284801e51df06935d61aac8c9204c5ceefb,CONFIRMED_NEYSAN,train,v2,CONFIRMED_NOT_V1TEST,DAY_CLEAR,vanet,vanet,True,0.9993,0.9992815852165222,False,silent_acceptance,0.0004120735393371433,1.2712102481771126e-08,2.63183937931899e-06,3.7588913983199745e-05,0.0001892891596071422,6.175278485898161e-06,7.063310476951301e-05,0.9992815852165222
160,v2/train/vanet/195489956.jpg,84bf0a2d9a44654125c3e8bb058d7d22b8c5edb37e05cada66154dc6c5c211ac,CONFIRMED_NEYSAN,train,v2,CONFIRMED_NOT_V1TEST,DAY_CLEAR,vanet,vanet,True,0.9974,0.9974308609962463,False,silent_acceptance,4.2521519389993045e-06,4.7260865360110316e-11,5.4348575417861866e-08,0.0006406054017134011,0.0018869119230657816,1.526403679008581e-07,3.7111232813913375e-05,0.9974308609962463
161,v2/train/vanet/195623474.jpg,399a5121942b8e4a3d029a6afa72804eb8931d92149e05b1cddc17391b347fbc,CONFIRMED_NEYSAN,train,v2,CONFIRMED_NOT_V1TEST,DAY_CLEAR,vanet,vanet,True,0.9960,0.9959891438484192,False,silent_acceptance,8.474396054225508e-06,3.7757139637051296e-09,4.3480631006787007e-07,1.0044062037195545e-05,0.00032844720408320427,7.813571755832527e-06,0.003655674634501338,0.9959891438484192
162,v2/train/vanet/195729274.jpg,cc9a39c7ccc72f0ad6c16fe32f85c4f7963d10d8cae495b53da4a64d8b543e8b,CONFIRMED_NEYSAN,train,v2,CONFIRMED_NOT_V1TEST,DAY_CLEAR,vanet,vanet,True,0.9998,0.99983811378479,False,silent_acceptance,6.22696679783985e-05,4.763324457091045e-11,2.3825348307582317e-06,1.075506406778004e-05,6.42601735307835e-05,7.975695552886464e-06,1.4257388102123514e-05,0.99983811378479
163,v2/train/vanet/196271519.jpg,11dbdde7e895b91449f8a18134c274d43355328ada845d6d85622232f05aaa78,CONFIRMED_NEYSAN,train,v2,CONFIRMED_NOT_V1TEST,DAY_CLEAR,vanet,vanet,True,0.5631,0.5631355047225952,True,sent_to_review,2.848684016498737e-05,3.4165582292189356e-06,0.006870212033390999,0.42965802550315857,2.734233385126572e-05,2.1394324534185216e-08,0.0002770207356661558,0.5631355047225952
164,v2/train/vanet/196600810.jpg,dda660f57344b6b857a72551ea670735b79f09baa4421a275ab9c0cd1951f15d,CONFIRMED_NEYSAN,train,v2,CONFIRMED_NOT_V1TEST,DAY_CLEAR,vanet,vanet,True,0.9887,0.9886531233787537,False,silent_acceptance,4.801882823812775e-05,3.877339782576428e-09,7.085077959345654e-05,6.519402813864872e-05,0.011140234768390656,2.3416437500145548e-07,2.2354844986693934e-05,0.9886531233787537
165,v2/train/vanet/196659846.jpg,166b818103815b2df8b126fb6087a6e3b1e9cc25ed6ce299cabef25180a1d87e,CONFIRMED_NEYSAN,train,v2,CONFIRMED_NOT_V1TEST,DAY_CLEAR,vanet,vanet,True,0.9954,0.9954497218132019,False,silent_acceptance,5.267560027277796e-06,1.28611926664135e-10,1.4668935364170466e-06,0.004202864598482847,0.000288390030618757,8.120625061280862e-09,5.22821064805612e-05,0.9954497218132019
166,v2/train/vanet/196691380.jpg,7c3be3c670b13cdf8322fb34706001f368bba07c5eefa64564333da854ec6da4,CONFIRMED_NEYSAN,train,v2,CONFIRMED_NOT_V1TEST,DAY_CLEAR,vanet,vanet,True,0.9968,0.9968048334121704,False,silent_acceptance,3.489124992483994e-06,9.174441067960615e-11,1.3615390344057232e-06,4.421832727530273e-06,3.236413249396719e-05,6.1587920754391234e-06,0.003147362032905221,0.9968048334121704
167,v2/train/vanet/196935586.jpg,5c8e0c8b1e43f3edc5786e86bee5613f53a4455576e331a824c4a3970af7dd04,CONFIRMED_NEYSAN,train,v2,CONFIRMED_NOT_V1TEST,DAY_CLEAR,vanet,vanet,True,0.9689,0.9689448475837708,False,silent_acceptance,5.340576990420232e-06,1.6068960917436925e-07,0.026231462135910988,8.315932973346207e-06,4.971420639776625e-05,3.2294199627358466e-05,0.004727921914309263,0.9689448475837708
168,v2/train/vanet/196958341.jpg,d83f00b8fda268796ffd37cf1502e71d1804a42f9597e6fb30092d4ede3e1bfb,CONFIRMED_NEYSAN,train,v2,CONFIRMED_NOT_V1TEST,DAY_CLEAR,vanet,vanet,True,0.9902,0.990242063999176,False,silent_acceptance,8.916249498724937e-06,4.1274461182183586e-07,6.227048288565129e-05,0.007260085083544254,0.00010725443280534819,7.213341450551525e-05,0.002246811054646969,0.990242063999176
169,v2/train/vanet/197012948.jpg,99954aa5eb527162a0da0f04cab260eeb9af48f56fae4e21c623ee963b60fa36,CONFIRMED_NEYSAN,train,v2,CONFIRMED_NOT_V1TEST,DAY_CLEAR,vanet,vanet,True,0.9025,0.902546763420105,True,sent_to_review,4.75139677291736e-06,1.3976548984828696e-07,8.448800508631393e-05,0.0015393792418763041,0.09561893343925476,1.503749587072889e-07,0.00020538584794849157,0.902546763420105
170,v2/train/vanet/197050396.jpg,7df1b75ca7e5255bdb30e1a2a0782ddc496693a1f0ae177ffe39d5e6788809c1,CONFIRMED_NEYSAN,train,v2,CONFIRMED_NOT_V1TEST,DAY_CLEAR,vanet,vanet,True,0.9846,0.9846386313438416,False,silent_acceptance,0.00044534789049066603,5.4591180465024536e-09,0.007639255840331316,0.007020254619419575,0.00025420341989956796,1.3206435944823625e-08,2.3110039819584927e-06,0.9846386313438416
171,v2/train/vanet/197051875.jpg,75e20ec465eacea78168a5f1748f7208e02338c76dc3839ffecf578cb9fb77e6,CONFIRMED_NEYSAN,train,v2,CONFIRMED_NOT_V1TEST,DAY_CLEAR,vanet,kamyun,False,0.6148,0.6147800087928772,True,error_caught,7.487691618734971e-05,2.9663915768196603e-08,0.6147800087928772,0.0044860499911010265,0.002078913152217865,3.760450795198267e-07,0.0013479337794706225,0.37723177671432495
172,v2/train/vanet/197145624.jpg,c8ae1e46555251ddf85d37970a6759a268939d44b7e818123b3f3ffa935fa5bb,CONFIRMED_NEYSAN,train,v2,CONFIRMED_NOT_V1TEST,DAY_CLEAR,vanet,kamyun,False,0.5093,0.5092803835868835,True,error_caught,0.0006013953825458884,3.318244807815063e-07,0.5092803835868835,0.001464791246689856,0.001081267953850329,7.778148614079328e-08,3.734305573743768e-05,0.48753446340560913
173,v2/train/vanet/197230014.jpg,9ee388920bee4fcc708653f510ad1d06ad28f983be1aea3e5d0c60aa22a96fcd,CONFIRMED_NEYSAN,train,v2,CONFIRMED_NOT_V1TEST,DAY_CLEAR,vanet,vanet,True,0.9985,0.9984526634216309,False,silent_acceptance,0.00011985761375399306,1.4683867277653917e-07,4.913517477689311e-05,1.3357496300159255e-06,0.0001331419189227745,5.2359966502990574e-05,0.0011913880007341504,0.9984526634216309
174,v2/train/vanet/197248106.jpg,2fe9e5048ddec328e365a23e569727dd3fa009ede6601666fb59fb2c4ace60ea,CONFIRMED_NEYSAN,train,v2,CONFIRMED_NOT_V1TEST,DAY_CLEAR,vanet,vanet,True,0.9947,0.9947323799133301,False,silent_acceptance,1.5387295206892304e-05,3.038098883578755e-09,0.0006014343816787004,0.0003291703178547323,8.297416206914932e-05,2.9030579753452912e-05,0.004209642764180899,0.9947323799133301
175,v2/train/vanet/197400566.jpg,3c7278417fe67a01d5faf2927bc5aac420fc2a1f3022f15a5d5475ab9fceed75,CONFIRMED_NEYSAN,train,v2,CONFIRMED_NOT_V1TEST,DAY_CLEAR,vanet,vanet,True,0.8906,0.8906175494194031,True,sent_to_review,0.00046512155677191913,1.0347449460823555e-05,0.013873965479433537,0.0465238019824028,0.031062643975019455,2.3363913896901067e-06,0.017444254830479622,0.8906175494194031
176,v2/train/vanet/197526482.jpg,d24ff94e8b0e974c3edcf44cf6dacb8c23e21f833df314e27602d141f998dc4f,CONFIRMED_NEYSAN,train,v2,CONFIRMED_NOT_V1TEST,DAY_CLEAR,vanet,vanet,True,0.9957,0.9957289099693298,False,silent_acceptance,2.008914998441469e-05,4.3443444397439634e-09,0.0008428519358858466,0.0028428828809410334,0.0004904178204014897,5.8517781731382e-09,7.479573832824826e-05,0.9957289099693298
177,v2/train/vanet/197599935.jpg,278f206f8a202a56ec8a9f1c1eb087afc665ab7a693009a49ef8a416b0df0304,CONFIRMED_NEYSAN,train,v2,CONFIRMED_NOT_V1TEST,INFRARED,vanet,vanet,True,0.9937,0.9937009811401367,False,silent_acceptance,0.00013907492393627763,3.049171581892551e-08,8.37284403587546e-07,0.000303032313240692,7.381392606475856e-06,0.005836281925439835,1.235890158568509e-05,0.9937009811401367
178,v2/train/vanet/197800952.jpg,aa25035b8606c2b0a2330cb0e36c064507faec9c68c434b1ce4b3ac6561ff754,CONFIRMED_NEYSAN,train,v2,CONFIRMED_NOT_V1TEST,DAY_CLEAR,vanet,taxi,False,0.6507,0.6507031917572021,True,error_caught,7.703431947447825e-06,4.2396322896820493e-07,0.00039917195681482553,0.004053564742207527,0.009561406448483467,1.3460526133712847e-06,0.6507031917572021,0.33527320623397827
179,v2/train/vanet/197801257.jpg,53517075f26c05441666b5b22b50ef25c6dfee8139ad289e131c812fcf295b95,CONFIRMED_NEYSAN,train,v2,CONFIRMED_NOT_V1TEST,DAY_CLEAR,vanet,taxi,False,0.5223,0.5222740173339844,True,error_caught,1.2075899576302618e-05,4.4221749817552336e-07,6.63709724904038e-05,0.017726967111229897,0.11259788274765015,9.134812717093155e-05,0.5222740173339844,0.34723082184791565
180,v2/train/vanet/197986381.jpg,50ed349efeb86bea3eee131ce5c0ba309638ebb8e0db6f9a369c0705072ddd62,CONFIRMED_NEYSAN,train,v2,CONFIRMED_NOT_V1TEST,DAY_CLEAR,vanet,vanet,True,0.9978,0.9978376030921936,False,silent_acceptance,4.894001176580787e-05,2.0511816245516457e-08,0.0009697607601992786,0.0001411089615430683,0.0005389853613451123,1.4064605124985974e-07,0.0004634446813724935,0.9978376030921936
181,v2/train/vanet/198067896.jpg,91947aa32e0defe210d2503b14f50ab3765331247a7b078c37c04eee887eb059,CONFIRMED_NEYSAN,train,v2,CONFIRMED_NOT_V1TEST,DAY_CLEAR,vanet,vanet,True,0.9675,0.9675444960594177,False,silent_acceptance,0.0008077858947217464,7.324692887777928e-06,0.019407734274864197,0.00019597791833803058,0.00016133316967170686,0.00014776256284676492,0.011727564968168736,0.9675444960594177
182,v2/train/vanet/198083699.jpg,60277d8205be08d40860f530095cf6105f4e6be78f4d1101329f93f5d560f2d4,CONFIRMED_NEYSAN,train,v2,CONFIRMED_NOT_V1TEST,DAY_CLEAR,vanet,vanet,True,0.9996,0.9995763897895813,False,silent_acceptance,1.4048024468138465e-06,4.542942688701146e-10,1.1731862286978867e-05,1.120408433052944e-05,1.6108959243865684e-05,8.38973051031644e-07,0.00038230218342505395,0.9995763897895813
183,v2/train/vanet/198119089.jpg,ceebfa8448cc9b03eb83603223183d768a2beba6ece1e890f3f8b89b84c581c7,CONFIRMED_NEYSAN,train,v2,CONFIRMED_NOT_V1TEST,DAY_PARTIAL_OR_NOT_OBSERVABLE,vanet,vanet,True,0.9923,0.9922729730606079,False,silent_acceptance,2.182567368436139e-05,1.7550662505527725e-06,0.001985963899642229,6.0383019444998354e-05,0.0026412683073431253,0.0006336139049381018,0.0023822272196412086,0.9922729730606079
184,v2/train/vanet/198237870.jpg,8290ed4da9112ad8f02fecae039d3a0b74cd41481f2fd07f68022a2388ce6faf,CONFIRMED_NEYSAN,train,v2,CONFIRMED_NOT_V1TEST,DAY_CLEAR,vanet,kamyun,False,0.6005,0.6004992127418518,True,error_caught,0.00048804920515976846,1.5154475931922207e-06,0.6004992127418518,0.003857702948153019,0.3806062340736389,2.955658473524636e-08,2.3517633962910622e-05,0.014523743651807308
185,v2/train/vanet/198246401.jpg,8d3888eeb303444eb8cbd4fffbed56be4a95ff06d19181d947d09c95a39b4b07,CONFIRMED_NEYSAN,train,v2,CONFIRMED_NOT_V1TEST,DAY_PARTIAL_OR_NOT_OBSERVABLE,vanet,vanet,True,0.9809,0.980901300907135,False,silent_acceptance,4.3171976926714706e-07,3.7414751297149e-09,0.0002857171348296106,0.015573984943330288,4.469539817364421e-06,1.6007273018203705e-07,0.003233999479562044,0.980901300907135
186,v2/train/vanet/198248524.jpg,471f0b476d567edd6ca944851538e9eb58b7a83451a41028ec0eff1b10d8e01d,CONFIRMED_NEYSAN,train,v2,CONFIRMED_NOT_V1TEST,DAY_CLEAR,vanet,vanet,True,0.9999,0.9998922348022461,False,silent_acceptance,4.06949673958934e-08,1.2421381631599893e-11,2.8482642022709115e-08,2.866129761969205e-05,7.837031444068998e-05,1.89681017559451e-08,5.882834557269234e-07,0.9998922348022461
187,v2/train/vanet/198361421.jpg,22b4c6561a7750e7e808941e89880325c9937ff3377fa060e7324cecfb3e119d,CONFIRMED_NEYSAN,train,v2,CONFIRMED_NOT_V1TEST,NIGHT,vanet,vanet,True,0.9828,0.9827733039855957,False,silent_acceptance,0.0003158670733682811,4.5959890826452465e-07,0.006420711986720562,0.006951488554477692,0.00341909471899271,1.4742152416147292e-05,0.00010430683323647827,0.9827733039855957
188,v2/train/vanet/198381413.jpg,8a75676670f7b9b282acbbad426df999c6dbd278765188b02cac0b3f4886755b,CONFIRMED_NEYSAN,train,v2,CONFIRMED_NOT_V1TEST,DAY_CLEAR,vanet,vanet,True,0.8577,0.8577077388763428,True,sent_to_review,0.00032809912227094173,2.6997884816637452e-08,0.0008080025436356664,0.12991246581077576,0.00298812473192811,6.389753934854525e-07,0.008254931308329105,0.8577077388763428
189,v2/train/vanet/198484121.jpg,faa7bb9789c88918c2df8fb4087fc01b7c7d5f935d4a25207da38eace05f7e1f,CONFIRMED_NEYSAN,train,v2,CONFIRMED_NOT_V1TEST,DAY_CLEAR,vanet,vanet,True,0.9856,0.9855542182922363,False,silent_acceptance,1.0681159437808674e-05,3.878183552075143e-09,4.5763077650917694e-05,0.013234240934252739,0.0009053389658220112,3.5554037935980887e-08,0.0002496663073543459,0.9855542182922363
190,v2/train/vanet/198502993.jpg,3ae621e642e99e716e438d07b1438c6f086100ada9a7522c3c592794ab59bf13,CONFIRMED_NEYSAN,train,v2,CONFIRMED_NOT_V1TEST,DAY_PARTIAL_OR_NOT_OBSERVABLE,vanet,vanet,True,0.6321,0.6320840120315552,True,sent_to_review,0.0005079293041490018,2.6014547984232195e-05,0.05919578671455383,0.00027797109214589,0.006712869741022587,0.004819377325475216,0.2963760793209076,0.6320840120315552
191,v2/train/vanet/198682197.jpg,e41732645a264c8cbf7b773ed072927781dc5e1708ec1ccaeaca197e5e298799,CONFIRMED_NEYSAN,train,v2,CONFIRMED_NOT_V1TEST,DAY_CLEAR,vanet,vanet,True,0.9893,0.9892762899398804,False,silent_acceptance,3.922083124052733e-05,5.54579093758889e-09,2.390548434050288e-05,0.0012687334092333913,0.009311625733971596,5.331306169864547e-07,7.964240649016574e-05,0.9892762899398804
192,v2/train/vanet/198738633.jpg,b517727931484736b2ef43f5ce9e226a7973940f074d1c5d97945b02598fd951,CONFIRMED_NEYSAN,train,v2,CONFIRMED_NOT_V1TEST,DAY_CLEAR,vanet,vanet,True,0.8023,0.8023488521575928,True,sent_to_review,0.0002995344693772495,1.8882637675687874e-07,0.046058863401412964,0.1493464857339859,0.0019079367630183697,6.539632977364818e-06,3.1522984500043094e-05,0.8023488521575928
193,v2/train/vanet/198922511.jpg,f38afbe5e2904cf8c04b25dcbd9d9acb2760346e23d1f22e90ac92c0d5db15ff,CONFIRMED_NEYSAN,train,v2,CONFIRMED_NOT_V1TEST,DAY_CLEAR,vanet,vanet,True,0.9989,0.9989451766014099,False,silent_acceptance,2.7720503567252308e-05,7.514362465599334e-08,0.0007350815576501191,2.115512870659586e-06,1.841799712565262e-05,1.8633876607054844e-05,0.00025280265253968537,0.9989451766014099
194,v2/train/vanet/199126941.jpg,2e75f9e323f62ba1f8db797a39713fd9b7d2fe18c2f4db4764f3418555af8e46,CONFIRMED_NEYSAN,train,v2,CONFIRMED_NOT_V1TEST,DAY_CLEAR,vanet,vanet,True,1.0000,0.999975323677063,False,silent_acceptance,1.1930545952054672e-05,1.0355715174270586e-09,3.133617155981483e-06,5.129356395627838e-06,3.3364085538778454e-06,1.0868476465475396e-06,1.075058122523842e-07,0.999975323677063
195,v2/train/vanet/199169585.jpg,4c50c9bac01180aee7eec7ec4e4ea144d177f9280989e00389b58002bbd7ef2a,CONFIRMED_NEYSAN,train,v2,CONFIRMED_NOT_V1TEST,DAY_PARTIAL_OR_NOT_OBSERVABLE,vanet,vanet,True,0.9747,0.9747166037559509,False,silent_acceptance,2.7959646104136482e-05,6.352804120979272e-06,0.01097692921757698,0.012723082676529884,0.0010199390817433596,0.00026574241928756237,0.00026333463029004633,0.9747166037559509
196,v2/train/vanet/199280248.jpg,d29c78ed00239223d08e290c014fbf6561f515e81b4d26aa72bc8c066e2ff444,CONFIRMED_NEYSAN,train,v2,CONFIRMED_NOT_V1TEST,DAY_CLEAR,vanet,vanet,True,0.9862,0.9862197637557983,False,silent_acceptance,0.0012334726052358747,2.1779942471766844e-07,0.009299509227275848,0.00043971254490315914,0.00024560693418607116,7.73289502831176e-06,0.0025539021007716656,0.9862197637557983
197,v2/train/vanet/199334653.jpg,aea8b441385986261216bc4646317b48073bb30dc404f9808a73cfdbf5ca2387,CONFIRMED_NEYSAN,train,v2,CONFIRMED_NOT_V1TEST,DAY_CLEAR,vanet,vanet,True,0.9902,0.9902371764183044,False,silent_acceptance,0.00025194973568432033,9.670135803219182e-10,0.00011939572868868709,0.0010216321097686887,1.3144601325620897e-05,1.662019997183961e-07,0.008356516249477863,0.9902371764183044
198,v2/train/vanet/199339196.jpg,58526689ba9868e8bb009b6a709d9a870ff1d83f7d3bde1fe5a722ed0ede23b1,CONFIRMED_NEYSAN,train,v2,CONFIRMED_NOT_V1TEST,DAY_CLEAR,vanet,vanet,True,0.9271,0.9270979166030884,True,sent_to_review,0.0006656827172264457,4.6506610829055717e-07,0.037254318594932556,0.034596607089042664,5.673529813066125e-05,1.7509324607090093e-05,0.0003107546945102513,0.9270979166030884
199,v2/train/vanet/199447894.jpg,9387b41b883dc0ed0214538ba3185e659af6cffed287155a8e7ade9a3a08cb06,CONFIRMED_NEYSAN,train,v2,CONFIRMED_NOT_V1TEST,DAY_CLEAR,vanet,vanet,True,0.9969,0.9968752861022949,False,silent_acceptance,1.151513060904108e-05,8.961383457517513e-08,0.0025394423864781857,4.233613071846776e-05,0.00017060126992873847,5.2715309720952064e-05,0.00030804553534835577,0.9968752861022949
200,v2/train/vanet/199550450.jpg,53da085f24e6c09cc39ac94c8d04b94534d56e52fa26bc23be3cce481d315ad8,CONFIRMED_NEYSAN,train,v2,CONFIRMED_NOT_V1TEST,DAY_CLEAR,vanet,vanet,True,0.9921,0.992121696472168,False,silent_acceptance,2.106113925037789e-06,1.3395778708513717e-08,0.004029132425785065,0.0007538473000749946,2.1897310944041237e-05,6.174527129587659e-07,0.0030706808902323246,0.992121696472168
201,v2/train/vanet/199832901.jpg,69bbd63eff45f8150ecfe637404412ee2415cd4f84f683b004b27e6f34995e4f,CONFIRMED_NEYSAN,train,v2,CONFIRMED_NOT_V1TEST,DAY_CLEAR,vanet,vanet,True,0.9949,0.994855523109436,False,silent_acceptance,9.675777982920408e-05,7.147345115754433e-08,0.0002476545632816851,0.004767540376633406,2.7662386855809018e-05,4.5986290331256896e-08,4.7735161388118286e-06,0.994855523109436
202,v2/train/vanet/199953375.jpg,497377eb9ede4243747041aa951f6504b4dded1593563c0eea45b3665da60f9f,CONFIRMED_NEYSAN,train,v2,CONFIRMED_NOT_V1TEST,DAY_CLEAR,vanet,vanet,True,0.9915,0.9915142059326172,False,silent_acceptance,4.529752186499536e-05,4.579695289663732e-09,9.345447438136034e-07,0.008282938040792942,0.0001486913679400459,4.7197380581565085e-07,7.378218015219318e-06,0.9915142059326172
203,v2/train/vanet/200298503.jpg,5fb6b793e9f8c55f53a732b04221f7d04d2c34046c7298fecda2095a4e85640a,CONFIRMED_NEYSAN,train,v2,CONFIRMED_NOT_V1TEST,DAY_CLEAR,vanet,kamyun,False,0.9834,0.9833895564079285,False,confident_misclassification,2.88527189695742e-06,3.2972027383948443e-06,0.9833895564079285,0.0006642562220804393,0.000827177835162729,2.766171860457689e-07,0.00041763728950172663,0.01469489000737667
204,v2/train/vanet/200389158.jpg,fa13f247afd93ba9a75f184d5d60119c9e9a1764a87fe5ba2e126eb6220e5658,CONFIRMED_NEYSAN,train,v2,CONFIRMED_NOT_V1TEST,DAY_CLEAR,vanet,vanet,True,0.9986,0.998609185218811,False,silent_acceptance,1.7530923287267797e-05,9.941667258317466e-07,5.9716625401051715e-05,1.0498736628505867e-05,0.0010247546015307307,0.00018506450578570366,9.227788541465998e-05,0.998609185218811
205,v2/train/vanet/200481076.jpg,b551c002fcd3129c17333676558ce5ca69882b423e8947d8e1dbfa9a614efe40,CONFIRMED_NEYSAN,train,v2,CONFIRMED_NOT_V1TEST,DAY_CLEAR,vanet,vanet,True,0.9691,0.9691457748413086,False,silent_acceptance,7.67720030125929e-06,3.2204508504385387e-10,0.0011891565518453717,0.029542509466409683,3.346640369272791e-05,1.0996613397651345e-08,8.137181430356577e-05,0.9691457748413086
206,v2/train/vanet/200809636.jpg,d2b23b510c0ecfa63b4fc692f64301e48dac9f7d6c52715c138cbb5588e0626f,CONFIRMED_NEYSAN,train,v2,CONFIRMED_NOT_V1TEST,DAY_CLEAR,vanet,kamyunet,False,0.6769,0.6769496202468872,True,error_caught,0.011922274716198444,1.366084802612022e-06,0.017573729157447815,0.6769496202468872,0.005232769995927811,1.1985675030246057e-07,2.260118662888999e-06,0.28831788897514343
207,v2/train/vanet/200843665.jpg,3ba361f9fd8701a5bcc479d801f2a1aba52db66734553a3d70d86295ffe83e99,CONFIRMED_NEYSAN,train,v2,CONFIRMED_NOT_V1TEST,DAY_CLEAR,vanet,vanet,True,0.9830,0.9830402731895447,False,silent_acceptance,7.162895053625107e-05,2.2085268938099034e-06,0.000761016272008419,0.0036433313507586718,0.010389302857220173,0.00037979864282533526,0.0017124932492151856,0.9830402731895447
208,v2/train/vanet/202177183.jpg,09629d617f8c19b5ea0d8c97f6b5b0f8a71fec2c76fc0b85d26df138c33479bc,CONFIRMED_NEYSAN,train,v2,CONFIRMED_NOT_V1TEST,DAY_CLEAR,vanet,vanet,True,0.9975,0.9974831938743591,False,silent_acceptance,5.7193483371520415e-06,5.2214847556797395e-08,0.0017204360337927938,0.000600782164838165,6.987209781073034e-05,9.39041274250485e-06,0.0001105450137401931,0.9974831938743591
209,v2/train/vanet/202784956.jpg,a9e7646efca0cd8fa2bca1580612192172d2ab3bffc8edfa89d3a66060bf2c16,CONFIRMED_NEYSAN,train,v2,CONFIRMED_NOT_V1TEST,DAY_PARTIAL_OR_NOT_OBSERVABLE,vanet,vanet,True,0.4218,0.4217801094055176,True,sent_to_review,0.00026206046459265053,0.02798246406018734,0.009966330602765083,0.0002852145116776228,0.08299701660871506,0.16051781177520752,0.29620906710624695,0.4217801094055176
210,v2/train/vanet/202810079.jpg,6c20cd18bc3d9967fcc04154fe67d1f0f5c1238de28e68a81518fc9ae59cafca,CONFIRMED_NEYSAN,train,v2,CONFIRMED_NOT_V1TEST,DAY_CLEAR,vanet,vanet,True,0.8465,0.8465095162391663,True,sent_to_review,3.195776298525743e-05,4.1283200857833435e-07,0.00047029939014464617,0.12273630499839783,0.028661398217082024,1.0501560865350257e-07,0.0015900307334959507,0.8465095162391663
211,v2/train/vanet/202819083.jpg,e2dfc6c961ae8e98212b361e346b661685f71589a0d8940a8417641a91898a37,CONFIRMED_NEYSAN,train,v2,CONFIRMED_NOT_V1TEST,DAY_CLEAR,vanet,vanet,True,0.8836,0.8835666179656982,True,sent_to_review,0.0004714653769042343,1.6239404487805587e-08,0.10713902115821838,0.004422863945364952,0.004290116019546986,1.2020662687461936e-08,0.00010994295735144988,0.8835666179656982
212,v2/train/vanet/202926245.jpg,318183ae06ab7b2e565c568da2d08f6cbf5624c0819d443bc3b3a38ece9c381e,CONFIRMED_NEYSAN,train,v2,CONFIRMED_NOT_V1TEST,DAY_CLEAR,vanet,vanet,True,0.9999,0.9998847246170044,False,silent_acceptance,4.95266322104726e-05,3.7282418818840313e-10,3.288067318862886e-06,5.9946460169157945e-06,4.9505335482535884e-05,1.394081436956185e-07,6.833928637206554e-06,0.9998847246170044
213,v2/train/vanet/203138968.jpg,d47ad1befd999760a203f3f0706faf2cc3bc3fb08f479a46617ce6b36dd1148b,CONFIRMED_NEYSAN,train,v2,CONFIRMED_NOT_V1TEST,DAY_CLEAR,vanet,vanet,True,0.9966,0.9965614676475525,False,silent_acceptance,0.0005549172637984157,1.189969012216352e-08,4.69236692879349e-05,0.0025844494812190533,0.0002517449902370572,4.8080217140977766e-08,4.356224394541641e-07,0.9965614676475525
214,v2/train/vanet/203213711.jpg,669d127b129f38eb68cc63eacc2a67a41e575c204ba08ecd0e01543d4ae44205,CONFIRMED_NEYSAN,train,v2,CONFIRMED_NOT_V1TEST,DAY_CLEAR,vanet,vanet,True,0.9994,0.9994494318962097,False,silent_acceptance,2.026221773121506e-05,1.6132744917740638e-08,8.339517989952583e-06,1.9104661987512372e-05,5.9147288993699476e-05,2.632408359204419e-05,0.0004173477063886821,0.9994494318962097
215,v2/train/vanet/203265997.jpg,9d1f10cabf044dd8846ac4832ee227ffa520f06c10c4db6ab7a89c92c31c0b66,CONFIRMED_NEYSAN,train,v2,CONFIRMED_NOT_V1TEST,DAY_CLEAR,vanet,vanet,True,0.9970,0.9969949722290039,False,silent_acceptance,3.53756718141085e-06,2.7093891574736517e-08,0.0005534433294087648,0.00012016617984045297,0.0002602500026114285,1.391168439113244e-06,0.0020662371534854174,0.9969949722290039
216,v2/train/vanet/205327149.jpg,83360658d777be03cc2dc27401d28923e247128506144eb3014739582a92e209,CONFIRMED_NEYSAN,train,v2,CONFIRMED_NOT_V1TEST,DAY_CLEAR,vanet,vanet,True,0.9896,0.9896425604820251,False,silent_acceptance,6.199884978741466e-07,3.2020819329403594e-09,0.009290546178817749,0.0009793798672035336,8.313160651596263e-05,2.4228382855540076e-08,3.7943416373309446e-06,0.9896425604820251
217,v2/train/vanet/206108673.jpg,029a92f054f2ca1d729b4d13c9f205b508d302fd442db642f8cefce531fc202d,CONFIRMED_NEYSAN,train,v2,CONFIRMED_NOT_V1TEST,DAY_PARTIAL_OR_NOT_OBSERVABLE,vanet,vanet,True,0.9997,0.9996659755706787,False,silent_acceptance,7.359641585935606e-06,4.7648534007294074e-09,8.565220923628658e-05,1.240926758327987e-05,0.0002165446348953992,8.071423508226871e-06,3.9851638575783e-06,0.9996659755706787
218,v2/train/vanet/206146531.jpg,234e7628d2932f708bc982f640eaa5766bf721f4646acda4279997f0578830a7,CONFIRMED_NEYSAN,train,v2,CONFIRMED_NOT_V1TEST,DAY_CLEAR,vanet,kamyun,False,0.5977,0.5976543426513672,True,error_caught,0.0001363697519991547,2.3894701328686097e-08,0.5976543426513672,0.010675922967493534,0.019196737557649612,3.5357757610654517e-08,0.0012741480022668839,0.3710624873638153
219,v2/train/vanet/206569698.jpg,1e51fc6f88ca6c784fe6816dd3a833d5bde5bbf216225988f176a7fbc9a11c5b,CONFIRMED_NEYSAN,train,v2,CONFIRMED_NOT_V1TEST,DAY_CLEAR,vanet,vanet,True,0.7714,0.7714306712150574,True,sent_to_review,0.2025635838508606,8.715873036635458e-07,0.00017316250887233764,0.02111378312110901,0.0013327759224921465,1.91778290172806e-05,0.003365948796272278,0.7714306712150574
220,v2/train/vanet/206739448.jpg,d75120dc5943da764a6be3ca43e7a440098c4dc128f0e0fd84a3599da8bfe0f9,CONFIRMED_NEYSAN,train,v2,CONFIRMED_NOT_V1TEST,DAY_CLEAR,vanet,vanet,True,0.9993,0.9992635846138,False,silent_acceptance,4.237004759488627e-06,4.535693001739283e-11,4.112669557798654e-06,0.0004947498673573136,0.00023148400941863656,5.089962229476441e-09,1.7672369949650601e-06,0.9992635846138
221,v2/train/vanet/207016564.jpg,83f634ebb1f2b81145ef460ce9e76ac6d92a2e636239d1c8f20cb2e6787f5c39,CONFIRMED_NEYSAN,train,v2,CONFIRMED_NOT_V1TEST,NIGHT,vanet,vanet,True,0.9910,0.9909886717796326,False,silent_acceptance,4.211198756820522e-05,1.7809508108257432e-06,8.010687793102989e-07,0.0015368357999250293,6.755954018444754e-06,0.0048025138676166534,0.002620523562654853,0.9909886717796326
222,v2/train/vanet/207385887.jpg,0590e6b5ebb99b320d7a6173c478f68a7f35be83dde5d4350707eb905e73a89d,CONFIRMED_NEYSAN,train,v2,CONFIRMED_NOT_V1TEST,DAY_CLEAR,vanet,vanet,True,0.9974,0.9974440336227417,False,silent_acceptance,4.0927379814093e-06,4.155189081700428e-09,5.855528434040025e-05,0.002328253351151943,7.824809290468693e-05,1.398716165113001e-07,8.664810593472794e-05,0.9974440336227417
223,v2/train/vanet/207702391.jpg,9d6108c1ddf3f227f790e376d883ce4fa731c5eedc45d027d644816fd8e89d5f,CONFIRMED_NEYSAN,train,v2,CONFIRMED_NOT_V1TEST,INFRARED,vanet,vanet,True,0.7643,0.7643219828605652,True,sent_to_review,0.0006874477257952094,0.004953597206622362,0.0003203023225069046,0.0007161535322666168,0.07524795830249786,0.15373921394348145,1.3373920410231221e-05,0.7643219828605652
224,v2/train/vanet/207721906.jpg,6a3171028b53e5594ec2c76bd6c2b4fa2092cd4ef36e9ec3e3bf3ae11ea0bea4,CONFIRMED_NEYSAN,train,v2,CONFIRMED_NOT_V1TEST,NIGHT,vanet,vanet,True,0.9615,0.9614764451980591,False,silent_acceptance,1.5852312571951188e-05,1.528103155123972e-07,7.310972449658948e-08,9.740031600813381e-06,0.0009070427040569484,0.03696053847670555,0.0006301812245510519,0.9614764451980591
225,v2/train/vanet/207739732.jpg,454f0993ce72ffadcc5dec7cf0f8affa98853f79644de82add52de9eeb86791a,CONFIRMED_NEYSAN,train,v2,CONFIRMED_NOT_V1TEST,DAY_CLEAR,vanet,vanet,True,0.9965,0.9965279698371887,False,silent_acceptance,0.002845152048394084,1.7781401240313244e-08,0.00016437239537481219,0.0001509515568614006,0.0003018741845153272,2.7429379656496167e-07,9.403831427334808e-06,0.9965279698371887
226,v2/train/vanet/207752161.jpg,e94683e083f33ad067c83add3d99735ac568955986b63cdb8386d3f17edd7a1a,CONFIRMED_NEYSAN,train,v2,CONFIRMED_NOT_V1TEST,DAY_CLEAR,vanet,vanet,True,0.9999,0.9998899698257446,False,silent_acceptance,5.016535169488634e-07,1.4048488934659265e-12,7.512856541325164e-07,1.7704025594866835e-05,8.648952643852681e-05,1.1597369731219942e-09,4.545226602203911e-06,0.9998899698257446
227,v2/train/vanet/208339363.jpg,afa0ffae635d0b921e6cbe154eef0c81b3d8db604efcd8676e6fd87b24a48760,CONFIRMED_NEYSAN,train,v2,CONFIRMED_NOT_V1TEST,DAY_CLEAR,vanet,vanet,True,0.9840,0.9840384721755981,False,silent_acceptance,3.3138842354674125e-06,1.0886286538891454e-08,3.129816832370125e-07,0.0014216004638001323,0.012530920095741749,2.415825065327226e-06,0.0020029214210808277,0.9840384721755981
228,v2/train/vanet/208422550.jpg,d385229368d8bb9dce8e12d343fa22d33868f566b1bd8acdea76bd44998a46e9,CONFIRMED_NEYSAN,train,v2,CONFIRMED_NOT_V1TEST,DAY_CLEAR,vanet,vanet,True,0.9475,0.9475497007369995,True,sent_to_review,0.00010632940393406898,4.5619532457186196e-11,3.296863360446878e-05,0.0491475872695446,0.003090504789724946,5.9355226511570436e-08,7.282373553607613e-05,0.9475497007369995
229,v2/train/vanet/208497709.jpg,41e5048e0cc81ffebe685f37b7e20fbdadba397fa199aa1e1055c395d6546a0a,CONFIRMED_NEYSAN,train,v2,CONFIRMED_NOT_V1TEST,DAY_CLEAR,vanet,vanet,True,0.7525,0.7525419592857361,True,sent_to_review,1.8927056544271181e-06,1.76586194555739e-08,0.2451341450214386,0.0011424468830227852,0.0011362506775185466,1.3461986725360475e-07,4.309179348638281e-05,0.7525419592857361
230,v2/train/vanet/208593884.jpg,b2df6152e00164a8ef1f145dab9448746a4e2881448642e0ac05f9b2f9fb6228,CONFIRMED_NEYSAN,train,v2,CONFIRMED_NOT_V1TEST,DAY_CLEAR,vanet,vanet,True,0.9939,0.9938752055168152,False,silent_acceptance,2.2137470296001993e-05,2.0088690710906576e-09,0.00047225793241523206,0.005516373086720705,0.0001045696553774178,4.6343037740648185e-10,9.497266546532046e-06,0.9938752055168152
231,v2/train/vanet/208635729.jpg,24643edc7705d6f7c1792736338bb984b7a2b193c4154be5a2f2ebe90971a209,CONFIRMED_NEYSAN,train,v2,CONFIRMED_NOT_V1TEST,NIGHT,vanet,vanet,True,0.9676,0.9676184058189392,False,silent_acceptance,2.980327553814277e-05,6.78797277942067e-07,4.2308853153372183e-05,0.00016319258429575711,0.03207794204354286,6.187491089804098e-05,5.80682262807386e-06,0.9676184058189392
232,v2/train/vanet/208707423.jpg,2ec1bd92a892e242c5c1d1ad9d8db0b6d8ced8dc7d4f1d20eb6fbdaa902c8215,CONFIRMED_NEYSAN,train,v2,CONFIRMED_NOT_V1TEST,DAY_CLEAR,vanet,vanet,True,0.9857,0.9857164025306702,False,silent_acceptance,4.519014692050405e-05,3.508002066610061e-07,0.006175789516419172,0.005464854650199413,0.0012092789402231574,1.3622465644402837e-07,0.0013879910111427307,0.9857164025306702
233,v2/train/vanet/209014176.jpg,6d6163b1aaf3cdd8df03b8c5702ebddc369ba8cc1b54ab966c6cce0914e7cf1e,CONFIRMED_NEYSAN,train,v2,CONFIRMED_NOT_V1TEST,DAY_CLEAR,vanet,vanet,True,0.9880,0.9880412817001343,False,silent_acceptance,6.970724643906578e-05,8.552924413152141e-08,0.0022375190164893866,0.00910436362028122,0.00033215497387573123,3.6861345051875105e-06,0.00021119359007570893,0.9880412817001343
234,v2/train/vanet/209096424.jpg,54fc4be0105eaf5720c259a83cdffc05149f1c9bfd9ddc0ddeed06c0dbbfdf70,CONFIRMED_NEYSAN,train,v2,CONFIRMED_NOT_V1TEST,DAY_CLEAR,vanet,vanet,True,0.9948,0.9948294758796692,False,silent_acceptance,0.0010721639264374971,2.3895776024573934e-08,0.000121217621199321,0.00016842967306729406,0.0037932097911834717,5.369491873352672e-07,1.4968028153816704e-05,0.9948294758796692
235,v2/train/vanet/209271297.jpg,62e64c50d7d092639433f637e687cab3ad35c19b5c1f2f6eb238941cdea92d4b,CONFIRMED_NEYSAN,train,v2,CONFIRMED_NOT_V1TEST,DAY_CLEAR,vanet,vanet,True,0.9998,0.9997802376747131,False,silent_acceptance,8.362020162167028e-05,2.8299125265363045e-09,1.0571440043349867e-06,2.395885530859232e-06,1.8002787101067952e-06,1.264721231564181e-05,0.00011826045374618843,0.9997802376747131
236,v2/train/vanet/209493858.jpg,f2dc959f7bf9655eafe0c2ecb7bd82e3d4d02847bebe51377074fb9f47b86aba,CONFIRMED_NEYSAN,train,v2,CONFIRMED_NOT_V1TEST,LOW_LIGHT_UNCLEAR,vanet,vanet,True,0.9995,0.9995357990264893,False,silent_acceptance,0.0004495753673836589,5.614028686373729e-11,9.508250542467067e-08,5.050788445259968e-07,1.1189795259269886e-06,8.711510417924728e-06,4.2748342821141705e-06,0.9995357990264893
237,v2/train/vanet/209919775.jpg,7a4762f61a25248ab59b39e6bac448b8bbbb66202efd930bf1f2a1f2ca537093,CONFIRMED_NEYSAN,train,v2,CONFIRMED_NOT_V1TEST,DAY_CLEAR,vanet,minibus,False,0.5170,0.5169537663459778,True,error_caught,0.0012699300423264503,4.594096125742908e-08,6.274264887906611e-05,0.12990552186965942,0.5169537663459778,4.466547665060716e-08,0.0057961647398769855,0.346011757850647
238,v2/train/vanet/209937838.jpg,dd26963805957e0fdda9857d6d59d306f994685b179111319cfe0fc119b0604f,CONFIRMED_NEYSAN,train,v2,CONFIRMED_NOT_V1TEST,DAY_CLEAR,vanet,vanet,True,0.7113,0.7112595438957214,True,sent_to_review,0.0019881492480635643,1.0368071201583007e-07,0.08008349686861038,0.18842916190624237,0.0182170607149601,1.7125346474244907e-08,2.24310060730204e-05,0.7112595438957214
239,v2/train/vanet/210121027.jpg,61d81a4434001bce64683a10db6306630109bd72e6dc08cf85e570d75f1ccafd,CONFIRMED_NEYSAN,train,v2,CONFIRMED_NOT_V1TEST,DAY_CLEAR,vanet,kamyunet,False,0.6697,0.6696891784667969,True,error_caught,7.884317710704636e-06,1.5162457600581547e-07,0.0031901902984827757,0.6696891784667969,0.002300538821145892,1.5564241095944453e-07,0.014583973214030266,0.3102279007434845
240,v2/train/vanet/211821251.jpg,626052ce2f567dafd0d870914e5f1daf6592f13e5b7cbd6a7c37ea7b431a4d25,CONFIRMED_NEYSAN,train,v2,CONFIRMED_NOT_V1TEST,DAY_CLEAR,vanet,taxi,False,0.6850,0.6849918961524963,True,error_caught,1.4878648357807833e-07,1.5825207810848951e-09,2.023721935984213e-05,0.0004887380637228489,3.9759975152264815e-06,8.337601116181759e-07,0.6849918961524963,0.31449416279792786
241,v2/train/vanet/212130689.jpg,e5294fc589eb8742c48c0d9dda6b749751da9a4d4d82d605309f4e13e9ca5d24,CONFIRMED_NEYSAN,train,v2,CONFIRMED_NOT_V1TEST,NIGHT,vanet,vanet,True,0.9878,0.9878414273262024,False,silent_acceptance,3.1848487651586765e-06,3.582001954782754e-05,3.289466258138418e-05,0.0005401623202487826,0.00017273482808377594,0.010978019796311855,0.0003957408480346203,0.9878414273262024
242,v2/train/vanet/212177980.jpg,f8b5fd91823cdaff5cbd052f8a59539d162801268ec78b10827c86022223403b,CONFIRMED_NEYSAN,train,v2,CONFIRMED_NOT_V1TEST,DAY_CLEAR,vanet,vanet,True,0.9386,0.9386392831802368,True,sent_to_review,2.935647216872894e-06,2.7539215352589963e-10,8.287015518249063e-09,4.638914469978772e-05,7.93939193499682e-07,1.610607432667166e-05,0.06129452586174011,0.9386392831802368
243,v2/train/vanet/212179510.jpg,7d9ab9ca7a72f7f0e49bdc08ad8b34dc4410d1c2dd16abca84246a338b49aed9,CONFIRMED_NEYSAN,train,v2,CONFIRMED_NOT_V1TEST,DAY_CLEAR,vanet,vanet,True,0.9992,0.9991637468338013,False,silent_acceptance,4.912197937301244e-07,2.594566922420327e-11,1.95767526633972e-07,0.0004278159176465124,0.00018219694902654737,1.845830723823383e-07,0.00022539122437592596,0.9991637468338013
244,v2/train/vanet/212246766.jpg,3d6882c0e1b1ee4dd96dd35b58d0eacb68ee3ea0c62a181bb564f252fac737b3,CONFIRMED_NEYSAN,train,v2,CONFIRMED_NOT_V1TEST,DAY_CLEAR,vanet,vanet,True,0.9974,0.9973852038383484,False,silent_acceptance,9.74962858890649e-07,2.3819857197793226e-10,0.00015953709953464568,0.0006879469729028642,2.1053123418823816e-05,7.357569842270095e-08,0.001745236455462873,0.9973852038383484
245,v2/train/vanet/212286109.jpg,c2c26861224e36c7ebe2592354f6c63ae56b4026bb8ffff7bee92449a2c793f3,CONFIRMED_NEYSAN,train,v2,CONFIRMED_NOT_V1TEST,DAY_CLEAR,vanet,vanet,True,0.9900,0.989988386631012,False,silent_acceptance,5.0229191401740536e-05,1.2265880400263995e-07,0.0010901150526478887,0.004736959934234619,0.0030624275095760822,1.7868175916646578e-07,0.0010715627577155828,0.989988386631012
246,v2/train/vanet/212665899.jpg,b17de3396f19fa52ffecb9e609737ac59bd435866f2966da9200904b0e845c6b,CONFIRMED_NEYSAN,train,v2,CONFIRMED_NOT_V1TEST,NIGHT,vanet,savari,False,0.9290,0.9290064573287964,True,error_caught,7.308632484637201e-05,0.00020038749789819121,0.0003093939449172467,0.00010720631689764559,0.0010855593718588352,0.9290064573287964,0.007515696343034506,0.061702292412519455
247,v2/train/vanet/212899489.jpg,3cfd4643f04939a73b3437635e93138ef14f9d30ce518a21ea5af8d68c64c041,CONFIRMED_NEYSAN,train,v2,CONFIRMED_NOT_V1TEST,DAY_CLEAR,vanet,vanet,True,0.9997,0.9996509552001953,False,silent_acceptance,2.7578285880736075e-05,2.992030179171934e-09,1.3109101928421296e-05,0.00028530220151878893,3.4253209832968423e-06,2.9581227067865257e-07,1.9369950678083114e-05,0.9996509552001953
248,v2/train/vanet/213024260.jpg,014a61b84dd080653bf1c943eae54897de2c7c2410a636be171752dc68dc42d0,CONFIRMED_NEYSAN,train,v2,CONFIRMED_NOT_V1TEST,DAY_CLEAR,vanet,vanet,True,0.7960,0.7960159778594971,True,sent_to_review,1.070212874765275e-06,3.733556130924853e-09,0.17973747849464417,0.023334607481956482,0.00037448303191922605,1.705656504924491e-09,0.0005364310927689075,0.7960159778594971
249,v2/train/vanet/213201102.jpg,15066bf4fb5b8069548667cccefd49aa63b022da7169db8c69784efd246b934c,CONFIRMED_NEYSAN,train,v2,CONFIRMED_NOT_V1TEST,DAY_CLEAR,vanet,vanet,True,0.9999,0.9998575448989868,False,silent_acceptance,7.224884939205367e-07,3.4680236460360447e-10,1.1247279729786896e-07,5.4908548918319866e-05,8.281736518256366e-05,5.613295783746253e-08,3.795278644247446e-06,0.9998575448989868
250,v2/train/vanet/213213974.jpg,dfb4991e3705a0baf200766290e237f6c24473b069615fbaebfe7a2b314b13ba,CONFIRMED_NEYSAN,train,v2,CONFIRMED_NOT_V1TEST,DAY_CLEAR,vanet,vanet,True,0.9997,0.9996904134750366,False,silent_acceptance,1.2004711891222541e-07,1.0062689613857256e-12,2.0653060062159057e-07,1.921747752930969e-05,3.635495522757992e-05,3.7844813505216734e-08,0.0002536718384362757,0.9996904134750366
251,v2/train/vanet/213474257.jpg,3654fe4526dfa1287b15402dc5d99ec98364d59d79dde15bf33a371a1eef8d3b,CONFIRMED_NEYSAN,train,v2,CONFIRMED_NOT_V1TEST,DAY_CLEAR,vanet,vanet,True,0.9499,0.9499144554138184,True,sent_to_review,8.644805348012596e-05,6.470270541569789e-09,0.0012380614643916488,0.04865681752562523,9.586536907590926e-05,4.0469398498999e-08,8.340433851117268e-06,0.9499144554138184
252,v2/train/vanet/213499081.jpg,0371233e72e361356c6d6aec42502e2773c51b7cb4ff2493ccb6823e7b2d65a1,CONFIRMED_NEYSAN,train,v2,CONFIRMED_NOT_V1TEST,DAY_CLEAR,vanet,vanet,True,0.9968,0.996823787689209,False,silent_acceptance,2.1583866328001022e-05,4.5098765000251007e-11,1.670186264846052e-07,0.00232756813056767,1.2881599786851439e-06,5.85623013193981e-07,0.0008250146638602018,0.996823787689209
253,v2/train/vanet/213512974.jpg,511be5642da5a12ea93b9af6cccf39600c528fcf7de7e6bf699e4667267b6281,CONFIRMED_NEYSAN,train,v2,CONFIRMED_NOT_V1TEST,DAY_CLEAR,vanet,vanet,True,0.4802,0.4802209436893463,True,sent_to_review,0.0001758987200446427,1.0521632987092744e-07,0.10126333683729172,0.381842702627182,0.036456599831581116,2.860801942006219e-07,4.013819489046e-05,0.4802209436893463
254,v2/train/vanet/213516467.jpg,9a01c4366e8424f79dcdffe5f0af228905e043204be58f5214ddd3c585cb17be,CONFIRMED_NEYSAN,train,v2,CONFIRMED_NOT_V1TEST,DAY_CLEAR,vanet,vanet,True,0.9964,0.996393620967865,False,silent_acceptance,0.0004020811466034502,1.495618207059124e-08,0.0030750688165426254,0.00011440803064033389,1.061166767613031e-05,1.3239857707958436e-06,2.8885488063679077e-06,0.996393620967865
255,v2/train/vanet/214534544.jpg,688ddb408ad94899b0fb726cd34da2ff4698b9a1171020e0a9835940616963f3,CONFIRMED_NEYSAN,train,v2,CONFIRMED_NOT_V1TEST,DAY_CLEAR,vanet,vanet,True,0.9522,0.9521861672401428,False,silent_acceptance,0.002476215362548828,3.0131610539996245e-09,3.077652581850998e-05,0.04465188458561897,0.0001815062714740634,6.440149746822499e-08,0.0004733309615403414,0.9521861672401428
256,v2/train/vanet/214570473.jpg,4e84c89f4a439cf4c5c40c0d6980bb69b89fd4ab8135919e758d6f45e01f903b,CONFIRMED_NEYSAN,train,v2,CONFIRMED_NOT_V1TEST,DAY_CLEAR,vanet,vanet,True,0.9992,0.9991710186004639,False,silent_acceptance,2.7575271133173374e-07,2.978346388959885e-11,1.5191313096352133e-08,0.0005182913155294955,0.0002122308942489326,2.2254800668974895e-08,9.819705883273855e-05,0.9991710186004639
257,v2/train/vanet/214575134.jpg,7eb92889218ed962d87a4d6e4f6032d12c3cb745f74bec212e04ca2726472cc7,CONFIRMED_NEYSAN,train,v2,CONFIRMED_NOT_V1TEST,DAY_CLEAR,vanet,vanet,True,0.9995,0.9994801878929138,False,silent_acceptance,8.219295705202967e-05,2.1068611300023576e-09,9.311177109339042e-07,4.556644125841558e-05,7.620521500939503e-05,4.75299748359248e-06,0.00031019773450680077,0.9994801878929138
258,v2/train/vanet/214679839.jpg,ab57aa45493f356923a6849cfae5a1cec705cca474a0346edd599622b918a324,CONFIRMED_NEYSAN,train,v2,CONFIRMED_NOT_V1TEST,DAY_CLEAR,vanet,vanet,True,0.9865,0.9865238070487976,False,silent_acceptance,9.832109935814515e-05,1.0813493211969671e-08,0.0007989261648617685,0.010652952827513218,0.0004446322564035654,6.153607046144316e-08,0.0014813097659498453,0.9865238070487976
259,v2/train/vanet/214716307.jpg,8f9aad61197425a5e0f4b16ada3e1d98904cb148d1a23139ee590405386c7fcb,CONFIRMED_NEYSAN,train,v2,CONFIRMED_NOT_V1TEST,DAY_CLEAR,vanet,vanet,True,0.9381,0.938065230846405,True,sent_to_review,8.709498069947585e-05,3.8313911071563567e-11,9.345140279037878e-05,0.06109458953142166,8.921184053178877e-05,1.0599781052889057e-09,0.0005704692448489368,0.938065230846405
260,v2/train/vanet/214776623.jpg,c3755b2c39a0bfa2a76865e5d5da58d326a8c782d0c36eb5801ad76661f8c33c,CONFIRMED_NEYSAN,train,v2,CONFIRMED_NOT_V1TEST,DAY_CLEAR,vanet,vanet,True,0.9993,0.99931800365448,False,silent_acceptance,0.00014481479593086988,6.5127010451249134e-09,6.055868198018288e-06,3.468862996669486e-05,0.00032801355700939894,4.862577611675079e-07,0.00016791523376014084,0.99931800365448
261,v2/train/vanet/215649880.jpg,ef772899d06c8985336ffdbdbaaebd6326e232288c8ecb3d22f07dc378a35367,CONFIRMED_NEYSAN,train,v2,CONFIRMED_NOT_V1TEST,NIGHT,vanet,vanet,True,0.8476,0.8476229906082153,True,sent_to_review,0.000849815143737942,0.0005532255163416266,0.0002634408010635525,0.0978904515504837,0.017849477007985115,0.010610697790980339,0.02435990609228611,0.8476229906082153
262,v2/train/vanet/215698156.jpg,ca61fad9fe17fad1b553f4d48c93bfc9462c348bf206e1b1be0a3882bafed556,CONFIRMED_NEYSAN,train,v2,CONFIRMED_NOT_V1TEST,DAY_CLEAR,vanet,vanet,True,0.9989,0.9989473223686218,False,silent_acceptance,0.00037453914410434663,1.1989405379608797e-07,0.00026803184300661087,0.0002610856026876718,9.041853627422825e-05,2.9915585741946416e-07,5.818716454086825e-05,0.9989473223686218
263,v2/train/vanet/215977687.jpg,1d20516df4ad652e0ef600efdb003e4d298004c344915960ba225b4aa7e4c678,CONFIRMED_NEYSAN,train,v2,CONFIRMED_NOT_V1TEST,NIGHT,vanet,vanet,True,0.9999,0.9999281167984009,False,silent_acceptance,3.7262466321408283e-06,4.876794790220629e-08,7.448588803526945e-06,4.529927173280157e-05,3.7946176689729327e-07,1.4781607205804903e-05,2.1223809199000243e-07,0.9999281167984009
264,v2/train/vanet/216342000.jpg,112118d01e5d96a51310f9929aae342ccc9de6e34095551e37843d2825f56742,CONFIRMED_NEYSAN,train,v2,CONFIRMED_NOT_V1TEST,DAY_CLEAR,vanet,vanet,True,0.7173,0.7172669172286987,True,sent_to_review,3.976665175287053e-05,7.231253817963079e-09,0.0012573121348395944,0.26882585883140564,0.009799500927329063,3.224489830699895e-08,0.002810591133311391,0.7172669172286987
265,v2/train/vanet/216462815.jpg,f177d087453c45502d8f52aed2a80e9154ddb609f7ea0da49ea3c9d9b07150d9,CONFIRMED_NEYSAN,train,v2,CONFIRMED_NOT_V1TEST,DAY_CLEAR,vanet,vanet,True,0.9992,0.999170184135437,False,silent_acceptance,9.450072724348502e-08,1.763802819076954e-11,7.171651361659315e-08,1.3781439520244021e-05,1.4254915470246488e-07,1.4024897154740756e-07,0.0008156567346304655,0.999170184135437
266,v2/train/vanet/216485447.jpg,df37d81de75d14a8df09653701ed264cf2c3847940c8d12a178d6a4fedaeab54,CONFIRMED_NEYSAN,train,v2,CONFIRMED_NOT_V1TEST,NIGHT,vanet,savari,False,0.7660,0.7659521102905273,True,error_caught,0.00040852700476534665,3.279096063124598e-06,0.000254547136137262,0.015819134190678596,0.0009135011350736022,0.7659521102905273,0.002013610443100333,0.21463535726070404
267,v2/train/vanet/216608800.jpg,25018a0f0953456519ec9bb72bdda44a320f95c376926ecf078ac3e527b9b2f2,CONFIRMED_NEYSAN,train,v2,CONFIRMED_NOT_V1TEST,NIGHT,vanet,taxi,False,0.5081,0.5080524682998657,True,error_caught,0.00028496020240709186,8.308805263368413e-05,1.8038175767287612e-05,0.0336429700255394,0.03312281519174576,0.13627837598323822,0.5080524682998657,0.2885172665119171
268,v2/train/vanet/216797745.jpg,b16ba4aec77c4c67e15f850e7915a8b5225be35a477f36ecc3d04f0b3364eed7,CONFIRMED_NEYSAN,train,v2,CONFIRMED_NOT_V1TEST,NIGHT,vanet,vanet,True,0.9265,0.9265153408050537,True,sent_to_review,1.1070374966948293e-05,0.005896600894629955,0.0003527248918544501,0.02947179041802883,0.0009251210722140968,0.03565514460206032,0.0011721987975761294,0.9265153408050537
269,v2/train/vanet/216849972.jpg,7485baa68bc842510158b61a3ea54feadbfd1feb9a5d1f7c6ba17a7e14a2294f,CONFIRMED_NEYSAN,train,v2,CONFIRMED_NOT_V1TEST,DAY_CLEAR,vanet,taxi,False,0.7035,0.7034608721733093,True,error_caught,9.867773042060435e-05,2.537037175898149e-07,0.0003661034279502928,0.0270321574062109,0.0010581070091575384,6.885666437028704e-08,0.7034608721733093,0.26798373460769653
270,v2/train/vanet/216976584.jpg,146618e0a9bd5bfa7cf084fc53263f187c7f34fdb44722e080f842ac82218576,CONFIRMED_NEYSAN,train,v2,CONFIRMED_NOT_V1TEST,DAY_CLEAR,vanet,vanet,True,0.9997,0.9997069239616394,False,silent_acceptance,8.106305358523969e-06,3.839177031839114e-10,1.028141014103312e-06,2.002860128413886e-05,3.341932142575388e-06,1.0260855560773052e-05,0.00025028939126059413,0.9997069239616394
271,v2/train/vanet/217018686.jpg,73c12ee8515336eee3b240c5c716e8e2082c06a6bca6c56cceb95ee95ec60c03,CONFIRMED_NEYSAN,train,v2,CONFIRMED_NOT_V1TEST,NIGHT,vanet,vanet,True,0.7228,0.7228495478630066,True,sent_to_review,8.624947804491967e-05,2.2144297417980852e-07,2.7579133643484965e-07,9.266716006095521e-06,9.622112884244416e-06,0.27620309591293335,0.0008417473873123527,0.7228495478630066
272,v2/train/vanet/217097271.jpg,1bdbf0bd6c7b4c76f69516f751a8c6248c72a513a1301fe193148064c8dec32e,CONFIRMED_NEYSAN,train,v2,CONFIRMED_NOT_V1TEST,DAY_CLEAR,vanet,vanet,True,0.7800,0.7800437808036804,True,sent_to_review,4.5223930555948755e-07,2.044684005442221e-10,3.4871405318881443e-07,0.030013253912329674,3.518951416481286e-05,3.0837290978524834e-06,0.18990382552146912,0.7800437808036804
273,v2/train/vanet/217170964.jpg,c515765eaeebe80f9d9eec89e9f39b07c395f8fa7809edcbc775966141e65a64,CONFIRMED_NEYSAN,train,v2,CONFIRMED_NOT_V1TEST,DAY_CLEAR,vanet,vanet,True,0.9816,0.9815725088119507,False,silent_acceptance,3.072865729336627e-05,9.123295008350851e-09,0.00045767295523546636,0.017571372911334038,2.315807250852231e-05,5.941019480815157e-07,0.000343997438903898,0.9815725088119507
274,v2/train/vanet/217216852.jpg,14d8e28484e9938a1236b3b70aaa0032d4c93e657e109414b4c58eeb1efdd3ea,CONFIRMED_NEYSAN,train,v2,CONFIRMED_NOT_V1TEST,NIGHT,vanet,savari,False,0.9968,0.996753990650177,False,confident_misclassification,5.517570755841916e-08,6.8598779989770264e-09,4.382513796308274e-10,2.692950040739106e-08,6.49926334972406e-09,0.996753990650177,0.0016260786214843392,0.0016198334051296115
275,v2/train/vanet/217260102.jpg,bde0156d65e3f26daac4b551df5caee386a75698acec5e9d4226460e0231f6bd,CONFIRMED_NEYSAN,train,v2,CONFIRMED_NOT_V1TEST,DAY_CLEAR,vanet,vanet,True,0.7794,0.7794487476348877,True,sent_to_review,7.080579962348565e-05,2.0460226846097385e-09,2.4295410185004584e-05,0.22023260593414307,0.0002227169752586633,8.063780754241634e-09,8.82717245076492e-07,0.7794487476348877
276,v2/train/vanet/217279618.jpg,ff8658aa0fbfb0791565c098170df7bca56731f5cb127ccdafa53b95179ccaa6,CONFIRMED_NEYSAN,train,v2,CONFIRMED_NOT_V1TEST,DAY_CLEAR,vanet,vanet,True,0.9945,0.9945448637008667,False,silent_acceptance,0.0035257136914879084,1.9290656183557076e-08,2.9690871087950654e-05,0.00022268833708949387,2.6313835405744612e-05,4.6944664063630626e-05,0.001603820943273604,0.9945448637008667
277,v2/train/vanet/217515157.jpg,c7a3239a503a3a6cc75bfc190c6682de3d62e36aa4aa16751ff5a16b2f71eeea,CONFIRMED_NEYSAN,train,v2,CONFIRMED_NOT_V1TEST,DAY_CLEAR,vanet,vanet,True,0.9812,0.9811503887176514,False,silent_acceptance,0.00042698494507931173,1.0717321474729147e-09,0.0018293216126039624,0.016051368787884712,0.00016178748046513647,7.116931044492958e-08,0.00038009582203812897,0.9811503887176514
278,v2/train/vanet/217570438.jpg,6576d31841c9b31b6f63164b482fdc86a6650154421895cf965ea7675870d1ab,CONFIRMED_NEYSAN,train,v2,CONFIRMED_NOT_V1TEST,DAY_CLEAR,vanet,vanet,True,0.9213,0.9212728142738342,True,sent_to_review,1.9758843336603604e-05,4.977016576646065e-09,5.817121746076737e-06,2.867772309400607e-05,0.00010336004197597504,6.053423203411512e-05,0.07850906997919083,0.9212728142738342
279,v2/train/vanet/217981226.jpg,023ce606d3393ce1ccdf3d21fda85cc3900c1576bbfe4eb26b9c2368da677d63,CONFIRMED_NEYSAN,train,v2,CONFIRMED_NOT_V1TEST,DAY_CLEAR,vanet,vanet,True,0.9635,0.9634705781936646,False,silent_acceptance,0.00013368108193390071,1.918223080377146e-10,1.8551500033936463e-06,0.03624194115400314,0.00014756225573364645,7.982363285918836e-07,3.5890552680939436e-06,0.9634705781936646
280,v2/train/vanet/218044166.jpg,10457787eb0018258a5ed1a55fe6a1b6aa8e8498b6ffd636f5818c9ea2a60ca7,CONFIRMED_NEYSAN,train,v2,CONFIRMED_NOT_V1TEST,NIGHT,vanet,vanet,True,0.9659,0.9658587574958801,False,silent_acceptance,3.1846902857068926e-05,0.00011448916484368965,1.0682956599339377e-06,1.737056481943e-05,0.000487777404487133,0.033353328704833984,0.0001353690167888999,0.9658587574958801
281,v2/train/vanet/218088144.jpg,ab2d24bc54fa71cc4733c4f4beb20a97e9eef96d4d77f49bce6fc2e7f4e02ad6,CONFIRMED_NEYSAN,train,v2,CONFIRMED_NOT_V1TEST,NIGHT,vanet,vanet,True,0.9956,0.9956448078155518,False,silent_acceptance,7.68230438552564e-06,2.935162228823174e-07,6.077578973417985e-08,6.908362593094353e-06,0.00010384363122284412,0.004115631338208914,0.00012082002649549395,0.9956448078155518
282,v2/train/vanet/218101940.jpg,bca144b36590a50f1f882f588362f21ffec2f6c9c03e01542de452e0cb0995be,CONFIRMED_NEYSAN,train,v2,CONFIRMED_NOT_V1TEST,DAY_CLEAR,vanet,vanet,True,0.4964,0.49639013409614563,True,sent_to_review,0.0006999347824603319,1.1013792573066894e-05,0.1388290822505951,0.35328203439712524,0.0004933888558298349,1.277499904972501e-06,0.010293140076100826,0.49639013409614563
283,v2/train/vanet/218189460.jpg,df8c5721e7e2391f41894fc9e3161dab6880bbb12c07318be144df4f7924d08c,CONFIRMED_NEYSAN,train,v2,CONFIRMED_NOT_V1TEST,DAY_CLEAR,vanet,vanet,True,0.9998,0.9997907280921936,False,silent_acceptance,2.5048886527656578e-05,1.3346401761538118e-09,1.502884401816118e-06,0.0001574611378600821,2.166372178180609e-05,3.062858766611498e-08,3.5243444926891243e-06,0.9997907280921936
284,v2/train/vanet/218259572.jpg,9f880b6aa193fea3b4652185dadea0398ef45b5fc32793a56e0d1bb1e0a65617,CONFIRMED_NEYSAN,train,v2,CONFIRMED_NOT_V1TEST,DAY_CLEAR,vanet,vanet,True,1.0000,0.999967098236084,False,silent_acceptance,9.836624030867824e-07,4.0768171061245084e-08,1.6909472151382943e-06,2.71965309366351e-05,1.5056788242873154e-06,1.051956587616587e-06,4.071713703979185e-07,0.999967098236084
285,v2/train/vanet/218269888.jpg,75ebb93a37896b38d30aa38713619602fc231b777c491b05718199665f1a3512,CONFIRMED_NEYSAN,train,v2,CONFIRMED_NOT_V1TEST,DAY_CLEAR,vanet,vanet,True,0.6637,0.6636613607406616,True,sent_to_review,0.00021490672952495515,5.378265832689522e-09,0.0006973504787310958,0.33245089650154114,0.002956976415589452,7.660403866793786e-09,1.8478185666026548e-05,0.6636613607406616
286,v2/train/vanet/218511513.jpg,7f36e205a17c8db182e199689bd886073ad9c291313c4d34a407c616623ef7c8,CONFIRMED_NEYSAN,train,v2,CONFIRMED_NOT_V1TEST,NIGHT,vanet,vanet,True,0.9877,0.9877088069915771,False,silent_acceptance,0.011114749126136303,7.102098038558324e-07,0.0004971427260898054,0.0005135953542776406,5.182555105420761e-05,9.362136188428849e-05,1.9573117242543958e-05,0.9877088069915771
287,v2/train/vanet/218516808.jpg,0718a039a7e24621f540ffa2653a894581bbb81390068f5d26583be532124755,CONFIRMED_NEYSAN,train,v2,CONFIRMED_NOT_V1TEST,NIGHT,vanet,vanet,True,0.9975,0.9975125789642334,False,silent_acceptance,1.1429694495745935e-05,2.8813703920604894e-06,1.2764437542500673e-06,5.994714592816308e-05,0.000561843509785831,0.0017091258196160197,0.0001408874086337164,0.9975125789642334
288,v2/train/vanet/218571705.jpg,424adf6cd20cf322468b906e8f3ef090e089f2a45ee80d2cb5407c92f5b24964,CONFIRMED_NEYSAN,train,v2,CONFIRMED_NOT_V1TEST,DAY_CLEAR,vanet,vanet,True,0.9992,0.9992326498031616,False,silent_acceptance,1.0307376641094379e-07,1.886091061109596e-09,4.0411393342765223e-07,0.0004890858544968069,2.5458275558776222e-06,6.393124181158782e-07,0.000274587917374447,0.9992326498031616
289,v2/train/vanet/218619586.jpg,fa02bc9228a8d306b69fd06c7cf1f6c6e9f560ee5172dcc61c27a5a76cb18f10,CONFIRMED_NEYSAN,train,v2,CONFIRMED_NOT_V1TEST,DAY_CLEAR,vanet,vanet,True,0.9929,0.9928876757621765,False,silent_acceptance,1.703746420389507e-06,1.416851302948885e-09,0.000265111360931769,0.006755409296602011,8.701619663042948e-05,2.879377181130849e-09,3.0421149403991876e-06,0.9928876757621765
290,v2/train/vanet/218621398.jpg,60c8e3db6f068e1dc2a02fe62924dcb95a9ba92daff381164b3cb77d024305f0,CONFIRMED_NEYSAN,train,v2,CONFIRMED_NOT_V1TEST,DAY_CLEAR,vanet,vanet,True,0.9950,0.9949555993080139,False,silent_acceptance,0.0001119127991842106,1.538827953950772e-09,5.690730904461816e-05,0.004407917149364948,0.00036333268508315086,2.792604192336512e-08,0.00010429907706566155,0.9949555993080139
291,v2/train/vanet/218653329.jpg,72b24b1e69353367940bf16c2c1f72c51fecdf0a2458f04925aebe98744b7b68,CONFIRMED_NEYSAN,train,v2,CONFIRMED_NOT_V1TEST,DAY_CLEAR,vanet,vanet,True,0.9967,0.9967095851898193,False,silent_acceptance,4.256921783962753e-06,2.185840258794869e-10,4.555823718277452e-09,7.796888530720025e-05,0.0032019868958741426,1.6529874358184315e-08,6.220428076630924e-06,0.9967095851898193
292,v2/train/vanet/218785295.jpg,586af4a5e35ce8428c44d0fb7d1f00d110841eecf8decf5f053201c4b6b8cdeb,CONFIRMED_NEYSAN,train,v2,CONFIRMED_NOT_V1TEST,DAY_CLEAR,vanet,vanet,True,0.9948,0.9947870969772339,False,silent_acceptance,6.45881254968117e-06,1.1001719002479149e-07,9.568692803441081e-06,0.0023384455125778913,0.0018897851696237922,1.5832893041078933e-06,0.0009669836726970971,0.9947870969772339
293,v2/train/vanet/218844658.jpg,72715e28f8baa44b86b379146299a74e5a9e4668db1340cea76257c7bf2ccc09,CONFIRMED_NEYSAN,train,v2,CONFIRMED_NOT_V1TEST,NIGHT,vanet,vanet,True,0.8156,0.8155626058578491,True,sent_to_review,0.000834717124234885,2.057380044107049e-07,1.8960839724968537e-06,4.896322138847609e-07,0.00044325803173705935,0.183138906955719,1.785247695806902e-05,0.8155626058578491
294,v2/train/vanet/218890033.jpg,92436108f03b61d83e29b4a47a3976a1f3fd006023c7a537cc9ef73378c30a0f,CONFIRMED_NEYSAN,train,v2,CONFIRMED_NOT_V1TEST,DAY_CLEAR,vanet,taxi,False,0.8599,0.8598545789718628,True,error_caught,1.4057710586712346e-06,1.0635022817950812e-06,7.765312147967052e-06,0.014493374153971672,0.00015432765940204263,4.097838882444194e-06,0.8598545789718628,0.12548330426216125
295,v2/train/vanet/218980394.jpg,03f82aa42045131436dacfe7507aac69e7bbfb4eabf1d0968590e83b62f23e76,CONFIRMED_NEYSAN,train,v2,CONFIRMED_NOT_V1TEST,DAY_CLEAR,vanet,vanet,True,0.9998,0.9997958540916443,False,silent_acceptance,0.00016140293155331165,7.98902166643245e-10,1.7729476894601248e-05,1.70450202858774e-05,6.928572702236124e-07,3.513271394695039e-06,3.7456188692885917e-06,0.9997958540916443
296,v2/train/vanet/219013565.jpg,3a49ca5113c6ccaed70c74bdb67c064461520e94130916b0981baa5e832b48e6,CONFIRMED_NEYSAN,train,v2,CONFIRMED_NOT_V1TEST,DAY_CLEAR,vanet,taxi,False,0.5333,0.5333036184310913,True,error_caught,3.508822192088701e-05,1.9283692864746627e-08,4.7575980715919286e-05,7.131256552384002e-06,5.045103534939699e-06,2.9045719202258624e-05,0.5333036184310913,0.46657252311706543
297,v2/train/vanet/219037231.jpg,ce400821e6b1e4872087ee49a7087845ae8b1624913e253947018f874ff1c07f,CONFIRMED_NEYSAN,train,v2,CONFIRMED_NOT_V1TEST,DAY_CLEAR,vanet,vanet,True,0.9724,0.9723500609397888,False,silent_acceptance,2.3045480702421628e-05,1.0293947028117145e-08,5.278599928715266e-05,0.0003446956106927246,0.007618675008416176,2.193841282860376e-05,0.019588742405176163,0.9723500609397888
298,v2/unclean/neysan/194960996.jpg,0419fd25ea9294ead75920a00534bdd8835fb08a1e38b4fb325f38ababfd4cd0,neysan_folder_label,unclean,v2,N1,,vanet,vanet,True,0.9999,0.9999366998672485,False,silent_acceptance,8.821232768241316e-06,4.1445855081256866e-10,5.39385666797898e-07,4.994152550352737e-05,1.0837890584980414e-07,1.7339566511509474e-06,2.154027015421889e-06,0.9999366998672485
299,v2/unclean/neysan/195132617.jpg,74d628dc82c1c1fbf6e3fd4ff32b4a5d2c829048695d03f51f5fd7cc629b5052,neysan_folder_label,unclean,v2,N1,,vanet,vanet,True,0.9392,0.9392253756523132,True,sent_to_review,0.000165431629284285,2.415435460534354e-07,0.0022661963012069464,0.05574943125247955,0.0007120413356460631,2.1171832997879392e-07,0.0018810660112649202,0.9392253756523132
300,v2/unclean/neysan/195147641.jpg,53d4381ecb1b67718e13dc7b56303d486e30650a94994ac5d5d66376578fda4e,neysan_folder_label,unclean,v2,N1,,vanet,vanet,True,0.9081,0.9080991744995117,True,sent_to_review,6.654732942479313e-07,4.179239354584752e-08,0.008575312793254852,0.011558614671230316,0.000720967713277787,1.4050045820113155e-06,0.07104375958442688,0.9080991744995117
301,v2/unclean/neysan/195148040.jpg,30efc9aad3341812f3e12f2202aa170f646ce44886127a52826516efd53987b6,neysan_folder_label,unclean,v2,N1,,vanet,vanet,True,0.9994,0.9993795156478882,False,silent_acceptance,1.7413625755580142e-05,7.442574334604046e-11,2.678103214748262e-07,3.658592686406337e-05,2.878421037166845e-05,4.1367397329850064e-07,0.0005370316212065518,0.9993795156478882
302,v2/unclean/neysan/195151211.jpg,fc9114c8a488d742ea4bafca21c7d4eb7dc940a86830eda01c8b01e73c0c371d,neysan_folder_label,unclean,v2,N1,,vanet,vanet,True,0.9992,0.9991626739501953,False,silent_acceptance,1.743191205605399e-05,6.213716347014397e-11,1.0477026535227196e-06,7.608643045386998e-06,0.0008082576678134501,4.000018805072614e-07,2.649900352480472e-06,0.9991626739501953
303,v2/unclean/neysan/195158727.jpg,adb7747e9e2ef87b03d2cd27861811b2d6395931abab54fe9a99e3d7d18d162b,neysan_folder_label,unclean,v2,N1,,vanet,vanet,True,0.8009,0.8009477257728577,True,sent_to_review,0.002776495646685362,9.838148073981756e-10,1.342051928077126e-05,0.19412469863891602,0.002104003680869937,5.422979938884964e-06,2.8256572477403097e-05,0.8009477257728577
304,v2/unclean/neysan/195165208.jpg,f4d34f862c42de64672691b9bf1026598ba0a2a6ff4dbb82fb0061d7d9fe0681,neysan_folder_label,unclean,v2,N1,,vanet,vanet,True,0.8423,0.8422548174858093,True,sent_to_review,0.0007540025399066508,3.1890198926021185e-08,0.0005205488414503634,1.6873858839971945e-05,0.15638187527656555,2.5778732037906593e-07,7.159011147450656e-05,0.8422548174858093
305,v2/unclean/neysan/195371292.jpg,2fe1d9a466e1c2a2cb10727b36225a47fa27ce0ccdf95b1df46ed4cb68f5bb86,neysan_folder_label,unclean,v2,N1,,vanet,vanet,True,0.9816,0.9816272854804993,False,silent_acceptance,0.0011742545757442713,3.148772123040544e-07,0.000862211745698005,0.011251573450863361,3.824781015282497e-05,3.179427221766673e-05,0.0050143166445195675,0.9816272854804993
306,v2/unclean/neysan/195391348.jpg,5997a0ea7ea28a9dcfcd00ea3ba47303406e52a84712fc0bce7330529719ba27,neysan_folder_label,unclean,v2,N1,,vanet,vanet,True,0.9980,0.9980247020721436,False,silent_acceptance,5.81424064876046e-05,1.1097470498100392e-08,5.771596624981612e-05,7.301439472939819e-05,0.0017768812831491232,8.406690540141426e-06,1.1355679134794627e-06,0.9980247020721436
307,v2/unclean/neysan/195395611.jpg,3a282e2c951633d05222656370b4442a776586e79eaae99d224d908c2fbfe441,neysan_folder_label,unclean,v2,N1,,vanet,minibus,False,0.8199,0.8198565244674683,True,error_caught,8.099718252196908e-05,5.93719873265286e-09,0.001003655488602817,0.003941450268030167,0.8198565244674683,1.0550909792073071e-05,0.0008476726361550391,0.174259215593338
308,v2/unclean/neysan/195451128.jpg,e7ae48f83a422e1800971cfda254f7408de549ab35ff0135e1d4314ea919ea82,neysan_folder_label,unclean,v2,N1,,vanet,vanet,True,0.9997,0.9996660947799683,False,silent_acceptance,1.450145191483898e-06,2.477772674536194e-11,0.0002022869448410347,6.704731731588254e-06,3.726892464328557e-05,6.41199875417442e-08,8.608664938947186e-05,0.9996660947799683
309,v2/unclean/neysan/195646146.jpg,12ba487b31e76bc563570b136be14a22d966bb25961e622c12788e45a3a38cab,neysan_folder_label,unclean,v2,N1,,vanet,vanet,True,0.9927,0.9926844835281372,False,silent_acceptance,1.212534789374331e-05,4.5548826932417796e-08,0.0020179362036287785,0.004567238502204418,0.00021284190006554127,6.786991662011133e-07,0.0005046442965976894,0.9926844835281372
310,v2/unclean/neysan/195657144.jpg,14183b6e17f93281a685151f2484e8cac2e5df1c7b408e45282f3daf23c2a2d3,neysan_folder_label,unclean,v2,N1,,vanet,vanet,True,0.9822,0.9821957945823669,False,silent_acceptance,4.252874987287214e-06,1.1098058028125024e-09,8.850089943734929e-05,0.017551269382238388,1.1921943951165304e-05,5.311471795721445e-08,0.00014827925770077854,0.9821957945823669
311,v2/unclean/neysan/195718438.jpg,0fc8f782fcc7b02b9f1b81e9c5ca6471fda3652ba08085e0ed196f57a17b57ae,neysan_folder_label,unclean,v2,N1,,vanet,vanet,True,0.9986,0.998624324798584,False,silent_acceptance,1.9015330963156885e-06,2.057158496882039e-07,0.00036389962770044804,0.00017238363216165453,0.00039362936513498425,1.5162548550051724e-07,0.0004435496812220663,0.998624324798584
312,v2/unclean/neysan/195895243.jpg,70d07ed147ca59d19d51003f281ba7405bfb4cf1ac9eb8502dc7685f12f7ce4d,neysan_folder_label,unclean,v2,N1,,vanet,vanet,True,0.9924,0.9924365878105164,False,silent_acceptance,1.2429791240720078e-06,9.307431908522901e-11,0.006511724088340998,0.0007502846419811249,2.306468377355486e-05,1.8177608751557273e-08,0.00027705603861249983,0.9924365878105164
313,v2/unclean/neysan/195950402.jpg,0003d92cf9b67c62d112f0fc835e4120dd7f48e500f27c5573093f8396ebc6c5,neysan_folder_label,unclean,v2,N1,,vanet,vanet,True,0.9996,0.9996211528778076,False,silent_acceptance,8.9080930365526e-07,9.814336843216864e-12,6.888076768518658e-06,0.00020609379862435162,0.0001405858638463542,3.7808084130119823e-07,2.3929642338771373e-05,0.9996211528778076
314,v2/unclean/neysan/195955288.jpg,6f9223f65fc446ccf7051585afb476d8425ffd86bdc81971d6c3c9cb520b3833,neysan_folder_label,unclean,v2,N1,,vanet,vanet,True,0.9968,0.9968434572219849,False,silent_acceptance,1.7923401173902676e-05,7.472934271390841e-09,3.610752401073114e-06,0.00040340982377529144,0.002669361885637045,2.8216549097237476e-08,6.224519165698439e-05,0.9968434572219849
315,v2/unclean/neysan/195991462.jpg,312a60a01b4d4936955cf1cdbabaddaaaa95a37634ff0e4c846381e7c5fa8ad1,neysan_folder_label,unclean,v2,N1,,vanet,vanet,True,0.9881,0.9881256818771362,False,silent_acceptance,0.00022398376313503832,8.461676088700187e-07,0.008661811240017414,0.0004381091857794672,0.001136756269261241,0.001343586714938283,6.921053864061832e-05,0.9881256818771362
316,v2/unclean/neysan/196296699.jpg,4d8699b496f0e031207b8854f9082bf9f938fc4539cd1a30a2ed9664a10bafe8,neysan_folder_label,unclean,v2,N1,,vanet,vanet,True,0.9841,0.9840791821479797,False,silent_acceptance,0.000722816854249686,4.4565589632838964e-05,0.0034039723686873913,0.006805559154599905,0.0006144745857454836,0.0023768609389662743,0.0019524889066815376,0.9840791821479797
317,v2/unclean/neysan/196501322.jpg,31a1f15b5e3d94f76c8c23d1977015e16f9ea9ec9d68fa3657a0631098084b63,neysan_folder_label,unclean,v2,N1,,vanet,minibus,False,0.6116,0.6115905046463013,True,error_caught,0.0026626656763255596,2.493036117812153e-05,0.006542079150676727,0.014073789119720459,0.6115905046463013,9.238385700882645e-07,0.00010824474156834185,0.3649968206882477
318,v2/unclean/neysan/196541912.jpg,8db41535f6b4f7073b88ff17d260b8a3ce1a00adc45e77c6698e0d4bcfa80c36,neysan_folder_label,unclean,v2,N1,,vanet,vanet,True,0.7226,0.7225754261016846,True,sent_to_review,0.00021304246911313385,6.838387189844752e-09,0.04068498685956001,0.23000362515449524,0.0062590609304606915,3.562288597436236e-08,0.00026381059433333576,0.7225754261016846
319,v2/unclean/neysan/196586673.jpg,bf30285baff4ac9a08ced432a63656c216a064c12a2151d3758e2f3663d070b7,neysan_folder_label,unclean,v2,N1,,vanet,vanet,True,0.9445,0.9444654583930969,True,sent_to_review,0.00848863273859024,1.4678276372137589e-08,0.004275258164852858,0.03914354741573334,0.00017505451978649944,3.137267583497305e-07,0.003451731987297535,0.9444654583930969
320,v2/unclean/neysan/196943968.jpg,31c7ba0c4d94428ffe5e1d7a8fa1dc786b3df58397fc723f0bcefef20a17c5f3,neysan_folder_label,unclean,v2,N1,,vanet,vanet,True,0.9913,0.9912509918212891,False,silent_acceptance,2.273797917951015e-06,2.301849377772669e-08,1.0134292693919633e-07,0.0012698445934802294,2.58097134064883e-05,0.0003521816397551447,0.007098816335201263,0.9912509918212891
321,v2/unclean/neysan/196946016.jpg,9681a65a31fe6093b625bab100fc3d9fe9bff2ab4fec15902c44f46597c1fc54,neysan_folder_label,unclean,v2,N1,,vanet,vanet,True,0.9987,0.9987261891365051,False,silent_acceptance,0.00026771327247843146,3.2578675313033045e-09,0.0006958186277188361,0.0001504689862485975,0.00010223068238701671,1.1775580333051039e-06,5.6437977036694065e-05,0.9987261891365051
322,v2/unclean/neysan/196993529.jpg,365133ca46222f70d3e3cd90ddd93ff82558f597dc307c18a7a017f2ea046042,neysan_folder_label,unclean,v2,N1,,vanet,savari,False,0.9406,0.9406052231788635,True,error_caught,1.3939674090579501e-06,5.372334754838448e-08,4.4175102686949685e-08,1.2548099448395078e-07,5.680982212652452e-06,0.9406052231788635,1.4980118066887371e-05,0.0593724399805069
323,v2/unclean/neysan/197037020.jpg,ab209945c42a540235706eed62ad0279a5991d6f1203fa80e0e0b3f54109d201,neysan_folder_label,unclean,v2,N1,,vanet,vanet,True,0.9784,0.9784442782402039,False,silent_acceptance,5.726478775613941e-06,2.1213931944430442e-08,3.43650026479736e-05,0.012303934432566166,0.0031341896392405033,3.199735374437296e-07,0.006077123340219259,0.9784442782402039
324,v2/unclean/neysan/197126230.jpg,21d5f826091b1bf6e00a152862b80a95c0f9128e7f462486046820f7af8ad07e,neysan_folder_label,unclean,v2,N1,,vanet,vanet,True,0.9999,0.9998948574066162,False,silent_acceptance,3.0401347430597525e-06,6.504396327100537e-11,3.2829448173288256e-05,1.925525975821074e-05,4.999433076591231e-05,2.2721485137822128e-08,6.412545605627429e-09,0.9998948574066162
325,v2/unclean/neysan/197155144.jpg,c64f264d5e63fe94ab5c5e57426e1f3def3f8abdd93a607d8db85c8f268f57eb,neysan_folder_label,unclean,v2,N1,,vanet,vanet,True,0.9989,0.9988897442817688,False,silent_acceptance,2.453285219417012e-07,2.92928487022337e-10,1.1780041830888877e-07,0.0009661974618211389,7.836158329155296e-05,6.054958134882327e-08,6.523590127471834e-05,0.9988897442817688
326,v2/unclean/neysan/197223393.jpg,0133690c9c8379184555f43a15454280b686a4bbdcf65fe4190f109310873fe3,neysan_folder_label,unclean,v2,N1,,vanet,vanet,True,0.9457,0.9457197785377502,True,sent_to_review,3.503530751913786e-05,2.1819769102648934e-08,0.0008657138678245246,0.05282258987426758,8.930118201533332e-05,0.0004234330845065415,4.416624869918451e-05,0.9457197785377502
327,v2/unclean/neysan/197237993.jpg,94a18ada97e24c6c136f159f14ef356ba04c6f46cf4445963ce41e1970a2b5da,neysan_folder_label,unclean,v2,N1,,vanet,vanet,True,0.9998,0.9997524619102478,False,silent_acceptance,1.9631490431493148e-05,4.061226910323512e-09,2.684425089682918e-05,4.182764314464293e-06,7.432902202708647e-05,1.0668616141629172e-06,0.00012150339171057567,0.9997524619102478
328,v2/unclean/neysan/197248545.jpg,6185ea2118f4586e2d00f48819b13357fba3d0147cb34ccb762bb9c40b7eddfe,neysan_folder_label,unclean,v2,N1,,vanet,vanet,True,0.9982,0.9981923699378967,False,silent_acceptance,6.176721217343584e-05,5.1066457729120884e-09,0.001336031360551715,0.00016133706958498806,0.00022131083824206144,7.22657134133442e-08,2.714831498451531e-05,0.9981923699378967
329,v2/unclean/neysan/197255026.jpg,884723d78e159ea5a02162c345a3b623be5e382156ca2dcba5c6d62740e1a845,neysan_folder_label,unclean,v2,N1,,vanet,vanet,True,0.7351,0.7350726127624512,True,sent_to_review,0.00024304992984980345,3.648958823987414e-08,0.03452976793050766,0.2235860973596573,0.006562032271176577,1.6283235027003684e-07,6.234206466615433e-06,0.7350726127624512
330,v2/unclean/neysan/197261582.jpg,3f71a641bb673ebb43e44017868cc3cc8fd9a38aa848139b693a6665be512407,neysan_folder_label,unclean,v2,N1,,vanet,vanet,True,0.9937,0.9936612844467163,False,silent_acceptance,5.1502524911484215e-08,5.700840841060817e-12,0.005976343993097544,0.0003222681407351047,5.698163022316294e-06,1.5509646900113694e-08,3.436550105107017e-05,0.9936612844467163
331,v2/unclean/neysan/197308030.jpg,4a2321bd3a2b8eeffe1748f21cf35c3ec59dc2644da8ef574bfdd67414f5a155,neysan_folder_label,unclean,v2,N1,,vanet,vanet,True,0.9705,0.9705260396003723,False,silent_acceptance,2.9054670449113473e-05,4.892604010819923e-07,0.013844365254044533,0.0009837696561589837,0.0012590796686708927,7.718868459960504e-07,0.013356408104300499,0.9705260396003723
332,v2/unclean/neysan/197319173.jpg,566b7dbbd4ccb55f42f7fa59308cc23efbf1f983e54f81bd3b7f931f18680110,neysan_folder_label,unclean,v2,N1,,vanet,kamyunet,False,0.8608,0.860831618309021,True,error_caught,0.0014909148449078202,2.3398708748345598e-08,0.0003087307559326291,0.860831618309021,0.0005205456400290132,6.190498993419169e-07,2.6994297513738275e-05,0.13682056963443756
333,v2/unclean/neysan/197375182.jpg,b6d7484e6b1679ddaa5244816743f8a30d6a4402a5caddd707f7a6694aa34e23,neysan_folder_label,unclean,v2,N1,,vanet,vanet,True,0.9899,0.9899119734764099,False,silent_acceptance,6.410157948266715e-05,1.5018572696590127e-07,0.0019587483257055283,4.364351752883522e-06,0.0061319503001868725,4.985989289707504e-05,0.0018788808956742287,0.9899119734764099
334,v2/unclean/neysan/197417821.jpg,404572fe2e76afb3cad3e284070006e8244109a161c2e5aa45014aa8fd229a0b,neysan_folder_label,unclean,v2,N1,,vanet,kamyun,False,0.5943,0.5942755937576294,True,error_caught,0.00030420825351029634,5.72119934076909e-05,0.5942755937576294,0.002101687015965581,0.08377297222614288,5.7399474826524965e-06,0.007928299717605114,0.31155428290367126
335,v2/unclean/neysan/197527148.jpg,990f4de7b63fe59edbbf7ca80e27028c87d5ec1f47fcbb6579d69d8fecc1cf4a,neysan_folder_label,unclean,v2,N1,,vanet,vanet,True,0.9371,0.9370994567871094,True,sent_to_review,0.0032266706693917513,9.504459740128368e-05,0.0013429237296804786,0.009330053813755512,0.0010911131976172328,0.0025061832275241613,0.04530855640769005,0.9370994567871094
336,v2/unclean/neysan/197629171.jpg,378feabc73cb421af8792e4331da86f49f1b42023d40f99d75d078ab533cfffc,neysan_folder_label,unclean,v2,N1,,vanet,vanet,True,0.9984,0.9984172582626343,False,silent_acceptance,1.1352039109624457e-05,1.3831630285565666e-10,5.952764468020177e-07,0.00018690299475565553,0.0013834041310474277,1.680025007999575e-07,3.622139388426149e-07,0.9984172582626343
337,v2/unclean/neysan/197741309.jpg,a581f89d154c27cd7f7379d74e5bc3cca9d841e69573569e5434df6bcbd64176,neysan_folder_label,unclean,v2,N1,,vanet,vanet,True,0.5295,0.5294982194900513,True,sent_to_review,0.0001030273997457698,0.0002781483926810324,0.0027137259021401405,0.4662186801433563,0.00025713740615174174,0.00035936819040216506,0.0005717974854633212,0.5294982194900513
338,v2/unclean/neysan/197799946.jpg,c05ac024b3bf84915c273adebe5e21032a8d09bd6f755653cc61edd2b833c363,neysan_folder_label,unclean,v2,N1,,vanet,vanet,True,0.9949,0.9949108958244324,False,silent_acceptance,2.5502583866909845e-07,2.474067339885977e-10,6.380817012541229e-06,0.004828175064176321,4.438522591954097e-05,6.2329665873051e-09,0.00020991393830627203,0.9949108958244324
339,v2/unclean/neysan/197844909.jpg,520c0f8cdbb3e7f755b55a2e52d238d5733326398930dca7b74626ac77015b0c,neysan_folder_label,unclean,v2,N1,,vanet,vanet,True,0.9925,0.9924682974815369,False,silent_acceptance,0.00012157110177213326,1.7614017906453228e-06,0.0004793862462975085,0.00034962245263159275,0.006531205959618092,3.222984901185555e-07,4.7847526730038226e-05,0.9924682974815369
340,v2/unclean/neysan/198034392.jpg,4136e2e543bc7891f6d871b6b467fd2264918a7173e9ec8dfeff34af60da0fe9,neysan_folder_label,unclean,v2,N1,,vanet,vanet,True,0.9493,0.9493237137794495,True,sent_to_review,1.640073605813086e-05,1.123357140642156e-08,0.00011889290908584371,0.0336216539144516,0.01689211279153824,3.108008854724176e-07,2.683600723685231e-05,0.9493237137794495
341,v2/unclean/neysan/198180001.jpg,c9d8481f2c40910422938ca8748a636ede61f111dc78b27cd31e5b04927d89c9,neysan_folder_label,unclean,v2,N1,,vanet,vanet,True,0.9949,0.9948859810829163,False,silent_acceptance,0.0013526970287784934,7.263187171702157e-07,0.003443516790866852,5.0894544983748347e-05,0.00025566198746673763,1.0716490805862122e-07,1.0465020750416443e-05,0.9948859810829163
342,v2/unclean/neysan/198284815.jpg,d7e0a65e3758ef399fa11b1b78927b050e2bd9290c7d20a76955793937e88fa1,neysan_folder_label,unclean,v2,N1,,vanet,kamyunet,False,0.4702,0.47015511989593506,True,error_caught,0.026790380477905273,0.00010248027683701366,0.0002841504756361246,0.47015511989593506,0.09634904563426971,0.0002017068472923711,0.008817797526717186,0.3972993493080139
343,v2/unclean/neysan/198422649.jpg,ceaf9ab9f7554d0d5aa5ecdd7750e483161ee6b1c33cc28c2c96177d7e615e6e,neysan_folder_label,unclean,v2,N1,,vanet,vanet,True,0.7189,0.7189201712608337,True,sent_to_review,0.0010595560306683183,0.0008043008856475353,0.14746598899364471,0.0034781917929649353,0.03588079661130905,1.223742583533749e-05,0.09237876534461975,0.7189201712608337
344,v2/unclean/neysan/198578327.jpg,e78ebacf46d31589501406231241efae4bcf917246869a47b6a53a1750980247,neysan_folder_label,unclean,v2,N1,,vanet,vanet,True,0.9966,0.9965883493423462,False,silent_acceptance,0.0024171455297619104,1.3140092569585704e-08,8.270177204394713e-06,0.0009262071689590812,5.419358785729855e-05,2.629607024573488e-06,3.139247837680159e-06,0.9965883493423462
345,v2/unclean/neysan/198830904.jpg,c59f28602193a0fc939e2de8c0333f2c0cda0ba5aef5987073c9b3b92fae230d,neysan_folder_label,unclean,v2,N1,,vanet,vanet,True,0.9893,0.9892590641975403,False,silent_acceptance,8.00532416178612e-06,5.714379525123547e-10,3.916774585377425e-05,0.010536815971136093,3.7431318560265936e-06,1.6762646737333853e-07,0.0001530552690383047,0.9892590641975403
346,v2/unclean/neysan/198838713.jpg,a0734c16921ccbf972be205f06822d170cb19f21e0584c3279caaa9e5172ea62,neysan_folder_label,unclean,v2,N1,,vanet,minibus,False,0.4827,0.4827154576778412,True,error_caught,0.011214888654649258,1.4719902310389443e-06,0.003268082160502672,0.22517867386341095,0.4827154576778412,4.176678885414731e-06,0.0014607086777687073,0.276156485080719
347,v2/unclean/neysan/199036351.jpg,6fdf9e6cb5ad0a3b557f04050ba626131c9b7990c84560b7c7048b1a258328c2,neysan_folder_label,unclean,v2,N1,,vanet,kamyun,False,0.9163,0.9162805676460266,True,error_caught,0.00017305348592344671,1.0905548151640687e-05,0.9162805676460266,0.000591603631619364,0.0012661159271374345,3.6982152096243226e-07,8.213813998736441e-05,0.08159541338682175
348,v2/unclean/neysan/199318277.jpg,e8f2fb118d62383e82dde35148ddd268de6a46b5c599dfa6c7d525be70363e6f,neysan_folder_label,unclean,v2,N1,,vanet,vanet,True,0.8564,0.8563790321350098,True,sent_to_review,0.00022386548516806215,7.897420317704018e-08,0.00028265154105611145,0.11481232941150665,0.0011174539104104042,6.804775694035925e-06,0.027177749201655388,0.8563790321350098
349,v2/unclean/neysan/199343837.jpg,74dae2a86b0c9e2376aaa1e6913c3bd9a1f0e2a351f35cf0b20b5f6717eef80f,neysan_folder_label,unclean,v2,N1,,vanet,vanet,True,0.9860,0.9860279560089111,False,silent_acceptance,3.6437308153836057e-05,6.414975359803066e-07,0.010910384356975555,0.00016258712275885046,0.0028436395805329084,3.434476639085915e-06,1.4929431927157566e-05,0.9860279560089111
350,v2/unclean/neysan/199358904.jpg,d9716824cf46fb499eafa647271bf7e9f9501164c4cee7f63f5368ffe6166a36,neysan_folder_label,unclean,v2,N1,,vanet,vanet,True,0.9385,0.9385252594947815,True,sent_to_review,0.0003467744681984186,1.6611475075478666e-06,0.004367312416434288,0.046423640102148056,0.00895635411143303,0.0006263075629249215,0.0007527229026891291,0.9385252594947815
351,v2/unclean/neysan/199825627.jpg,257ca0cc1008c3ce89ae60d17beecc5bf805a82fa60f5a56981e1a028589df4b,neysan_folder_label,unclean,v2,N1,,vanet,vanet,True,0.9996,0.9995961785316467,False,silent_acceptance,1.0257257372359163e-06,3.394797110090053e-09,5.695097229363455e-07,2.2517899196827784e-05,0.00032630033092573285,2.706357918214053e-06,5.0697079132078215e-05,0.9995961785316467
352,v2/unclean/neysan/199998323.jpg,fc976b71fbfc549c907f2f7c59dca4e1fce92f0cdc8d84263404481c672c7993,neysan_folder_label,unclean,v2,N1,,vanet,vanet,True,0.9986,0.9985836744308472,False,silent_acceptance,0.00025332235964015126,3.2475451217095497e-09,4.210876431898214e-05,0.0008939233957789838,0.00014944437134545296,9.411115087232247e-08,7.743887545075268e-05,0.9985836744308472
353,v2/unclean/neysan/200932721.jpg,272055e28d50fd3274d39371e7fe0ab734b9ff2b6742294109ef2d0227870d2c,neysan_folder_label,unclean,v2,N1,,vanet,vanet,True,0.9997,0.9996871948242188,False,silent_acceptance,1.9384400729904883e-05,4.821110732855516e-10,3.209773694834439e-06,6.601493805646896e-05,6.536199362017214e-05,3.3047565466404194e-06,0.00015557656297460198,0.9996871948242188
354,v2/unclean/neysan/200943051.jpg,91fbf1aa58df1ac289de1bfa22317fca16eea76de53e15e259000fb93cc7984d,neysan_folder_label,unclean,v2,N1,,vanet,vanet,True,0.9992,0.9991543292999268,False,silent_acceptance,4.146763603785075e-05,7.988774655132147e-07,0.00025497731985524297,1.4703873603139073e-05,0.00024358755035791546,2.027129767157021e-06,0.00028807888156734407,0.9991543292999268
355,v2/unclean/neysan/201790304.jpg,45224acd022ec08fd0562588f19e8041de9fec60419dff84950a701153bab032,neysan_folder_label,unclean,v2,N1,,vanet,vanet,True,0.9943,0.994257926940918,False,silent_acceptance,3.5120498068863526e-05,2.0583135196261537e-08,0.0008753128349781036,0.000329109956510365,0.0011751502752304077,7.65471725117095e-07,0.00332651543430984,0.994257926940918
356,v2/unclean/neysan/201927527.jpg,08cde27d2ddc2ba29fd60285b6ffedf1ad758e2298632c11119db6c83cd59552,neysan_folder_label,unclean,v2,N1,,vanet,vanet,True,0.9997,0.99972003698349,False,silent_acceptance,5.0032136641675606e-05,3.814107252253507e-09,4.758921932079829e-05,3.302251934655942e-05,2.3379943741019815e-05,9.863612649496645e-05,2.723886245803442e-05,0.99972003698349
357,v2/unclean/neysan/201982839.jpg,a4e7ecc49d9d19495e7188b53d00a38aa50acba3058e0a827965bbd7bf929d05,neysan_folder_label,unclean,v2,N1,,vanet,vanet,True,0.9766,0.9765966534614563,False,silent_acceptance,0.000665904488414526,4.132898467901214e-09,0.0077311089262366295,0.014803283847868443,0.0001843016070779413,9.223894537058186e-09,1.8742410247796215e-05,0.9765966534614563
358,v2/unclean/neysan/202019896.jpg,fc4270317708311bdbc7ed144cb47c3a96595b4cf3732517a4c98d491eced3e0,neysan_folder_label,unclean,v2,N1,,vanet,vanet,True,0.7421,0.742058277130127,True,sent_to_review,0.03334056958556175,1.4201563089955016e-06,0.001279818476177752,0.11174732446670532,0.11136931926012039,2.021908187543886e-07,0.00020309051615186036,0.742058277130127
359,v2/unclean/neysan/202045297.jpg,10c5a4b88ea9fbe7d80f70dc456469d54269ab0c4c1f072ad058e40206284b08,neysan_folder_label,unclean,v2,N1,,vanet,vanet,True,0.9826,0.9825511574745178,False,silent_acceptance,0.00047332094982266426,4.440827083840304e-08,0.013458010740578175,0.002674126997590065,8.46227521833498e-06,3.3599251310079126e-06,0.0008315094164572656,0.9825511574745178
360,v2/unclean/neysan/202766710.jpg,1cc9dac215d3deb5dc773d7569ad9b6888494ad19f3d35dcc48e4bae5cdb466a,neysan_folder_label,unclean,v2,N1,,vanet,vanet,True,0.9972,0.9971534013748169,False,silent_acceptance,0.00015538171282969415,7.83821807459617e-09,6.953607953619212e-05,0.0003734766796696931,0.0005093033541925251,2.5202223696396686e-05,0.0017136767273768783,0.9971534013748169
361,v2/unclean/neysan/202875871.jpg,9692234c7166027082c9e4881f58e91f5dd6bb472eda798166dcd708cdebae62,neysan_folder_label,unclean,v2,N1,,vanet,vanet,True,0.9334,0.9334397315979004,True,sent_to_review,0.0379364937543869,4.715721146908436e-09,0.01596536487340927,0.012388896197080612,0.00024987096549011767,1.6357583731974046e-08,1.961921043402981e-05,0.9334397315979004
362,v2/unclean/neysan/204002318.jpg,b9955463ca7babbc1eb15261928918098cf5e78bbf12014c188b527925c335b0,neysan_folder_label,unclean,v2,N1,,vanet,vanet,True,0.9449,0.9449495077133179,True,sent_to_review,5.8485140471020713e-05,1.5594251863149111e-06,0.00018978230946231633,0.007352083455771208,0.04739416390657425,1.6394400290664635e-06,5.2793253416894004e-05,0.9449495077133179
363,v2/unclean/neysan/204210347.jpg,91d20c4ba2af584ff7a960fd1100daecbdccaf425d6cf086f3803472721bc7cb,neysan_folder_label,unclean,v2,N1,,vanet,vanet,True,0.5724,0.5724441409111023,True,sent_to_review,8.173380592779722e-06,1.312002284592495e-09,0.00013328788918443024,0.42741280794143677,1.2792646657544537e-06,9.968919911784724e-09,3.4889635003310104e-07,0.5724441409111023
364,v2/unclean/neysan/204725649.jpg,49676f7586939c7952e2915fd9b417589a0dce256a61e21222553f27b64f3844,neysan_folder_label,unclean,v2,N1,,vanet,vanet,True,0.9996,0.9996098875999451,False,silent_acceptance,5.4977463150862604e-05,4.9721778777600534e-11,6.055655376258073e-06,0.00019760250870604068,0.00012529513332992792,4.300185985073313e-09,6.173390829644632e-06,0.9996098875999451
365,v2/unclean/neysan/205272178.jpg,aeb82be81a52b53e696a664a00738dc09c404b6dde5db492d7e9ad82117b1a61,neysan_folder_label,unclean,v2,N1,,vanet,vanet,True,0.9804,0.9803630709648132,False,silent_acceptance,8.779824565863237e-05,2.9757786705886247e-06,0.0003541486512403935,0.000170921441167593,9.525966015644372e-05,0.006605945993214846,0.01231986004859209,0.9803630709648132
366,v2/unclean/neysan/205317833.jpg,0f64b1fc76ad7c875b7e998fa1366209136382490a81dc13616deae4fef31012,neysan_folder_label,unclean,v2,N1,,vanet,vanet,True,0.9900,0.9899718761444092,False,silent_acceptance,1.6517246876901481e-06,3.238937154037558e-07,0.00047080713557079434,0.0005757350591011345,0.0010314463870599866,7.570261459477479e-06,0.007940632291138172,0.9899718761444092
367,v2/unclean/neysan/205573319.jpg,f9611b6040a8c4029d43955da42a69bfd33163c64b8ccfe451b89b81cb9eaa78,neysan_folder_label,unclean,v2,N1,,vanet,vanet,True,0.5741,0.5740981101989746,True,sent_to_review,3.928959631593898e-05,3.7464877095771953e-05,0.06675856560468674,0.3253943920135498,0.01046534813940525,6.858522851871385e-07,0.023206114768981934,0.5740981101989746
368,v2/unclean/neysan/205893783.jpg,364e66ed97503c48494824fe12f93b6d2f2ce2dd2ad766978570d216c8542963,neysan_folder_label,unclean,v2,N1,,vanet,vanet,True,0.9895,0.9894590377807617,False,silent_acceptance,6.441500772780273e-06,1.6712205308522243e-07,0.0013029344845563173,0.009117222391068935,2.3814323867554776e-05,8.281600457848981e-05,7.596837804157985e-06,0.9894590377807617
369,v2/unclean/neysan/205952169.jpg,9fe6d32a1fc852154cfdafa40c20195784b8b4d0c645d6f13cfd58515171b483,neysan_folder_label,unclean,v2,N1,,vanet,vanet,True,0.9904,0.9904202818870544,False,silent_acceptance,0.007304488681256771,1.4774346368540137e-07,1.744112159940414e-05,0.002244719071313739,1.0470158485986758e-05,2.473773974998039e-06,1.4058461950128276e-08,0.9904202818870544
370,v2/unclean/neysan/205997164.jpg,6817f747631993d0531532d9e1f9b751275520b3e94f5d4580b0d770c6779882,neysan_folder_label,unclean,v2,N1,,vanet,vanet,True,0.9976,0.9976334571838379,False,silent_acceptance,3.585205377021339e-06,1.0533776162446884e-07,0.002249345649033785,4.2303370719309896e-05,2.377459531999193e-05,5.068970310162513e-08,4.738891220767982e-05,0.9976334571838379
371,v2/unclean/neysan/206019581.jpg,eadd596e419ee360a790181dd31afc33e304e0162744a441359d22b3f447f52a,neysan_folder_label,unclean,v2,N1,,vanet,vanet,True,0.4081,0.40813398361206055,True,sent_to_review,0.13814890384674072,1.1893487226188881e-06,0.03022684156894684,0.2534855306148529,0.16003099083900452,2.6644986519386293e-06,0.009969902224838734,0.40813398361206055
372,v2/unclean/neysan/206081296.jpg,31767b6c59e73ae5677401baf680d374c337c67449a5cf329e0dcb57ae73a24d,neysan_folder_label,unclean,v2,N1,,vanet,vanet,True,0.8270,0.8270095586776733,True,sent_to_review,3.1407464121002704e-05,8.794935411060578e-07,0.16329479217529297,0.004163297824561596,0.004117282573133707,2.9007831017224817e-06,0.0013798880390822887,0.8270095586776733
373,v2/unclean/neysan/206171093.jpg,d7d76380e205c47045ecf1b49e1339d73df7c8e0d9a30c56d9ef6a21b74ef495,neysan_folder_label,unclean,v2,N1,,vanet,vanet,True,0.8196,0.8195645809173584,True,sent_to_review,5.821855665999465e-05,6.504439764576375e-10,0.00012354855425655842,0.18024644255638123,4.3988588913634885e-06,1.486567100528191e-07,2.694050863283337e-06,0.8195645809173584
374,v2/unclean/neysan/206203349.jpg,6ed0897358cae290153785d85182bb2285e0333591f093930dfdebf9a1a91d74,neysan_folder_label,unclean,v2,N1,,vanet,minibus,False,0.5191,0.5191097855567932,True,error_caught,0.0002098962722811848,2.434167867271242e-10,3.334746679684031e-06,0.005669053643941879,0.5191097855567932,4.218740201622495e-08,0.0007473458535969257,0.47426044940948486
375,v2/unclean/neysan/206216604.jpg,4ab898820efeffb955e4c92508e49a11fa12c640c5dc0baad787f461559809f6,neysan_folder_label,unclean,v2,N1,,vanet,vanet,True,0.7426,0.742627739906311,True,sent_to_review,0.0014028187142685056,2.8779563763237093e-06,0.016399307176470757,0.2345525175333023,0.0021257170010358095,9.683537882665405e-07,0.002888037357479334,0.742627739906311
376,v2/unclean/neysan/206278229.jpg,ea7b4234fc44f1fa62d213ba5efb1dedfad96081d2bdf60ecc78507dcea5f53c,neysan_folder_label,unclean,v2,N1,,vanet,vanet,True,0.9997,0.99968421459198,False,silent_acceptance,8.014842751435935e-05,1.496121981858778e-08,8.080449731551198e-08,2.2267983013080084e-07,0.0002250383549835533,4.9605769163463265e-06,5.368744950828841e-06,0.99968421459198
377,v2/unclean/neysan/206292031.jpg,b2c384c1d5992fb2ac6575c455d4283810d59a847564c8a486ae206b64d00fdb,neysan_folder_label,unclean,v2,N1,,vanet,vanet,True,0.9940,0.9940378665924072,False,silent_acceptance,5.892495755688287e-05,1.0108981740586387e-07,0.0014336582971736789,0.0006023416644893587,0.00332311587408185,6.764385602764378e-07,0.000543347152415663,0.9940378665924072
378,v2/unclean/neysan/206608462.jpg,0b500cb05b0121a4cdb73c98abfae39f663c157d9723dce6af20f88670da9218,neysan_folder_label,unclean,v2,N1,,vanet,vanet,True,0.9999,0.999945878982544,False,silent_acceptance,1.5345197823535273e-07,1.0621067393634664e-11,2.1379678116772993e-07,3.1051927180669736e-06,2.2711975589118083e-07,9.062144954441465e-07,4.9530037358636037e-05,0.999945878982544
379,v2/unclean/neysan/206612809.jpg,a7278e908095cf56998ac6fa2ff24c1cd11de9b9dccf28d360eb1439ecd966e1,neysan_folder_label,unclean,v2,N1,,vanet,vanet,True,0.9005,0.9005284309387207,True,sent_to_review,0.0010096313199028373,0.0011297293240204453,0.002602203981950879,1.5630028428859077e-05,0.00257805734872818,0.005831654649227858,0.08630463480949402,0.9005284309387207
380,v2/unclean/neysan/206728042.jpg,52957b32e8d81879a770c8e6d6456eba3261856196b3df9f56387371760d264a,neysan_folder_label,unclean,v2,N1,,vanet,vanet,True,0.9979,0.9979423880577087,False,silent_acceptance,2.155728725483641e-05,7.992113915111787e-11,4.936289315082831e-06,2.6430054276715964e-05,0.0019743568263947964,1.98694394271115e-08,3.026705962838605e-05,0.9979423880577087
381,v2/unclean/neysan/206990805.jpg,618acddbfd5623b364e28d2f4406ab5fd4bf75dd332af11c4e6b9d08295d2a52,neysan_folder_label,unclean,v2,N1,,vanet,minibus,False,0.6138,0.6137586832046509,True,error_caught,0.0006716541247442365,6.331220703259532e-08,0.0005290306871756911,0.0522858090698719,0.6137586832046509,3.3138536537080654e-07,0.006943914107978344,0.3258104622364044
382,v2/unclean/neysan/207142000.jpg,c01ef080123b0320c6f2c2d9ca0f0be7bd4f7c0e3ca240a7c1a8529121a70b21,neysan_folder_label,unclean,v2,N1,,vanet,vanet,True,0.9984,0.9983539581298828,False,silent_acceptance,0.00030165447969920933,6.836864940851228e-08,0.00017608141934033483,0.0007975797634571791,0.0003099341702181846,7.87580489713946e-08,6.062047395971604e-05,0.9983539581298828
383,v2/unclean/neysan/207145836.jpg,0cb0775f328e8dcedd3415377d9a348098dc159d382035e5ae763e4fb6f87ad8,neysan_folder_label,unclean,v2,N1,,vanet,vanet,True,0.9986,0.9985626339912415,False,silent_acceptance,0.00021180756448302418,9.259330226996099e-07,0.0003570869448594749,0.00045955783571116626,0.0002495817025192082,4.381204053061083e-05,0.00011465510760899633,0.9985626339912415
384,v2/unclean/neysan/207163688.jpg,9dbd91b19504d2b59417269c916b8035e247dfb25ecf625f0758de16ac9a1c15,neysan_folder_label,unclean,v2,N1,,vanet,vanet,True,0.9676,0.967623770236969,False,silent_acceptance,0.00016531079018022865,2.360533926548669e-06,0.0011663597542792559,0.00031733300420455635,0.029139123857021332,1.2540186617115978e-05,0.0015732677420601249,0.967623770236969
385,v2/unclean/neysan/207216359.jpg,695b82c9a5e1594ca33844f58c595f9999cba7b8e8e56660164db61f93c78e35,neysan_folder_label,unclean,v2,N1,,vanet,vanet,True,0.9868,0.9868268966674805,False,silent_acceptance,4.0045670175459236e-05,6.208081160252732e-09,2.4301498342538252e-06,0.013098702766001225,1.256570885743713e-05,6.300710992945824e-07,1.8750402887235396e-05,0.9868268966674805
386,v2/unclean/neysan/207677276.jpg,db90a2898070e4e671f7f20bb35f84adad1c6249a000669b7b2b6933d298c7a6,neysan_folder_label,unclean,v2,N1,,vanet,vanet,True,0.9990,0.9990144968032837,False,silent_acceptance,1.4785236999159679e-05,2.508691920866113e-08,9.317354124505073e-05,2.627165667945519e-05,1.2280048622415052e-06,6.8990389081591275e-06,0.0008431278984062374,0.9990144968032837
387,v2/unclean/neysan/207684145.jpg,115207b3304f4c9f4e1bf2335b09fa4ac861acb68fe421f2931e616bea2e433b,neysan_folder_label,unclean,v2,N1,,vanet,vanet,True,0.7264,0.7263650298118591,True,sent_to_review,0.00012165113002993166,7.318164563230312e-08,0.0006051875534467399,0.006775342393666506,0.26565173268318176,3.7488999282686564e-07,0.00048066143062897027,0.7263650298118591
388,v2/unclean/neysan/207696354.jpg,48d32b0e43fe2adc4f6057795243d7a9c61766c67d379e3592d7d1a32a21b202,neysan_folder_label,unclean,v2,N1,,vanet,vanet,True,0.7178,0.7177625894546509,True,sent_to_review,0.00020333548309281468,5.748688181483885e-06,0.07304616272449493,0.00874109473079443,0.19761507213115692,8.923116183723323e-06,0.002617009449750185,0.7177625894546509
389,v2/unclean/neysan/207742359.jpg,cc8f51226243ceaa8c2bed92b0c034669d546253f5f2daf2bcbf95f04c756176,neysan_folder_label,unclean,v2,N1,,vanet,vanet,True,0.7307,0.7307090163230896,True,sent_to_review,0.00024588051019236445,1.5155643268371932e-05,0.19234368205070496,0.03137416020035744,0.0445178747177124,5.60385622350168e-08,0.000794209074229002,0.7307090163230896
390,v2/unclean/neysan/207748261.jpg,542d801686524a3df7c898c40ade1404edef3a9b027437c4b8c8efb6c08c3e74,neysan_folder_label,unclean,v2,N1,,vanet,vanet,True,0.9987,0.9987363219261169,False,silent_acceptance,3.9142043533502147e-05,1.1138072686378564e-08,5.263231059871032e-07,0.00010141525126527995,0.0011000907979905605,1.2831512776756426e-06,2.1179661416681483e-05,0.9987363219261169
391,v2/unclean/neysan/207767728.jpg,768c5dbda270aac85bc56b40a7e4dcf709a1c324a3a4a456a5bbfd685b71b510,neysan_folder_label,unclean,v2,N1,,vanet,vanet,True,0.9999,0.9999406337738037,False,silent_acceptance,1.1314811672491487e-05,2.2396936735780137e-11,1.1979023106789555e-08,2.1739463136327686e-06,4.1371113184140995e-06,1.0989871412903085e-07,4.165399877820164e-05,0.9999406337738037
392,v2/unclean/neysan/207785775.jpg,0046a092accbf09558e81fc9cbd5dbed932abc55f08bd27468ff94ee86811027,neysan_folder_label,unclean,v2,N1,,vanet,vanet,True,0.9956,0.9955675005912781,False,silent_acceptance,2.2902635464561172e-05,1.164837737377411e-08,0.0002326579560758546,0.0029163609724491835,0.0012218892807140946,1.1185017712023182e-07,3.860467768390663e-05,0.9955675005912781
393,v2/unclean/neysan/207786156.jpg,7cef4cf01f60afd3369b57909f6502a186327f5114a2f8e3de8def9da37c4253,neysan_folder_label,unclean,v2,N1,,vanet,vanet,True,0.8730,0.8730305433273315,True,sent_to_review,5.714710641768761e-05,2.2227537556318566e-05,7.023986654530745e-07,0.001628382597118616,0.09691189229488373,0.02575773559510708,0.0025913543067872524,0.8730305433273315
394,v2/unclean/neysan/208025714.jpg,fd062b09d675820be420930fd5e6c6451b3ada22ed0a8934b47df56bfacdf777,neysan_folder_label,unclean,v2,N1,,vanet,vanet,True,0.9366,0.936637282371521,True,sent_to_review,0.00023802206851541996,5.548414505618382e-10,5.088715624879114e-06,0.04835236817598343,0.01455677766352892,8.29611845887257e-09,0.0002104081941070035,0.936637282371521
395,v2/unclean/neysan/208036477.jpg,157b773f58217e9a37c0ce987732e8b4b933341afdb34d07c22c52227c5b9107,neysan_folder_label,unclean,v2,N1,,vanet,vanet,True,0.9867,0.9867435693740845,False,silent_acceptance,0.00018942862516269088,2.225756645657384e-08,1.585717109264806e-05,0.012391895055770874,0.0005812275339849293,1.0425849694684075e-07,7.784915214870125e-05,0.9867435693740845
396,v2/unclean/neysan/208096370.jpg,d17198bd46122b808873f90a3e9dd61833b1a0cf948a557b9456385de3ffc1ec,neysan_folder_label,unclean,v2,N1,,vanet,vanet,True,0.9972,0.9972242116928101,False,silent_acceptance,6.534512067446485e-05,6.273505732679041e-06,0.000662030593957752,0.0008599298889748752,0.000694962393026799,1.5871438563408446e-06,0.0004856676678173244,0.9972242116928101
397,v2/unclean/neysan/208131330.jpg,0ada6278b3c32990122dd8a69fa2d438607e173c76d115adb9ac899c39577192,neysan_folder_label,unclean,v2,N1,,vanet,vanet,True,0.9570,0.9570171236991882,False,silent_acceptance,3.729452510015108e-05,9.486126373303705e-07,0.00015008395712357014,0.006621803622692823,0.03600476682186127,1.7939465806193766e-06,0.0001662587164901197,0.9570171236991882
398,v2/unclean/neysan/208197304.jpg,52157a7b23d8d966ddfd40692db6e65e67e8e11c9b648c232d30ae7c2f091abd,neysan_folder_label,unclean,v2,N1,,vanet,vanet,True,0.9994,0.9993988275527954,False,silent_acceptance,3.6333797197585227e-06,1.2233909441050628e-09,9.981575885831262e-07,4.3101244955323637e-05,0.0005447357543744147,3.257903472331236e-06,5.4329598242475186e-06,0.9993988275527954
399,v2/unclean/neysan/208228643.jpg,c2d5c839f28ed380789764f9356bd91b1e68d2bcf6cbe2d60af10b9f39986614,neysan_folder_label,unclean,v2,N1,,vanet,vanet,True,0.7899,0.7899175882339478,True,sent_to_review,6.697638582409127e-06,3.6521263790945113e-10,0.15970316529273987,0.020348241552710533,0.029826246201992035,1.035537544602505e-09,0.00019810270168818533,0.7899175882339478
400,v2/unclean/neysan/208280084.jpg,6b54a66024c5839b0b191b62ce4fc2070ba0304e051e8ac31116442140fcff09,neysan_folder_label,unclean,v2,N1,,vanet,vanet,True,0.9964,0.9964248538017273,False,silent_acceptance,2.686051266209688e-05,1.7825357856438018e-09,3.2111804557644064e-06,0.002297565108165145,0.0006330584292300045,9.821076929483752e-08,0.0006142823840491474,0.9964248538017273
401,v2/unclean/neysan/208285763.jpg,c3df520da86a9012733a8804eff3d48ac9d919a1c06e1e5a3c8f5b8408bde839,neysan_folder_label,unclean,v2,N1,,vanet,vanet,True,0.9585,0.9585224390029907,False,silent_acceptance,0.006264927331358194,3.23700923843262e-08,0.0031954629812389612,0.030733326449990273,0.0008044413407333195,1.9860711120145425e-07,0.0004791021056007594,0.9585224390029907
402,v2/unclean/neysan/208331769.jpg,316b374eabf33cf5b2710beb5a5e9b6972ce5a3d1d8f4ba73b151176e72a367c,neysan_folder_label,unclean,v2,N1,,vanet,vanet,True,0.9501,0.9501091837882996,False,silent_acceptance,0.0002386877458775416,2.9332067885690094e-09,0.010932945646345615,0.0023505976423621178,0.03633224591612816,9.012251211970579e-08,3.628603371907957e-05,0.9501091837882996
403,v2/unclean/neysan/208386363.jpg,170601e9400c14dd2fec012f0df738218c710dea080e5da06ac4b50d623ca892,neysan_folder_label,unclean,v2,N1,,vanet,vanet,True,0.9676,0.9675729870796204,False,silent_acceptance,6.572512211278081e-05,6.256267681692407e-08,7.9855635704007e-05,0.030925488099455833,0.00041738839354366064,2.2259957859205315e-06,0.0009362694690935314,0.9675729870796204
404,v2/unclean/neysan/208475226.jpg,9ec818843af231bcae1135f9d5a1d2918be0969234de16b93224152bc1ec1e85,neysan_folder_label,unclean,v2,N1,,vanet,vanet,True,0.9379,0.9379492402076721,True,sent_to_review,0.0022243577986955643,1.628364287853401e-08,0.0024565972853451967,0.05381937697529793,0.003539089346304536,3.8059368989706854e-07,1.090883233700879e-05,0.9379492402076721
405,v2/unclean/neysan/208592216.jpg,8f6a0d6daa294ea8240d69d0a090748941c60bfc811644e0ac15f209fcdb47ba,neysan_folder_label,unclean,v2,N1,,vanet,vanet,True,0.9990,0.9989731311798096,False,silent_acceptance,4.676942262449302e-05,4.882278956119812e-11,2.3290676836040802e-06,0.000961345445830375,1.412774327036459e-05,4.426814914637589e-09,2.3507780042564264e-06,0.9989731311798096
406,v2/unclean/neysan/208758405.jpg,be03aa20f43c24a0f5b2b52dd83aa8792c1db2b8057df3755f0b35b198d06a56,neysan_folder_label,unclean,v2,N1,,vanet,vanet,True,0.9942,0.9941656589508057,False,silent_acceptance,3.6506920878309757e-05,1.273050003192111e-07,0.0014086187584325671,0.004150326829403639,2.1484269382199273e-05,0.0002129020867869258,4.3541958802961744e-06,0.9941656589508057
407,v2/unclean/neysan/209172997.jpg,0c559de4a9e65528ef412799e757f94bd8face853907154ac9b622861a9e68b8,neysan_folder_label,unclean,v2,N1,,vanet,vanet,True,0.9962,0.996215283870697,False,silent_acceptance,0.0003432968514971435,3.940585635575644e-09,1.577985955236727e-07,2.8140984795754775e-06,4.7904591156111564e-06,0.003219929523766041,0.0002136649563908577,0.996215283870697
408,v2/unclean/neysan/209320911.jpg,afcdfff19c64e0f7a67ca9a39c7b0f82b6fd9cf5e0286cba2c8e292da5336f3a,neysan_folder_label,unclean,v2,N1,,vanet,vanet,True,0.9999,0.9998801946640015,False,silent_acceptance,3.6959947465220466e-05,2.3718460084865e-08,1.8574368368717842e-05,9.8730079116649e-06,3.3358668588334695e-05,1.2552211046568118e-05,8.408747817156836e-06,0.9998801946640015
409,v2/unclean/neysan/209693167.jpg,09aba61c5c935704aa6d0244962ecb396b9dcbe11d8a15384e88b7a9e32bdcaa,neysan_folder_label,unclean,v2,N1,,vanet,vanet,True,0.9974,0.9974352717399597,False,silent_acceptance,7.328722858801484e-06,2.2601444271685978e-08,2.4683165975147858e-05,6.965444481465966e-05,2.187159537925254e-07,0.0024556636344641447,7.177828592830338e-06,0.9974352717399597
410,v2/unclean/neysan/209766482.jpg,a9d9bfef1a2ceb0c6af8b35664068e395148ba4b677073454a09a1253bc5288a,neysan_folder_label,unclean,v2,N1,,vanet,vanet,True,0.7764,0.7764293551445007,True,sent_to_review,0.00021762106916867197,0.00011663500481517985,0.006584664341062307,0.00044604254071600735,0.00031937198946252465,0.21102096140384674,0.00486539164558053,0.7764293551445007
411,v2/unclean/neysan/210404279.jpg,3e16bfda15841b25fa515d3e964f8f7a695b73d5dd207cea7a25173878683de3,neysan_folder_label,unclean,v2,N1,,vanet,vanet,True,0.9461,0.9460671544075012,True,sent_to_review,0.0013711928622797132,2.1256719264783897e-05,0.04777224361896515,0.0012715787161141634,0.0028203511610627174,9.143572970060632e-05,0.0005847610882483423,0.9460671544075012
412,v2/unclean/neysan/210682674.jpg,ad87fd3b87a004138d876cf29f77ad776abdeab2ea4dff8569ed48265be819ec,neysan_folder_label,unclean,v2,N1,,vanet,vanet,True,0.8613,0.861322820186615,True,sent_to_review,0.13569052517414093,3.737632425782067e-09,2.8525346351671033e-05,0.0022765847388654947,0.0006579589680768549,2.0349958163023985e-07,2.338487138331402e-05,0.861322820186615
413,v2/unclean/neysan/210735083.jpg,c4b45f6d14a835715ceb9e6bcd2baed2b01a1e9ad302cf07295b800f7f6178a0,neysan_folder_label,unclean,v2,N1,,vanet,vanet,True,0.9989,0.9989368319511414,False,silent_acceptance,6.727664003847167e-05,1.5477603483304847e-06,1.2234320820425637e-05,0.00034807759220711887,1.4356462997966446e-05,0.0006167011451907456,2.981662419188069e-06,0.9989368319511414
414,v2/unclean/neysan/211040523.jpg,479a5513685159b66df0ac5a3b9b50074e928d5bb1a9c7f507fc0eae7a5249c7,neysan_folder_label,unclean,v2,N1,,vanet,vanet,True,0.9264,0.9264032244682312,True,sent_to_review,5.827753557241522e-05,3.092890665801207e-10,0.0002275451843161136,0.07147054374217987,0.0017900272505357862,1.0095367208862172e-08,5.0391157856211066e-05,0.9264032244682312
415,v2/unclean/neysan/211341025.jpg,f6238c15ad7b4b611674531c3907c93e1c0a10482684da76e5100186ddb5cde4,neysan_folder_label,unclean,v2,N1,,vanet,vanet,True,0.9971,0.9970718622207642,False,silent_acceptance,2.356202639930416e-05,8.080439789504013e-11,3.5385385217523435e-06,0.002860743785277009,3.8806818338343874e-05,2.167151258447575e-08,1.4774094552194583e-06,0.9970718622207642
416,v2/unclean/neysan/211921402.jpg,4177823abbcbcdff40144bcf5fd73df7249ae7c4a5e5d887cd8263b3ded655f1,neysan_folder_label,unclean,v2,N1,,vanet,vanet,True,0.9999,0.9998540878295898,False,silent_acceptance,2.974577455461258e-06,2.1159434881318218e-12,6.2109606346894e-08,8.443495607934892e-05,2.240322629631919e-07,2.0896614216781018e-08,5.818940917379223e-05,0.9998540878295898
417,v2/unclean/neysan/211960009.jpg,55ff6d91c8b193a56c505c2487138d30d65b3f16cb0260282943a404df981992,neysan_folder_label,unclean,v2,N1,,vanet,vanet,True,1.0000,0.9999936819076538,False,silent_acceptance,4.2941314859490376e-07,4.931859087786705e-11,3.542454294347408e-07,1.2763974837071146e-06,2.923400415966171e-06,1.2079207634130285e-09,1.3565247627411736e-06,0.9999936819076538
418,v2/unclean/neysan/212001729.jpg,f0d1d8282878dd1fcad4a6a075b62ffb2a05348e2fb6c29c2ccd2ecf45c87ca6,neysan_folder_label,unclean,v2,N1,,vanet,vanet,True,0.9985,0.9984740614891052,False,silent_acceptance,8.299120054289233e-06,6.587708711869311e-10,4.603466834396386e-07,1.820864440560399e-06,0.0014992057112976909,2.8683150077313257e-08,1.617023372091353e-05,0.9984740614891052
419,v2/unclean/neysan/212029693.jpg,5bbd502e381df71b55a73bc91d870e547f8c1b0cd4cbf8acc2124f23b900b202,neysan_folder_label,unclean,v2,N1,,vanet,vanet,True,0.9913,0.9913448095321655,False,silent_acceptance,0.0011427350109443069,4.497785266721621e-05,0.0002977040712721646,0.0002723982324823737,0.0006370804621838033,0.006109178531914949,0.00015114282723516226,0.9913448095321655
420,v2/unclean/neysan/212344272.jpg,4503c58892e862624bc0a2d06b5900719bdd4689ab817812ef429a740f859810,neysan_folder_label,unclean,v2,N1,,vanet,vanet,True,0.9993,0.9993054866790771,False,silent_acceptance,5.1387733037699945e-06,1.0797010396856876e-08,8.773602530709468e-06,4.991904643247835e-05,0.00023309582320507616,5.35180959104764e-07,0.00039703003130853176,0.9993054866790771
421,v2/unclean/neysan/212359578.jpg,da8620fa44f4a50b0c565330f43362dc219d76029ff73cd78e2b1e037c7f8a61,neysan_folder_label,unclean,v2,N1,,vanet,vanet,True,0.9882,0.9882136583328247,False,silent_acceptance,0.00020459941879380494,2.5740274356422788e-09,1.9038069467569585e-06,0.00012464687461033463,0.0010103582171723247,1.5988224504326354e-06,0.010443156585097313,0.9882136583328247
422,v2/unclean/neysan/212468834.jpg,1890f2851afa4fb3e385d6e0245df581174d90ca176d030ef5df32e4145369d3,neysan_folder_label,unclean,v2,N1,,vanet,vanet,True,0.9984,0.9983914494514465,False,silent_acceptance,1.747927672113292e-05,1.2881939959186184e-10,0.00048305047675967216,0.000839620886836201,0.00026113001513294876,4.5299328732539834e-09,7.209109298855765e-06,0.9983914494514465
423,v2/unclean/neysan/212557753.jpg,5bf3a088289a270cc99e34262a71229fd818c7687db051c707c7e198fd6c14ae,neysan_folder_label,unclean,v2,N1,,vanet,vanet,True,0.9969,0.9968926310539246,False,silent_acceptance,1.919750729939551e-06,2.9380949062574047e-11,2.609644980111625e-07,0.0031037048902362585,1.4011549183123861e-06,6.737120639144223e-09,5.298691263533328e-08,0.9968926310539246
424,v2/unclean/neysan/212670484.jpg,bdaa1a3a8ccf799efd6973d2a3a0dc146303d8e1d12165e1eb00667c3eeccb2f,neysan_folder_label,unclean,v2,N1,,vanet,vanet,True,0.9941,0.9940809607505798,False,silent_acceptance,9.929433872457594e-06,0.0005140911089256406,4.7318346332758665e-05,0.0031237408984452486,0.00037493614945560694,0.001474621589295566,0.0003743352135643363,0.9940809607505798
425,v2/unclean/neysan/212933941.jpg,b7d23caeaa5d39cbb3df62660b808354be8b7b379b1e30bd2ce3f5e603787d4a,neysan_folder_label,unclean,v2,N1,,vanet,vanet,True,0.9721,0.9721173048019409,False,silent_acceptance,0.0015480534639209509,2.00356087276532e-09,1.0634329555614386e-05,0.017920712009072304,0.008397690951824188,1.858889220329729e-08,5.672664883604739e-06,0.9721173048019409
426,v2/unclean/neysan/212946567.jpg,7c278079fcd6609499bef164c2d4c64e7b2d2b07551d9e5b0f7d3da90600879b,neysan_folder_label,unclean,v2,N1,,vanet,vanet,True,0.9999,0.999864935874939,False,silent_acceptance,9.987455086957198e-06,4.766838035408227e-09,3.534030156515655e-06,2.1944746549706906e-05,9.881707228487357e-05,2.3591766762365296e-08,7.097510774656257e-07,0.999864935874939
427,v2/unclean/neysan/213453392.jpg,8b5f8cc70e72b6e447c7d70260b72b1034091e3aa95157bc0c364e9d5b2feac2,neysan_folder_label,unclean,v2,N1,,vanet,vanet,True,0.7681,0.7680721282958984,True,sent_to_review,0.00036284353700466454,0.004931315779685974,8.331596472999081e-05,0.0005220011225901544,0.00021486045443452895,0.2233188897371292,0.002494653221219778,0.7680721282958984
428,v2/unclean/neysan/213477815.jpg,3913c34ec9747f7abab13c3c6566a7e4f13de2521ec7057c98f5011013cd1f8e,neysan_folder_label,unclean,v2,N1,,vanet,vanet,True,0.9656,0.9656442999839783,False,silent_acceptance,0.0001743159518809989,3.206012593182095e-07,0.0030115218833088875,0.028470834717154503,0.00018261937657371163,4.2911540276691085e-07,0.0025156736373901367,0.9656442999839783
429,v2/unclean/neysan/213543287.jpg,90842b62d8adb573903fcb4106bee9b8f1764e3d5ad6fc06b7435f90bb0b4c13,neysan_folder_label,unclean,v2,N1,,vanet,kamyunet,False,0.9581,0.9580819010734558,False,confident_misclassification,2.4090250008157454e-05,2.263387841594522e-06,0.0027257197070866823,0.9580819010734558,0.00034535775193944573,1.047542014021019e-06,0.0001776036951923743,0.038642026484012604
430,v2/unclean/neysan/213563450.jpg,4f2fb0357b45c8cee0fd5a5982487ef4c4615d6bbe9656295cfd5f1f72b8fcb0,neysan_folder_label,unclean,v2,N1,,vanet,vanet,True,0.8779,0.8779128193855286,True,sent_to_review,5.04726885992568e-05,1.1035460545372189e-08,2.1901003492530435e-05,0.08965425193309784,0.032254867255687714,2.0849766713126883e-07,0.00010540801304159686,0.8779128193855286
431,v2/unclean/neysan/213596552.jpg,20664f4394d9af0839150c57b633cb7a334b0117cb22ffa12838c3e9552befd9,neysan_folder_label,unclean,v2,N1,,vanet,kamyunet,False,0.7298,0.729801595211029,True,error_caught,9.915587725117803e-06,1.526488979664009e-08,0.0032379822805523872,0.729801595211029,0.000820132321678102,7.380717814697846e-09,0.00048286758828908205,0.2656475007534027
432,v2/unclean/neysan/213693780.jpg,cd05a004319a05f83259d3bf46a0cf09f982c9a37ac087c35f853379d20deadd,neysan_folder_label,unclean,v2,N1,,vanet,vanet,True,0.8577,0.8576837182044983,True,sent_to_review,8.056600199779496e-05,6.806345481891185e-05,1.3053770999249537e-05,0.0001267158513655886,0.0008299848414026201,0.13733890652656555,0.003858978394418955,0.8576837182044983
433,v2/unclean/neysan/214033035.jpg,abcc53b47c0b2802854610b98a7bc637c131fdae155e61cdba9b9223f14eb04b,neysan_folder_label,unclean,v2,N1,,vanet,vanet,True,0.9955,0.9955272078514099,False,silent_acceptance,5.632744887407171e-06,8.421195474284104e-08,0.00021079448924865574,0.0036082847509533167,0.00012402159336488694,1.5337928971348447e-07,0.0005238647572696209,0.9955272078514099
434,v2/unclean/neysan/214297729.jpg,0accda0180830be95d8443b149c4b76d58b11bde31fc117c041a005b9ff48eb5,neysan_folder_label,unclean,v2,N1,,vanet,vanet,True,0.9985,0.9985395669937134,False,silent_acceptance,3.161221229674993e-06,6.647437461593242e-11,7.361009011219721e-06,0.000229741504881531,5.919634986639721e-06,7.993889283852695e-08,0.001214139861986041,0.9985395669937134
435,v2/unclean/neysan/214538220.jpg,b1f2d125c5ff9a2e4d6f2b63edddd291f0adab46e68e991027f7e592e49cdffe,neysan_folder_label,unclean,v2,N1,,vanet,kamyunet,False,0.8331,0.8331189155578613,True,error_caught,0.0036923305597156286,6.696087950786023e-08,0.0015313065377995372,0.8331189155578613,7.056457889120793e-06,8.038559826673009e-07,2.02483101929829e-06,0.16164754331111908
436,v2/unclean/neysan/214814000.jpg,3825a935401ab58be6ef006e0fd9f5345da6b454da0aa67bf50ca8f2a9f879a1,neysan_folder_label,unclean,v2,N1,,vanet,vanet,True,0.9998,0.9998194575309753,False,silent_acceptance,2.5367139642185066e-06,8.407763374407295e-10,3.227899014746072e-08,6.722267698933138e-06,0.000149778657942079,4.768860890180804e-06,1.678226180956699e-05,0.9998194575309753
437,v2/unclean/neysan/214846176.jpg,d082ca52021d7f574c73b5630a7fd0931fa6d28fb9dc2c01df402ce62ff56ddf,neysan_folder_label,unclean,v2,N1,,vanet,vanet,True,0.9946,0.9945836663246155,False,silent_acceptance,3.1671947908762377e-06,2.66624416989103e-10,1.941911796166096e-05,0.001987817930057645,0.0001356435241177678,1.6944019876063976e-07,0.0032701720483601093,0.9945836663246155
438,v2/unclean/neysan/215022451.jpg,77b6920a570ca831315c6c0a3707a64ca83be3e8fca86ab43e69e1456f11a643,neysan_folder_label,unclean,v2,N1,,vanet,vanet,True,0.9983,0.9983116388320923,False,silent_acceptance,5.076067827758379e-05,2.0320376492577452e-09,2.2612211978412233e-05,0.001347425626590848,0.00021780810493510216,1.2591132190209464e-06,4.85536947962828e-05,0.9983116388320923
439,v2/unclean/neysan/215107013.jpg,3b74ff77ae244b2bc5552e6896738062db72884281c5356f277d3e5a4619f567,neysan_folder_label,unclean,v2,N1,,vanet,vanet,True,0.7052,0.705180287361145,True,sent_to_review,0.00010204814316239208,1.1767834706688518e-08,0.0031434018164873123,0.2915215790271759,1.6388872609240934e-05,1.0281722140348393e-08,3.629053389886394e-05,0.705180287361145
440,v2/unclean/neysan/215109203.jpg,10ca8ce59ace1f76d84f2336b43b0c3b1cafc2e84d1d221aa0c6a8b0fe3b370e,neysan_folder_label,unclean,v2,N1,,vanet,vanet,True,0.9945,0.9944607019424438,False,silent_acceptance,0.00024126627249643207,7.725376782730109e-09,2.0893567409530078e-07,0.004482451826334,0.0008133392548188567,3.7977144984324696e-08,2.0021063846797915e-06,0.9944607019424438
441,v2/unclean/neysan/215575111.jpg,458bebac3a2e63ab1b57ea9fda4dfddcc34355e952c299a9d5795d336f820556,neysan_folder_label,unclean,v2,N1,,vanet,vanet,True,0.8704,0.8704200387001038,True,sent_to_review,0.000519546854775399,1.658930592896013e-08,0.0021724833641201258,0.08975731581449509,0.037037309259176254,5.4646097424893014e-08,9.324040001956746e-05,0.8704200387001038
442,v2/unclean/neysan/215583918.jpg,7ee73ed97bae7e3af536b1c42e7042f4fc43a212e4a0e1a026df358f0c1b5dee,neysan_folder_label,unclean,v2,N1,,vanet,kamyunet,False,0.6369,0.6368981599807739,True,error_caught,3.4015563414868666e-06,4.985981263416761e-07,3.8259940993157215e-06,0.6368981599807739,0.0002462794363964349,4.19187188072101e-07,0.0012757364893332124,0.3615715801715851
443,v2/unclean/neysan/215616328.jpg,7bc2b736528d48543cca839a756ef07bc6cbad80641c21071a919e9108100dcf,neysan_folder_label,unclean,v2,N1,,vanet,vanet,True,0.9182,0.9181994795799255,True,sent_to_review,0.00021098605066072196,2.4429533596048714e-07,0.0005235845455899835,0.005225188098847866,0.0023589597549289465,2.504131941805099e-07,0.07348131388425827,0.9181994795799255
444,v2/unclean/neysan/215714541.jpg,bbf9d38c9c945c167ce4a6ce4b00f672f04f90bb77f2f49b4e281368e601e964,neysan_folder_label,unclean,v2,N1,,vanet,vanet,True,0.9827,0.9826616644859314,False,silent_acceptance,0.00014277230366133153,5.748238507408132e-08,0.00022076195455156267,0.013916333205997944,0.0014752440620213747,7.392324619104329e-08,0.001583089935593307,0.9826616644859314
445,v2/unclean/neysan/215717560.jpg,71786089eb961bed6f895cb7f244d8a91a5fc3ae6708f0e2784c0b4752d8fa08,neysan_folder_label,unclean,v2,N1,,vanet,vanet,True,0.9960,0.9959951639175415,False,silent_acceptance,1.8527820429881103e-05,8.801103490441164e-08,0.00020888751896563917,0.0010991580784320831,0.0001922701922012493,7.957810055359005e-08,0.002485797740519047,0.9959951639175415
446,v2/unclean/neysan/215720225.jpg,c68b8d7d76ef1f2f71e42601aa6c19c8dcd13d62edf4772c7b94a526f3d4a766,neysan_folder_label,unclean,v2,N1,,vanet,kamyunet,False,0.6098,0.6097978949546814,True,error_caught,4.012874705949798e-05,5.709865913416934e-09,9.143709576164838e-06,0.6097978949546814,0.00021282106172293425,5.244336875875888e-07,2.0811612557736225e-05,0.3899186849594116
447,v2/unclean/neysan/215733811.jpg,dd16a676a5aa64588e7127d300a9890f0b15c1afd8b74af052354964ddfc4031,neysan_folder_label,unclean,v2,N1,,vanet,vanet,True,0.9987,0.9987195730209351,False,silent_acceptance,0.00011899854143848643,3.007649524988665e-07,1.581218202773016e-05,0.0008497145608998835,3.0247099857660942e-05,3.318542439956218e-05,0.0002322360232938081,0.9987195730209351
448,v2/unclean/neysan/215755752.jpg,5ad395438bd860471130937204beeec2658708c77e88859278c5e118053e05d0,neysan_folder_label,unclean,v2,N1,,vanet,vanet,True,0.9980,0.9980438947677612,False,silent_acceptance,7.342975004576147e-05,1.068813232363297e-10,2.9895902571297484e-06,0.0013985701370984316,0.00047598930541425943,8.009538809972128e-09,5.096923359815264e-06,0.9980438947677612
449,v2/unclean/neysan/215836175.jpg,3991da76ea15428c359d2e2f8f7db31d41ad868aad93f6c930f87c82aa32c719,neysan_folder_label,unclean,v2,N1,,vanet,vanet,True,0.9998,0.9997878670692444,False,silent_acceptance,6.9701609390904196e-06,7.923930400721702e-10,6.7091498578975e-08,0.00013516191393136978,4.3411095248302445e-05,1.5148094689720892e-07,2.6376981622888707e-05,0.9997878670692444
450,v2/unclean/neysan/215857042.jpg,fa62157e80dcf01e0650a4064f6a36c5ad4e7f0e7e910b861a3a30beb6403516,neysan_folder_label,unclean,v2,N1,,vanet,vanet,True,0.7364,0.7364299297332764,True,sent_to_review,2.8183501854073256e-05,2.634359175246459e-09,0.00012325000716373324,0.2634020745754242,1.5003887710918207e-05,5.107515299584975e-09,1.5618597899447195e-06,0.7364299297332764
451,v2/unclean/neysan/215896255.jpg,65f6c9ce928d17440ad22641cbd83229f53c1d39de6d0330865c3d60c1722c99,neysan_folder_label,unclean,v2,N1,,vanet,vanet,True,0.9986,0.9986415505409241,False,silent_acceptance,2.686127118067816e-06,2.46070430698353e-09,9.151228005066514e-05,0.0008124493178911507,0.0002491120540071279,2.0197181527237262e-07,0.0002024544373853132,0.9986415505409241
452,v2/unclean/neysan/215904549.jpg,6a7f60ad38b0985fded1bf16f33b53c56776491608253bb316ef70a8014a1f9c,neysan_folder_label,unclean,v2,N1,,vanet,vanet,True,0.9970,0.9969891905784607,False,silent_acceptance,7.42064366932027e-06,2.638573526336785e-10,1.3063558981230017e-06,0.0002337388723390177,2.8739762001350755e-06,8.602819434599951e-08,0.002765391953289509,0.9969891905784607
453,v2/unclean/neysan/216001977.jpg,063d4631f623ce582767288d6ee6dff9ccbe5753fba41a10447b3951ec086bf3,neysan_folder_label,unclean,v2,N1,,vanet,vanet,True,0.8252,0.8252280354499817,True,sent_to_review,7.726266630925238e-07,2.0681834717040104e-11,3.148903147121018e-07,0.0003619612834881991,0.00021348964946810156,6.854028811176249e-07,0.17419476807117462,0.8252280354499817
454,v2/unclean/neysan/216044833.jpg,25db335432a52db4c250dc45fa08cbebca00736ba1a46246069da835c50715a9,neysan_folder_label,unclean,v2,N1,,vanet,vanet,True,0.9485,0.9485036730766296,True,sent_to_review,0.00035320656024850905,4.94325136379814e-10,0.00010245934390695766,0.05102381855249405,1.5346629879786633e-05,5.601365593577157e-09,1.5068246739247115e-06,0.9485036730766296
455,v2/unclean/neysan/216105326.jpg,a333c6038392c691a25472d6a423da13651f91b2070f7570afa7f2719403027a,neysan_folder_label,unclean,v2,N1,,vanet,vanet,True,0.9842,0.984205961227417,False,silent_acceptance,0.00037813946255482733,0.00011777065083151683,6.701451184198959e-06,0.00017568656767252833,0.00039056502282619476,0.01461016945540905,0.00011494007048895583,0.984205961227417
456,v2/unclean/neysan/216129042.jpg,aedcc3d7c7bee89f7fe39c1b7b72628689912e625601a4ae7ecccf24b3a18c4c,neysan_folder_label,unclean,v2,N1,,vanet,vanet,True,0.9845,0.984486997127533,False,silent_acceptance,4.196580994175747e-05,1.7411746000561834e-07,0.004990583285689354,0.001361294649541378,0.0001622772979317233,3.0051724024815485e-06,0.008953644894063473,0.984486997127533
457,v2/unclean/neysan/216156094.jpg,bb29f66c9b797a012224d70e3cfd8a72b4722f463ec2d25d30b5f2435e1be8e9,neysan_folder_label,unclean,v2,N1,,vanet,vanet,True,0.8038,0.803816556930542,True,sent_to_review,0.000511550169903785,5.312562620929384e-07,0.14151279628276825,0.05412598326802254,2.9324324714252725e-05,2.415735309568845e-07,3.0112703370832605e-06,0.803816556930542
458,v2/unclean/neysan/216335667.jpg,bc2339c660c8ad4f05e67012f0fe9b96abb0e504baf29c67ce33dc2238aa13be,neysan_folder_label,unclean,v2,N1,,vanet,kamyunet,False,0.9446,0.9445528388023376,True,error_caught,3.5808036500384333e-06,1.573333463511517e-08,0.011418662965297699,0.9445528388023376,0.0016349664656445384,8.010720087270329e-09,0.026724262163043022,0.01566559635102749
459,v2/unclean/neysan/216425162.jpg,419a9d15addeab8b61099e13574a5159cabe370029f1d1d7509bd07ee1875ff9,neysan_folder_label,unclean,v2,N1,,vanet,savari,False,0.9722,0.9721530079841614,False,confident_misclassification,2.707798921619542e-05,1.038051414070651e-05,2.2897613405348238e-07,1.9710319065779913e-06,0.00010406062210677192,0.9721530079841614,0.006891848053783178,0.0208114106208086
460,v2/unclean/neysan/216525289.jpg,a15525fb5c4d88ec06b1445d821e91210920a2e03ae78fb451897378d87b43fc,neysan_folder_label,unclean,v2,N1,,vanet,vanet,True,0.9886,0.9885820746421814,False,silent_acceptance,0.0001376786531182006,2.7011994863102018e-09,0.00012602873903233558,0.0005738985491916537,4.199241811875254e-05,1.36345278178851e-07,0.01053816918283701,0.9885820746421814
461,v2/unclean/neysan/216534642.jpg,44cc7a278b332b07dcc07aa4ea889b3df14275b62b76226bda2e0486d9230980,neysan_folder_label,unclean,v2,N1,,vanet,kamyunet,False,0.9048,0.9047814607620239,True,error_caught,3.91297071473673e-05,4.2617326556637636e-08,0.006917921360582113,0.9047814607620239,0.003581547411158681,1.0434959563099255e-09,0.0004830574325751513,0.08419684320688248
462,v2/unclean/neysan/216606189.jpg,e44c6181d5e95da4bfcf5a77f29044312c719f41595579c1b065f6a88800d9dc,neysan_folder_label,unclean,v2,N1,,vanet,vanet,True,0.9757,0.9756916165351868,False,silent_acceptance,0.00047563062980771065,3.8265512557700276e-05,0.002076459117233753,0.009172104299068451,0.0038059959188103676,1.036960838973755e-05,0.008729634806513786,0.9756916165351868
463,v2/unclean/neysan/216625212.jpg,57ee1d1be212a2beb8d9002312fb5d94f9fe2a954a86563411eb9cdcfca69f31,neysan_folder_label,unclean,v2,N1,,vanet,vanet,True,0.8965,0.8965008854866028,True,sent_to_review,0.00020190514624118805,1.9076335888712492e-07,0.05434076488018036,0.03705412521958351,0.00025930721312761307,1.484694280406984e-06,0.011641309596598148,0.8965008854866028
464,v2/unclean/neysan/216646205.jpg,7d500940d671a456c3b1613bea10b59817ca49a14248a2cc3ff5c04447ef2340,neysan_folder_label,unclean,v2,N1,,vanet,vanet,True,0.9980,0.9980181455612183,False,silent_acceptance,5.629951920127496e-05,1.1569219360296756e-08,6.453122477978468e-05,0.00012586663069669157,0.0017004931578412652,1.1897535756588695e-07,3.4572680306155235e-05,0.9980181455612183
465,v2/unclean/neysan/216755768.jpg,713bb111f40c8979f8287d267b248d21fd9cb6698d8ad05caf700bb5886ecbaa,neysan_folder_label,unclean,v2,N1,,vanet,vanet,True,0.9587,0.9587317109107971,False,silent_acceptance,0.0016875423025339842,4.4510088059723785e-07,0.010306869633495808,0.026567833498120308,0.0017738101305440068,8.475429780219201e-08,0.0009316920768469572,0.9587317109107971
466,v2/unclean/neysan/216798672.jpg,c2280220683fba197aa3a6176eb781122f111dbfc17ce885d07428c930af9d99,neysan_folder_label,unclean,v2,N1,,vanet,vanet,True,0.9294,0.9293680787086487,True,sent_to_review,0.061475206166505814,2.878694504993007e-10,3.658377067949914e-07,9.226203110301867e-05,3.4785066493903116e-10,0.006125460844486952,0.0029386456590145826,0.9293680787086487
467,v2/unclean/neysan/216996756.jpg,3b240c3d2e986618aed9979cd724552d211ae41ac4ed941167466f5b153bd733,neysan_folder_label,unclean,v2,N1,,vanet,vanet,True,0.9675,0.9675090312957764,False,silent_acceptance,0.0006937900325283408,0.005220337305217981,0.002941151149570942,0.013682966120541096,0.0063058980740606785,0.0012410248164087534,0.002405777806416154,0.9675090312957764
468,v2/unclean/neysan/217028894.jpg,8c2f2f24a7feb0526e0e4d62dc03c4974c3d6727b41c7f443b6c0e65a957c65b,neysan_folder_label,unclean,v2,N1,,vanet,vanet,True,0.9976,0.9975607395172119,False,silent_acceptance,0.00019462808268144727,1.7466373236629806e-08,0.0002440487005515024,0.0019216632936149836,3.840038334601559e-05,4.666089353122516e-06,3.582283534342423e-05,0.9975607395172119
469,v2/unclean/neysan/217063632.jpg,00379d34f89f59eadfb66408acfe1322cac919d10b88402053e758f7393cc020,neysan_folder_label,unclean,v2,N1,,vanet,vanet,True,0.8044,0.8044040203094482,True,sent_to_review,5.332674481905997e-05,5.338059438919629e-10,0.00011754893057513982,0.1952158808708191,0.00019563753448892385,6.784115935687396e-09,1.3651481822307687e-05,0.8044040203094482
470,v2/unclean/neysan/217136863.jpg,c7e6a228e9010654eee5cccfbd4ea9466ee3919d0ef4304ddd418a3841e36d4e,neysan_folder_label,unclean,v2,N1,,vanet,vanet,True,0.9996,0.9995576739311218,False,silent_acceptance,6.724170816596597e-05,1.8656300115882374e-10,5.328408860805212e-06,0.00032190533238463104,3.2575189834460616e-05,2.3683385563799675e-07,1.504134797869483e-05,0.9995576739311218
471,v2/unclean/neysan/217231423.jpg,c6736afe5953436d93f2bd8a8df3ec23a33d829802001fbf59904c6f6de9ce69,neysan_folder_label,unclean,v2,N1,,vanet,savari,False,0.8753,0.8752660751342773,True,error_caught,0.0015869294293224812,0.0004452071152627468,4.5768356358166784e-05,0.0006727195577695966,0.0002570131910033524,0.8752660751342773,0.006886378396302462,0.11483993381261826
472,v2/unclean/neysan/217352815.jpg,67a23b9f235c7bc3b25a1288915158f8396e70806e78d92b9ba9d1e869a04531,neysan_folder_label,unclean,v2,N1,,vanet,vanet,True,0.9475,0.9475002288818359,True,sent_to_review,0.023957332596182823,1.915987922984641e-06,9.897882409859449e-05,0.02659166045486927,0.0017097694799304008,0.0001390260149491951,1.0472298299646354e-06,0.9475002288818359
473,v2/unclean/neysan/217427995.jpg,5473efbad0b7200e7773a7ec4a90a9ef4aea82c38cc7c5f199d0c4988c9bc38f,neysan_folder_label,unclean,v2,N1,,vanet,vanet,True,0.9895,0.9895289540290833,False,silent_acceptance,6.476221460616216e-05,4.3925291182134174e-10,1.2370212971291039e-05,0.009266302920877934,0.0001669147750362754,2.1765366398085462e-08,0.0009607261163182557,0.9895289540290833
474,v2/unclean/neysan/217434868.jpg,a57ec5f794f220158e5cbf168c65dc49fd1f74ab149027cf1c753ffa9f06dc51,neysan_folder_label,unclean,v2,N1,,vanet,vanet,True,0.9634,0.9634349346160889,False,silent_acceptance,0.00014594093954656273,1.0594746527203824e-05,0.004792994819581509,0.018210209906101227,0.010507307015359402,0.0006874115788377821,0.0022106138058006763,0.9634349346160889
475,v2/unclean/neysan/217844142.jpg,e911222d9972c466d50e5498f66ea671db03ad90f60ffbdb3b710bd00f32d32c,neysan_folder_label,unclean,v2,N1,,vanet,kamyunet,False,0.9903,0.990279495716095,False,confident_misclassification,0.001343306852504611,1.1222046225611848e-07,0.004242942668497562,0.990279495716095,1.1965121302637272e-05,6.1528191430682e-09,2.393266186118126e-06,0.004119866993278265
476,v2/unclean/neysan/217889120.jpg,6554ad129c5f6e58d3bda97a311331c8db84b56d75acc1ce3501f3511af518ae,neysan_folder_label,unclean,v2,N1,,vanet,kamyunet,False,0.4973,0.49732890725135803,True,error_caught,0.051154009997844696,1.1766065881602117e-06,0.3968556821346283,0.49732890725135803,8.722226630197838e-05,3.298128348205864e-08,9.852127504927921e-07,0.05457192659378052
477,v2/unclean/neysan/217964355.jpg,d42d0d7d2a91c5c2326ea290c3c39bfb2162042f4efb2e7a6166b4986ac3cc14,neysan_folder_label,unclean,v2,N1,,vanet,vanet,True,0.4742,0.4741782546043396,True,sent_to_review,0.0008138536941260099,2.6322992198402062e-05,0.002543665235862136,0.19699272513389587,0.2988702952861786,1.1886270385730313e-06,0.026573646813631058,0.4741782546043396
478,v2/unclean/neysan/218042482.jpg,aaba54c8146a59b106abfcaefc7f0377a57b8fb1dff8e1b542fffb75851894c0,neysan_folder_label,unclean,v2,N1,,vanet,vanet,True,0.8417,0.8417141437530518,True,sent_to_review,3.184677552781068e-05,0.00029471548623405397,3.248981556680519e-06,0.00043421771260909736,0.00013806985225528479,0.15284764766693115,0.004536097403615713,0.8417141437530518
479,v2/unclean/neysan/218120114.jpg,d337b1317fa3b52497e5a0854430b2297f957585acebc7e2a3a2f17fad2b19eb,neysan_folder_label,unclean,v2,N1,,vanet,vanet,True,0.9972,0.9972489476203918,False,silent_acceptance,3.8125690480228513e-05,1.5491716354176788e-08,0.00016089645214378834,0.00231323204934597,0.00010073176235891879,2.400043683792319e-07,0.00013778671564068645,0.9972489476203918
480,v2/unclean/neysan/218155360.jpg,c658331352f29addf11e19f0c208c51cc59df3cf5925361505fef9cfe2f6e0c4,neysan_folder_label,unclean,v2,N1,,vanet,vanet,True,0.9823,0.9823411703109741,False,silent_acceptance,0.00216060527600348,5.200326214094275e-08,0.00012651771248783916,0.01527242362499237,9.160835907096043e-05,4.847558443543676e-07,7.156507763284026e-06,0.9823411703109741
481,v2/unclean/neysan/218169177.jpg,5a30968cf79fd53ee349b2c503d6af2418c66ee7350ab290f8043980c65aad43,neysan_folder_label,unclean,v2,N1,,vanet,vanet,True,0.9827,0.9826785326004028,False,silent_acceptance,2.5098702849390975e-07,5.846540612752804e-11,6.166297694676359e-09,3.991686025983654e-05,0.00018878448463510722,2.155362381017767e-05,0.01707088015973568,0.9826785326004028
482,v2/unclean/neysan/218251629.jpg,9898b3ef3d63a6cf94c5a7c9a9bca84a4abd84bb64b0a43ecd94184e17429a3c,neysan_folder_label,unclean,v2,N1,,vanet,vanet,True,0.9984,0.9984267950057983,False,silent_acceptance,2.031723624895676e-07,2.1029995522781064e-09,1.9862845874740742e-06,0.0011047677835449576,7.904923222668003e-06,6.082561867515324e-07,0.0004578086663968861,0.9984267950057983
483,v2/unclean/neysan/218353100.jpg,a9805fb2d60e1d687369d620f237a04fdf3aa28ccf69a94c8c145fa86fe6771a,neysan_folder_label,unclean,v2,N1,,vanet,vanet,True,0.9854,0.9853700399398804,False,silent_acceptance,0.009990029968321323,5.796406554736677e-08,0.00018706329865381122,0.0042488304898142815,1.1579140846151859e-05,9.625465509088826e-07,0.0001914223248604685,0.9853700399398804
484,v2/unclean/neysan/218377226.jpg,75a646f904cead592fd592db2b239b60712f9daa9151fab4c5360ce2afa54832,neysan_folder_label,unclean,v2,N1,,vanet,vanet,True,0.6164,0.6163591146469116,True,sent_to_review,1.3679446965397801e-05,1.8358371489668457e-09,0.0015596442390233278,0.3814624547958374,5.340505231288262e-05,2.0792327859453508e-09,0.000551684875972569,0.6163591146469116
485,v2/unclean/neysan/218565025.jpg,e9c293cc2206c94ea8ff36555fda2069860733eba24f536d40dfe449b6ec1d71,neysan_folder_label,unclean,v2,N1,,vanet,kamyun,False,0.7882,0.7881960868835449,True,error_caught,5.20100684298086e-06,4.991887792016314e-09,0.7881960868835449,0.21019193530082703,1.928977326315362e-06,2.3447199737347546e-10,6.416964879463194e-07,0.0016041971975937486
486,v2/unclean/neysan/218575779.jpg,701dc2f9ace8d1dacfe6e79e1d8e0a419eb2afe1a56f9d631e87e620dbac5850,neysan_folder_label,unclean,v2,N1,,vanet,vanet,True,0.9466,0.9465665221214294,True,sent_to_review,2.0929923266521655e-05,1.3339103155374232e-08,0.00013687703176401556,0.05310298502445221,0.00015372848429251462,1.8720032812780119e-07,1.8772076145978644e-05,0.9465665221214294
487,v2/unclean/neysan/218587266.jpg,bc71e2108f7dbeb8822c7f0b66d0aca9a073c1d08def88cbaa050ccabc9b0dfe,neysan_folder_label,unclean,v2,N1,,vanet,vanet,True,0.9971,0.9971381425857544,False,silent_acceptance,0.0005732198478654027,1.9108481907892383e-08,0.0012793332571163774,0.0002862907131202519,3.8526482967427e-05,4.608094968716614e-06,0.0006798421964049339,0.9971381425857544
488,v2/unclean/neysan/218618891.jpg,296f2b14434c067f7a29ac56808e4f836d3cf2faf90702be428b8d8ce3113672,neysan_folder_label,unclean,v2,N1,,vanet,vanet,True,0.9952,0.9951772689819336,False,silent_acceptance,0.000364279723726213,9.70263425159601e-10,9.689398439149954e-07,0.004411936271935701,4.239137706463225e-05,3.943672055584102e-09,3.127680884063011e-06,0.9951772689819336
489,v2/unclean/neysan/218624569.jpg,2d52979e41d9824914ce0644a70924a287e40d343ba33a8e3312a460dc90ce48,neysan_folder_label,unclean,v2,N1,,vanet,vanet,True,0.9995,0.9995260238647461,False,silent_acceptance,8.1329453678336e-06,1.2422297348754774e-12,3.3715163993974784e-09,2.1981904296808352e-08,6.890527970426774e-08,0.0003972896374762058,6.84503247612156e-05,0.9995260238647461
490,v2/unclean/neysan/218706383.jpg,c23f6999ad1c558a6f3cdd515c89570f264c86417e161a7f4f760f7c5bc6c594,neysan_folder_label,unclean,v2,N1,,vanet,vanet,True,0.9994,0.9993657469749451,False,silent_acceptance,0.00010691261559259146,4.896508443152925e-08,7.871338311815634e-06,1.815041650843341e-05,1.5572950360365212e-05,2.29801366913307e-06,0.00048340755165554583,0.9993657469749451
491,v2/unclean/neysan/218706597.jpg,829c1aa1bef46c8700c2a195be0c1786b7623f2311b19abf34fc53728b2120d3,neysan_folder_label,unclean,v2,N1,,vanet,vanet,True,0.9990,0.9989504814147949,False,silent_acceptance,8.650415111333132e-05,6.706938338041368e-10,1.6028785466914997e-05,1.0870910500671016e-06,5.1248225645395e-06,6.39550444248016e-06,0.0009343477431684732,0.9989504814147949
492,v2/unclean/neysan/218743756.jpg,738bf125289d87e7853cc3826d8ada4c7b66531600a80cf7306eee283e11f016,neysan_folder_label,unclean,v2,N1,,vanet,vanet,True,0.9519,0.9518705606460571,False,silent_acceptance,4.313082172302529e-05,1.053994225230781e-08,4.954324322170578e-05,0.0479937344789505,3.69773042621091e-05,3.774554446778211e-09,5.996290838083951e-06,0.9518705606460571
493,v2/unclean/neysan/218870355.jpg,d2931f6a544f02ebc98171a4e9bcf37016cb0840c5145e7bca65d3cb316212d7,neysan_folder_label,unclean,v2,N1,,vanet,vanet,True,0.5759,0.5758776664733887,True,sent_to_review,0.015115390531718731,8.250634891737718e-06,0.005839615128934383,0.4026382267475128,0.0004343142209108919,1.5929061191855e-05,7.061845099087805e-05,0.5758776664733887
494,v2/unclean/neysan/218873530.jpg,860b0f148d10ea53d9ca5a0e874bf42c84f77df0ce67e93fbddfdfcd71d10c41,neysan_folder_label,unclean,v2,N1,,vanet,vanet,True,0.9769,0.9769443869590759,False,silent_acceptance,2.5839188310783356e-05,8.695968389815789e-09,1.8747903595794924e-05,0.00022302735305856913,2.6528065063757822e-05,1.3659650903719012e-06,0.022760162129998207,0.9769443869590759
495,v2/unclean/neysan/218879297.jpg,51dbd8644489d60056dd1aa974692ffcf792d062d8129950857a68199fbc5ef0,neysan_folder_label,unclean,v2,N1,,vanet,vanet,True,0.9997,0.9996596574783325,False,silent_acceptance,7.2506795731897e-06,1.958320972050842e-08,1.327667723671766e-05,4.449480002222117e-06,1.2884001080237795e-05,0.00029953528428450227,2.955561285489239e-06,0.9996596574783325
496,v2/unclean/neysan/218981053.jpg,9604b567eebc72f0f7083919bc2bc021268f819514f7b3a2010626747904e809,neysan_folder_label,unclean,v2,N1,,vanet,vanet,True,0.9962,0.9962009787559509,False,silent_acceptance,5.283186510496307e-06,2.3947337446372785e-09,5.0151062168879434e-05,0.0023470891173928976,8.878186235961039e-06,1.9779261606345244e-07,0.001387464813888073,0.9962009787559509
497,v2/unclean/neysan/218981637.jpg,37cede49690fb8ce7d843cdbb46003937ba65ecfa62fc37e2268b275f693a481,neysan_folder_label,unclean,v2,N1,,vanet,vanet,True,0.9990,0.9989650249481201,False,silent_acceptance,4.973807153874077e-05,1.7058301438055423e-08,0.0009059393196366727,1.645746669964865e-05,4.940181679558009e-05,2.972060201500426e-06,1.0408420166641008e-05,0.9989650249481201
498,v2/unclean/vanet/195110811.jpg,e009a776dea5462b05c1be90fcdff9c6c8a562c0a446c7073fab5aca407acbca,CONFIRMED_NEYSAN,unclean,v2,CONFIRMED_NOT_V1TEST,DAY_CLEAR,vanet,vanet,True,0.9995,0.9994767308235168,False,silent_acceptance,2.7099574708699947e-06,7.122054057617788e-09,6.911963282618672e-05,0.0003769304312299937,2.9669414288946427e-05,3.496106273814803e-06,4.132753747398965e-05,0.9994767308235168
499,v2/unclean/vanet/195290564.jpg,54071b84484db67767ac100214e2cd2fe546c3ed5eddbee925377c92343536fd,CONFIRMED_NEYSAN,unclean,v2,CONFIRMED_NOT_V1TEST,DAY_CLEAR,vanet,vanet,True,0.9922,0.9921945333480835,False,silent_acceptance,2.7878908440470695e-05,2.520017439167077e-08,8.271059414255433e-06,2.4442172730232414e-07,0.0006773050408810377,6.238275545911165e-06,0.007085482589900494,0.9921945333480835
500,v2/unclean/vanet/195491717.jpg,363590ba6658f165ff94d5685809eafe8382592e53951f776a4a6c3094f823a5,CONFIRMED_NEYSAN,unclean,v2,CONFIRMED_NOT_V1TEST,DAY_CLEAR,vanet,vanet,True,0.7972,0.797236979007721,True,sent_to_review,1.823650200094562e-05,1.5267262654106162e-07,0.0013854574644938111,0.006188123486936092,0.0026036668568849564,7.084471462803776e-07,0.1925666481256485,0.797236979007721
501,v2/unclean/vanet/195720789.jpg,54166cddb8d3f04a51730552b7edda62c052fc2e3ef2fd0bab0786a5ddc6f070,CONFIRMED_NEYSAN,unclean,v2,CONFIRMED_NOT_V1TEST,DAY_CLEAR,vanet,vanet,True,0.9997,0.9997394680976868,False,silent_acceptance,3.6963292586733587e-06,1.1831641444359775e-08,1.1687462574627716e-05,2.7663693344948115e-06,9.639835298003163e-06,2.7269359748061106e-07,0.00023250577214639634,0.9997394680976868
502,v2/unclean/vanet/195740684.jpg,2d5b26b1a721c583fbdd6d2d12df8b37a2b4ba0088fd90262f1d26622bba37ce,CONFIRMED_NEYSAN,unclean,v2,CONFIRMED_NOT_V1TEST,DAY_CLEAR,vanet,vanet,True,0.9993,0.9992973804473877,False,silent_acceptance,4.814153271581745e-07,1.756391143636904e-09,6.05017476118519e-07,8.584394890931435e-06,0.0005155180697329342,5.96448489886825e-06,0.00017139065312221646,0.9992973804473877
503,v2/unclean/vanet/196095992.jpg,0c2713f35c87ddd9c991476ebc464a975db05d9b448625663f051f6748bcc877,CONFIRMED_NEYSAN,unclean,v2,CONFIRMED_NOT_V1TEST,DAY_CLEAR,vanet,vanet,True,0.9997,0.9997076392173767,False,silent_acceptance,1.8323113181395456e-05,2.52555508950536e-07,2.3655989934923127e-05,0.00021483255841303617,1.2198051081213634e-05,1.457054423781301e-07,2.292156932526268e-05,0.9997076392173767
504,v2/unclean/vanet/196216785.jpg,5f4cb182823eaca08975e9df79a7d242e8f718a75c57b6043424915d7fec1d26,CONFIRMED_NEYSAN,unclean,v2,CONFIRMED_NOT_V1TEST,DAY_CLEAR,vanet,vanet,True,0.9783,0.978339433670044,False,silent_acceptance,7.599959644721821e-05,8.907170467864489e-08,0.021366655826568604,1.636220076761674e-05,0.00012538570445030928,1.3445816193780047e-06,7.476761675206944e-05,0.978339433670044
505,v2/unclean/vanet/196472764.jpg,6317b8c8135626f07047ac8523f4a191ab641ac6504c5097e6066146d1dd9b80,CONFIRMED_NEYSAN,unclean,v2,CONFIRMED_NOT_V1TEST,DAY_CLEAR,vanet,vanet,True,0.9831,0.9830787181854248,False,silent_acceptance,6.5783128775365185e-06,1.727412097807246e-07,3.685881893034093e-06,0.004482267424464226,0.01097610779106617,1.7333090909232851e-06,0.0014507630839943886,0.9830787181854248
506,v2/unclean/vanet/196484539.jpg,c53a7e1ecbd504ede0f00456b58fe274a3219f2970c4ccd8ffd311c2b18c9f6a,CONFIRMED_NEYSAN,unclean,v2,CONFIRMED_NOT_V1TEST,DAY_CLEAR,vanet,vanet,True,0.9953,0.9952523708343506,False,silent_acceptance,0.0011985638411715627,2.0395011901541693e-08,0.000380404555471614,0.00030143774347379804,0.0024828496389091015,3.3062345750067834e-08,0.00038437856710515916,0.9952523708343506
507,v2/unclean/vanet/197073034.jpg,39dff738be9a3e029dfff88be1cb9765ce22cd3d3917c00563aab5ee61a3d905,CONFIRMED_NEYSAN,unclean,v2,CONFIRMED_NOT_V1TEST,NIGHT,vanet,minibus,False,0.5614,0.5613930821418762,True,error_caught,0.002409844659268856,0.007093770429491997,0.0384044386446476,0.032256096601486206,0.5613930821418762,0.20636147260665894,0.02986961230635643,0.12221173197031021
508,v2/unclean/vanet/197187868.jpg,8fe8d16904e10aad49bb646f5754c4d277464bab6645ff00441178dde1bd293c,CONFIRMED_NEYSAN,unclean,v2,CONFIRMED_NOT_V1TEST,DAY_CLEAR,vanet,vanet,True,0.9928,0.9927875399589539,False,silent_acceptance,1.7420479991869797e-07,1.5381369138436907e-12,1.1515012943164038e-07,0.00012407511530909687,4.5557487737823976e-07,6.221245030246791e-08,0.007087625563144684,0.9927875399589539
509,v2/unclean/vanet/197241414.jpg,9cd13157fd36b2ee2122201a70030995b3caf0da7e4c77f3c5f113ee3803ab3b,CONFIRMED_NEYSAN,unclean,v2,CONFIRMED_NOT_V1TEST,DAY_CLEAR,vanet,vanet,True,0.7195,0.7194915413856506,True,sent_to_review,6.943601329112425e-05,4.0192531969296397e-07,7.378662849077955e-05,0.12086538970470428,0.15567301213741302,8.821730261843186e-06,0.003817613236606121,0.7194915413856506
510,v2/unclean/vanet/197247731.jpg,71e8106170c742d1c67d30766e62a58a67a0c48b940217a5dd513a1f197a1289,CONFIRMED_NEYSAN,unclean,v2,CONFIRMED_NOT_V1TEST,DAY_CLEAR,vanet,vanet,True,0.9999,0.9998636245727539,False,silent_acceptance,5.9726644394686446e-06,1.9586785526826134e-09,4.1185256122844294e-05,1.665808304096572e-05,6.380814011208713e-05,4.526087238332366e-08,8.642594366392586e-06,0.9998636245727539
511,v2/unclean/vanet/197316952.jpg,f589237c9be36c3d6bf4345d1d67b9ffc6d9ee7ed34962d2d3f5b9edb094d1d5,CONFIRMED_NEYSAN,unclean,v2,CONFIRMED_NOT_V1TEST,DAY_CLEAR,vanet,vanet,True,0.9944,0.9943671822547913,False,silent_acceptance,1.6625695025140885e-06,3.3083602524186517e-10,2.985758101203828e-06,0.000200517795747146,5.40517685294617e-05,1.3913589782532654e-06,0.005372230429202318,0.9943671822547913
512,v2/unclean/vanet/197365651.jpg,b34f7a67b5bf4801e002a96b013412fa08ffd8085d0fb1074c93eb0114e97a62,CONFIRMED_NEYSAN,unclean,v2,CONFIRMED_NOT_V1TEST,DAY_CLEAR,vanet,vanet,True,0.9963,0.9963177442550659,False,silent_acceptance,8.378137863473967e-05,7.89181997529198e-10,4.538368375506252e-05,0.003534756600856781,6.862191639811499e-06,9.315433979750765e-10,1.1426438504713587e-05,0.9963177442550659
513,v2/unclean/vanet/197437140.jpg,b20716c390f4d40a7a8e3d9bbfe8384643c4d660acdebf87a8bac2d8a97d59c9,CONFIRMED_NEYSAN,unclean,v2,CONFIRMED_NOT_V1TEST,DAY_CLEAR,vanet,vanet,True,0.9878,0.9877598881721497,False,silent_acceptance,1.167830760095967e-05,4.031707953600083e-11,7.301282312255353e-05,0.012095905840396881,5.7650639064377174e-05,1.6294769700220257e-10,1.854306447057752e-06,0.9877598881721497
514,v2/unclean/vanet/197440812.jpg,4853e153a59d8365a01de5ef8f6ed079c86eae39539aaa511a84ecd719bd3c4e,CONFIRMED_NEYSAN,unclean,v2,CONFIRMED_NOT_V1TEST,DAY_CLEAR,vanet,vanet,True,0.9917,0.9916785955429077,False,silent_acceptance,6.13272004557075e-06,2.9514495014648645e-11,1.6073963706730865e-06,0.008294006809592247,5.013749770910181e-08,6.259610927372705e-07,1.903984411910642e-05,0.9916785955429077
515,v2/unclean/vanet/197560959.jpg,284b458f7cf4a4b062987419db9f610e2676c7e109ad623a0626d080fb7ced97,CONFIRMED_NEYSAN,unclean,v2,CONFIRMED_NOT_V1TEST,DAY_CLEAR,vanet,vanet,True,0.6939,0.6938670873641968,True,sent_to_review,0.0005240828031674027,1.180973399073082e-07,0.07882840186357498,0.000721265038009733,0.21947775781154633,0.00012243527453392744,0.006458885967731476,0.6938670873641968
516,v2/unclean/vanet/197729524.jpg,74b9f2289943df3850565ce124f477c300880622b8c26659eb7e05b1033db31c,CONFIRMED_NEYSAN,unclean,v2,CONFIRMED_NOT_V1TEST,LOW_LIGHT_UNCLEAR,vanet,kamyunet,False,0.7943,0.7943047285079956,True,error_caught,3.0097155104158446e-05,1.37959741408622e-08,0.0012131512630730867,0.7943047285079956,0.0012346700532361865,5.4132365256975845e-09,0.00046940261381678283,0.20274792611598969
517,v2/unclean/vanet/197919941.jpg,67a435cb9c927ee876b9a5850240217e0543a07ecfa33145246f9559ac16e966,CONFIRMED_NEYSAN,unclean,v2,CONFIRMED_NOT_V1TEST,NIGHT,vanet,kamyunet,False,0.5551,0.5551263689994812,True,error_caught,0.00011887672735610977,0.27866801619529724,0.03959660604596138,0.5551263689994812,0.0007825158536434174,0.0644940733909607,0.05022965371608734,0.010983825661242008
518,v2/unclean/vanet/197957684.jpg,4f43055189e86980ea2cf61fbe27583c84a32464179a0f2ae8c6036d4f1de0c7,CONFIRMED_NEYSAN,unclean,v2,CONFIRMED_NOT_V1TEST,DAY_CLEAR,vanet,vanet,True,0.8430,0.843025267124176,True,sent_to_review,0.00040610626456327736,3.0571609386242926e-06,0.0008790323045104742,4.0054062992567196e-05,0.15561293065547943,1.0930268672382226e-06,3.251060115871951e-05,0.843025267124176
519,v2/unclean/vanet/198052628.jpg,f1da9c04df8a6f84e9fe4d6963eeb02dc34b0f2a2ff405f47e15eeed6f6bde10,CONFIRMED_NEYSAN,unclean,v2,CONFIRMED_NOT_V1TEST,DAY_CLEAR,vanet,vanet,True,0.9997,0.9996603727340698,False,silent_acceptance,1.8347145669395104e-05,1.9581784804767466e-10,6.867504998808727e-05,0.00014976796228438616,4.2222363845212385e-05,3.1165225955476217e-09,6.0631882661255077e-05,0.9996603727340698
520,v2/unclean/vanet/198067483.jpg,b1c97bb1e400ded90f4c3de6c55e30e1a1591eceeb7361d1f3a6712b23f8f4a2,CONFIRMED_NEYSAN,unclean,v2,CONFIRMED_NOT_V1TEST,DAY_CLEAR,vanet,vanet,True,0.9998,0.9998167157173157,False,silent_acceptance,7.688508048886433e-06,5.806081171400024e-10,5.61421547899954e-05,6.9272646214813e-05,2.241288348159287e-05,3.6732676900186334e-09,2.7839121685246937e-05,0.9998167157173157
521,v2/unclean/vanet/198256082.jpg,e3265c9496ceb392dffa7229e8761f33b92e034e232399ae42e2734ca6ef6b50,CONFIRMED_NEYSAN,unclean,v2,CONFIRMED_NOT_V1TEST,DAY_CLEAR,vanet,vanet,True,0.9998,0.9998453855514526,False,silent_acceptance,1.4206106243364047e-05,2.7214046988133234e-11,2.4619373206746786e-09,1.4735135664523114e-05,3.654009924503043e-05,5.137256266607437e-06,8.396159682888538e-05,0.9998453855514526
522,v2/unclean/vanet/198366858.jpg,744f72afff4d67b9f45bb3e4f968ed35eb194a8a945480300410b612e1e4e8e0,CONFIRMED_NEYSAN,unclean,v2,CONFIRMED_NOT_V1TEST,DAY_CLEAR,vanet,vanet,True,0.9776,0.9776132702827454,False,silent_acceptance,2.248703094664961e-05,5.313107180882071e-07,0.018272772431373596,0.00011728337267413735,0.0010675376979634166,6.101298026806035e-07,0.0029055222403258085,0.9776132702827454
523,v2/unclean/vanet/198420720.jpg,c0dfaedd41981bcbb3a05185c96d93f701844f1e1b977070ce998d8c7d6d2621,CONFIRMED_NEYSAN,unclean,v2,CONFIRMED_NOT_V1TEST,DAY_CLEAR,vanet,vanet,True,0.9929,0.9929153919219971,False,silent_acceptance,0.00021168924286030233,1.3375405227833426e-09,0.00454015051946044,0.0010061109205707908,0.0011299877660349011,9.110893373076578e-09,0.0001966786221601069,0.9929153919219971
524,v2/unclean/vanet/198454664.jpg,832e7418bccb40bf357b1a54a46c4294d45f13b98d42f865ee865f911ddfaea9,CONFIRMED_NEYSAN,unclean,v2,CONFIRMED_NOT_V1TEST,DAY_CLEAR,vanet,vanet,True,0.9936,0.9936495423316956,False,silent_acceptance,4.051205735322583e-07,1.7455908940533504e-10,5.878526394553774e-07,0.00010849481623154134,0.006228037178516388,5.81368908569857e-08,1.2931180208397564e-05,0.9936495423316956
525,v2/unclean/vanet/198459757.jpg,724955b134a9e1df6fcadff8012f6769b85a460896e7c5079772fd0ce3fc1050,CONFIRMED_NEYSAN,unclean,v2,CONFIRMED_NOT_V1TEST,DAY_CLEAR,vanet,vanet,True,0.9769,0.9768623113632202,False,silent_acceptance,2.6700450689531863e-05,3.0017572871798848e-09,0.007443030830472708,0.015437968075275421,0.0001295856200158596,2.5968085992644774e-07,0.00010008530807681382,0.9768623113632202
526,v2/unclean/vanet/198460428.jpg,be3f229e519e02936b9e76a6f645673a40374dc3155f5377c578cdc786897149,CONFIRMED_NEYSAN,unclean,v2,CONFIRMED_NOT_V1TEST,DAY_PARTIAL_OR_NOT_OBSERVABLE,vanet,vanet,True,0.9917,0.9917359948158264,False,silent_acceptance,1.062691353581613e-06,6.110235147710474e-12,1.5161804185481742e-06,0.00825867522507906,1.6695505422603674e-08,9.838204695356012e-10,2.7012113150703954e-06,0.9917359948158264
527,v2/unclean/vanet/198487480.jpg,c568a17ef5feabd414d4fdb1bb0ee19aec7d3054e04b523ce1ef95179f1288f8,CONFIRMED_NEYSAN,unclean,v2,CONFIRMED_NOT_V1TEST,DAY_PARTIAL_OR_NOT_OBSERVABLE,vanet,vanet,True,0.9863,0.9863421320915222,False,silent_acceptance,0.00017815979663282633,4.910328144092091e-08,0.007244759704917669,0.006041550077497959,0.000119184740469791,5.9241897361062e-06,6.825880700489506e-05,0.9863421320915222
528,v2/unclean/vanet/199405061.jpg,6f142440f0d2b4600a7a4b4193170cb24366c1696c859d88c68e7c193ece26f5,CONFIRMED_NEYSAN,unclean,v2,CONFIRMED_NOT_V1TEST,DAY_CLEAR,vanet,vanet,True,0.9978,0.9977993369102478,False,silent_acceptance,0.0008980733109638095,6.810513930588513e-09,0.00010836866567842662,0.00024945850600488484,0.0009420554270036519,8.851369415197041e-08,2.5996289423346752e-06,0.9977993369102478
529,v2/unclean/vanet/199524545.jpg,9846dd58f2759c625222850fb6a179e72c7b352e1ad9e97f13f2cfcb7225c2e0,CONFIRMED_NEYSAN,unclean,v2,CONFIRMED_NOT_V1TEST,DAY_CLEAR,vanet,vanet,True,0.9999,0.9999076128005981,False,silent_acceptance,1.4238343055694713e-06,1.3455371261628102e-09,1.799334796714902e-07,3.4747743484331295e-05,5.380578659242019e-05,1.646734091309554e-07,2.009638819799875e-06,0.9999076128005981
530,v2/unclean/vanet/199525188.jpg,8e06650d7ffd84115d5b457c18ffe0c42418fb79101c5ce2c45ae558141cd30b,CONFIRMED_NEYSAN,unclean,v2,CONFIRMED_NOT_V1TEST,DAY_CLEAR,vanet,vanet,True,0.9492,0.9492329359054565,True,sent_to_review,0.0002022277913056314,1.5676432596478662e-08,8.239679300459102e-05,0.020729385316371918,0.001287598628550768,5.31407522430527e-07,0.02846490405499935,0.9492329359054565
531,v2/unclean/vanet/199534377.jpg,51602fe079b5ecde8a32b423c1bc23d84fe432145562801ed6fc7805ffebedb8,CONFIRMED_NEYSAN,unclean,v2,CONFIRMED_NOT_V1TEST,DAY_CLEAR,vanet,kamyun,False,0.9879,0.9878693222999573,False,confident_misclassification,0.00012413541844580323,9.68877543527924e-07,0.9878693222999573,0.00010518189810682088,0.002662597456946969,5.873401391909283e-07,4.9673540161165874e-06,0.009232227690517902
532,v2/unclean/vanet/199677477.jpg,6ba3aa992438cf5ab1eed7cacbfabf6597d3fae0bd185af427a59ff1f437a6d6,CONFIRMED_NEYSAN,unclean,v2,CONFIRMED_NOT_V1TEST,DAY_CLEAR,vanet,kamyunet,False,0.6294,0.6293777227401733,True,error_caught,0.0004465359088499099,2.550725412220345e-06,0.0003104180796071887,0.6293777227401733,0.004532789811491966,0.0003892364038620144,0.013449701480567455,0.3514910936355591
533,v2/unclean/vanet/199706691.jpg,df9a58dcf3a5ae070a1bd5570ec3e4b95cbc2dadd48754fd7bd3ba44ca631494,CONFIRMED_NEYSAN,unclean,v2,CONFIRMED_NOT_V1TEST,DAY_CLEAR,vanet,vanet,True,0.9985,0.9984990358352661,False,silent_acceptance,6.530326572828926e-06,3.6231442290812765e-09,2.778133421088569e-05,0.0005939237307757139,6.126968401076738e-06,2.7655889880406903e-06,0.000863890687469393,0.9984990358352661
534,v2/unclean/vanet/199788218.jpg,e057fedf656587621ca95a0a6fdf8355f48630d9757c3529dad5b515fd446ebc,CONFIRMED_NEYSAN,unclean,v2,CONFIRMED_NOT_V1TEST,DAY_CLEAR,vanet,kamyunet,False,0.6286,0.6285597085952759,True,error_caught,3.7234283809084445e-05,3.078218235863517e-10,0.0001393761340295896,0.6285597085952759,1.0442024631629465e-06,1.5250316209858283e-07,5.223054813541239e-06,0.3712571859359741
535,v2/unclean/vanet/199800413.jpg,bb9ef40e6b43e35ddca6df0277de0ed750d78b2cab92f394a11bae78c01e8131,CONFIRMED_NEYSAN,unclean,v2,CONFIRMED_NOT_V1TEST,DAY_CLEAR,vanet,vanet,True,0.9708,0.9707796573638916,False,silent_acceptance,3.57608005288057e-05,3.83278830895506e-09,0.022732608020305634,0.006207933649420738,0.00020981259876862168,2.416294941909314e-09,3.422249210416339e-05,0.9707796573638916
536,v2/unclean/vanet/199831447.jpg,1cd068918260665c335c0e6b92866cf2f3ed37e0ea981e948aa7f5dc0ca20f96,CONFIRMED_NEYSAN,unclean,v2,CONFIRMED_NOT_V1TEST,DAY_CLEAR,vanet,vanet,True,0.9422,0.9421743750572205,True,sent_to_review,0.0013643576530739665,1.5486389202123974e-06,0.019773779436945915,0.03542708232998848,0.000328088499372825,7.706863834755495e-05,0.0008537122630514205,0.9421743750572205
537,v2/unclean/vanet/200794546.jpg,c4c9745924b2f47af5a7724484d62d614af333f6ecc7c856e3c928186a52f571,CONFIRMED_NEYSAN,unclean,v2,CONFIRMED_NOT_V1TEST,DAY_CLEAR,vanet,vanet,True,0.8270,0.8270070552825928,True,sent_to_review,0.0015478177228942513,3.4109727948816726e-06,0.002446565078571439,0.15983854234218597,0.0001398823515046388,4.0941822589957155e-06,0.009012610651552677,0.8270070552825928
538,v2/unclean/vanet/201189023.jpg,33be794633858ec17359beb008286ef1333e1f60272646bf2465b6c47e33f736,CONFIRMED_NEYSAN,unclean,v2,CONFIRMED_NOT_V1TEST,DAY_CLEAR,vanet,vanet,True,0.8248,0.8247889280319214,True,sent_to_review,6.831052451161668e-05,1.4285279625880776e-08,0.0031455925200134516,0.0013484773226082325,0.16522614657878876,5.168143690781335e-09,0.005422596354037523,0.8247889280319214
539,v2/unclean/vanet/201223227.jpg,0029f6f41999ce6b31d2f03aa9994415a81686ed095ffcbaa95929efcd72396e,CONFIRMED_NEYSAN,unclean,v2,CONFIRMED_NOT_V1TEST,DAY_CLEAR,vanet,vanet,True,0.9998,0.9997666478157043,False,silent_acceptance,1.5092892681423109e-05,9.464071887288483e-11,7.08311404196138e-07,1.346142016700469e-05,0.00020270049571990967,1.2720748010508487e-08,1.4018495448908652e-06,0.9997666478157043
540,v2/unclean/vanet/201814328.jpg,8feae3363494825ddcb93017a696d908319207ca9664c242bc5d5f23beb41029,CONFIRMED_NEYSAN,unclean,v2,CONFIRMED_NOT_V1TEST,DAY_CLEAR,vanet,vanet,True,0.9996,0.9995757937431335,False,silent_acceptance,3.602492881782382e-07,1.3467528307831156e-11,1.900384560826751e-08,0.0004182877019047737,6.073241820558906e-07,5.3917425191229995e-08,4.866464678343618e-06,0.9995757937431335
541,v2/unclean/vanet/201847206.jpg,6e0c926c0bc42a933202809b53140137a420dc6796bc3a0d56b1d1187c95cf80,CONFIRMED_NEYSAN,unclean,v2,CONFIRMED_NOT_V1TEST,DAY_PARTIAL_OR_NOT_OBSERVABLE,vanet,vanet,True,0.9966,0.996644914150238,False,silent_acceptance,6.353388471325161e-06,5.769732247529191e-09,2.4111755010380875e-06,0.0033433076459914446,1.1281816796326893e-06,1.0333916407034849e-06,8.354091960427468e-07,0.996644914150238
542,v2/unclean/vanet/202308812.jpg,c36e78feb266e9a138d71e80219cab2f6e51add35cae37d11090857ff10a0380,CONFIRMED_NEYSAN,unclean,v2,CONFIRMED_NOT_V1TEST,DAY_CLEAR,vanet,vanet,True,0.9909,0.9909332990646362,False,silent_acceptance,0.0004652332281693816,1.9202868628553915e-08,0.004993009380996227,0.000978915486484766,0.0026247354689985514,1.0746694201202445e-08,4.831820206163684e-06,0.9909332990646362
543,v2/unclean/vanet/202980222.jpg,701ab28142031fd74b64e1281ff41e7323f1e96167372d0c0f9dc04280d5362b,CONFIRMED_NEYSAN,unclean,v2,CONFIRMED_NOT_V1TEST,DAY_CLEAR,vanet,vanet,True,0.9990,0.9990342855453491,False,silent_acceptance,1.0944444284177735e-06,3.581529028906516e-08,2.229209927762099e-09,9.684969626277962e-08,0.0004309467040002346,0.00021192901476752013,0.00032164689037017524,0.9990342855453491
544,v2/unclean/vanet/205193554.jpg,52c938cff17ff5337e0927b52f27760a18cd2c75ba7990c399f01906f20f87d8,CONFIRMED_NEYSAN,unclean,v2,CONFIRMED_NOT_V1TEST,DAY_CLEAR,vanet,vanet,True,0.9910,0.9909528493881226,False,silent_acceptance,0.0004082041559740901,2.993910896975649e-08,0.002496112370863557,0.004770731087774038,0.0010750050423666835,3.505395795855293e-07,0.0002967441105283797,0.9909528493881226
545,v2/unclean/vanet/205354707.jpg,b272da62cd9784c8a9ec3bd611d654993a720b21d1651a48af824c53271a801c,CONFIRMED_NEYSAN,unclean,v2,CONFIRMED_NOT_V1TEST,DAY_CLEAR,vanet,vanet,True,0.9974,0.9973650574684143,False,silent_acceptance,1.3645322383126768e-07,5.270401302881478e-12,9.333879447126492e-09,0.002225714037194848,8.850652375258505e-05,1.1344472028440578e-08,0.00032060028752312064,0.9973650574684143
546,v2/unclean/vanet/205359219.jpg,61a453cf06731383e7283418551f7f64fe3cf21dfbae5bd8f9199698da9f980b,CONFIRMED_NEYSAN,unclean,v2,CONFIRMED_NOT_V1TEST,DAY_CLEAR,vanet,vanet,True,0.9994,0.9993684887886047,False,silent_acceptance,1.094816343538696e-05,9.519187660345096e-10,1.3036611790084862e-07,0.00015294281183741987,3.617464244598523e-05,0.00028693629428744316,0.00014435975754167885,0.9993684887886047
547,v2/unclean/vanet/205720297.jpg,a2c9a2e11089f4acae7cab967144c62b53cf78930fc887484f890bccd7825b4d,CONFIRMED_NEYSAN,unclean,v2,CONFIRMED_NOT_V1TEST,DAY_CLEAR,vanet,vanet,True,0.9949,0.9948911666870117,False,silent_acceptance,1.5956056813593023e-05,2.0655404053826487e-09,0.0027564228512346745,0.00017897880752570927,0.000132055050926283,1.0729554844601807e-07,0.0020252445247024298,0.9948911666870117
548,v2/unclean/vanet/205765142.jpg,8c7d7d5d685826c665612f3549f28703174044f9856597ed78da7a919e5a4fbf,CONFIRMED_NEYSAN,unclean,v2,CONFIRMED_NOT_V1TEST,DAY_CLEAR,vanet,vanet,True,0.9949,0.9948729872703552,False,silent_acceptance,0.00011894130875589326,6.16381445883718e-10,0.0020198733545839787,0.0016103328671306372,0.001374423853121698,3.092224787337727e-08,3.370374543010257e-06,0.9948729872703552
549,v2/unclean/vanet/205814375.jpg,84cc6ee22f1bc3853c79360c44c0a4ac305c2ce40c3c624d0987d65cf2fb99d0,CONFIRMED_NEYSAN,unclean,v2,CONFIRMED_NOT_V1TEST,DAY_CLEAR,vanet,vanet,True,0.9947,0.9946656227111816,False,silent_acceptance,0.0001931936712935567,1.0260368981107604e-06,0.001272054621949792,5.5965010687941685e-06,0.0031199927907437086,1.5668907735744142e-06,0.0007409321260638535,0.9946656227111816
550,v2/unclean/vanet/205839665.jpg,a5b3960658c0c6a89c44a96d9642d2e6bd326415f038ac45084532e791bba550,CONFIRMED_NEYSAN,unclean,v2,CONFIRMED_NOT_V1TEST,DAY_CLEAR,vanet,vanet,True,0.9926,0.992561399936676,False,silent_acceptance,2.105369105720456e-07,3.8469938345997434e-09,1.1333216207276564e-05,0.006753150839358568,0.00019237211381550878,3.38090089258003e-08,0.0004814550338778645,0.992561399936676
551,v2/unclean/vanet/206621017.jpg,2cc42fdbbd6b50c031f14505f8b2fdc5da4cc27d5162f23795942e40c039ad86,CONFIRMED_NEYSAN,unclean,v2,CONFIRMED_NOT_V1TEST,DAY_CLEAR,vanet,vanet,True,0.9749,0.9749125838279724,False,silent_acceptance,0.001965962117537856,1.5266238051481196e-06,0.0010690039489418268,0.01809109002351761,0.003945307340472937,9.276699529436883e-06,5.208220045460621e-06,0.9749125838279724
552,v2/unclean/vanet/206621338.jpg,99617ed87bfbcec4a5471d8f6e991e1d469e26352cbf2bbcc2f1c318c34a42bc,CONFIRMED_NEYSAN,unclean,v2,CONFIRMED_NOT_V1TEST,DAY_CLEAR,vanet,vanet,True,0.9995,0.9995498061180115,False,silent_acceptance,2.0293318812036887e-05,2.182411196205436e-10,7.909762643976137e-06,3.729456147993915e-05,0.00033574807457625866,1.6891425147491645e-08,4.891914431937039e-05,0.9995498061180115
553,v2/unclean/vanet/206651635.jpg,384ce27edf0040aa93883bf9cecb3545d050a72e17ec1daf90f51ba23dc9968d,CONFIRMED_NEYSAN,unclean,v2,CONFIRMED_NOT_V1TEST,NIGHT,vanet,vanet,True,0.7707,0.7706833481788635,True,sent_to_review,4.52562962891534e-05,6.185861275298521e-05,0.0011067352024838328,0.0014000454684719443,0.014864410273730755,0.21149948239326477,0.00033886884921230376,0.7706833481788635
554,v2/unclean/vanet/207079360.jpg,f3fd691c0188d7328b0b119bff4ecd0c29a4ab086efc9915214c5011ea3f7dd7,CONFIRMED_NEYSAN,unclean,v2,CONFIRMED_NOT_V1TEST,DAY_CLEAR,vanet,minibus,False,0.7862,0.786226749420166,True,error_caught,0.0002509636979084462,2.1194933651713654e-05,0.008416218683123589,0.001955299871042371,0.786226749420166,0.0001307295315200463,0.012719332240521908,0.19027948379516602
555,v2/unclean/vanet/207142715.jpg,d40a944e2b24ec5d11561f23e2a29fb4bc2eda5b1e6e4364e0c02bb06c56969b,CONFIRMED_NEYSAN,unclean,v2,CONFIRMED_NOT_V1TEST,DAY_CLEAR,vanet,vanet,True,0.9990,0.9990066885948181,False,silent_acceptance,4.629500472219661e-05,3.888718325129048e-08,7.145029940147651e-06,0.0003782391140703112,0.0005484558059833944,2.9205648388597183e-06,1.0235886293230578e-05,0.9990066885948181
556,v2/unclean/vanet/207596603.jpg,fe1eb10659baeb58966252e571ad7f2160bb85825eef07aadc5ff2a932c85b76,CONFIRMED_NEYSAN,unclean,v2,CONFIRMED_NOT_V1TEST,DAY_CLEAR,vanet,minibus,False,0.6377,0.6376833915710449,True,error_caught,1.007231003313791e-05,8.737498319533188e-06,0.3382880985736847,0.0007704788586124778,0.6376833915710449,3.7989195789123187e-07,0.00039670991827733815,0.022842079401016235
557,v2/unclean/vanet/207846586.jpg,b10844133ebb4286056dfb73ba350cc7ff90187f86d32eca4d0d224dbbf93cab,CONFIRMED_NEYSAN,unclean,v2,CONFIRMED_NOT_V1TEST,DAY_CLEAR,vanet,vanet,True,0.9997,0.9996793270111084,False,silent_acceptance,2.430456561341998e-06,1.9177158472327704e-10,4.243238436174579e-07,3.886398553731851e-05,0.0002786364930216223,1.9075070412100104e-08,3.144913307551178e-07,0.9996793270111084
558,v2/unclean/vanet/207861786.jpg,9915e4549854c08ac2986b8f81e3d4db726e9a1fedd135598e86250e3ed31dde,CONFIRMED_NEYSAN,unclean,v2,CONFIRMED_NOT_V1TEST,DAY_CLEAR,vanet,vanet,True,0.9757,0.9756900072097778,False,silent_acceptance,4.531156321263552e-07,9.066249972988771e-09,0.0023712862748652697,0.0008445285493507981,0.0016959977801889181,6.069200821912091e-07,0.01939713954925537,0.9756900072097778
559,v2/unclean/vanet/207965767.jpg,67240d8eeb8b23768463618137daa1c50ec484d5b01795765addf22329c428f6,CONFIRMED_NEYSAN,unclean,v2,CONFIRMED_NOT_V1TEST,DAY_CLEAR,vanet,vanet,True,0.9887,0.9886759519577026,False,silent_acceptance,7.840093530830927e-06,5.763581834017373e-10,3.5126793136441847e-06,0.01097368635237217,0.00011444453411968425,2.4763030737062763e-08,0.00022449374955613166,0.9886759519577026
560,v2/unclean/vanet/207974100.jpg,075f06473379df74eea66283ab98545368beb4913fd256ab097e6a83612c34ac,CONFIRMED_NEYSAN,unclean,v2,CONFIRMED_NOT_V1TEST,DAY_CLEAR,vanet,vanet,True,0.9883,0.9883379340171814,False,silent_acceptance,0.0015229046111926436,3.920216840924695e-05,0.0002925049338955432,7.08673833287321e-05,0.009683347307145596,1.675711973803118e-05,3.6555145925376564e-05,0.9883379340171814
561,v2/unclean/vanet/208031990.jpg,25a79c7b95033bdeefba921f2bb85fa0658fd8f8fa7dab2955b9423a3cfcfa7a,CONFIRMED_NEYSAN,unclean,v2,CONFIRMED_NOT_V1TEST,DAY_CLEAR,vanet,vanet,True,0.9955,0.9955370426177979,False,silent_acceptance,2.3798667825758457e-05,2.0872281680794913e-09,1.3690695368495653e-06,0.004236210137605667,0.00015616162272635847,5.962395732694858e-08,4.541494854493067e-05,0.9955370426177979
562,v2/unclean/vanet/208044083.jpg,e06c042b64bb2ab2d57c361344e3ea7fe9e39837c3b33246c1b69c647d390c0d,CONFIRMED_NEYSAN,unclean,v2,CONFIRMED_NOT_V1TEST,DAY_PARTIAL_OR_NOT_OBSERVABLE,vanet,minibus,False,0.5154,0.5154412984848022,True,error_caught,0.0004166766884736717,7.145737299651955e-07,0.16254392266273499,0.17573924362659454,0.5154412984848022,2.407235569990007e-06,1.3783540453005116e-05,0.14584197103977203
563,v2/unclean/vanet/208091182.jpg,41c109cda3f51dbb5d58d148212683913e4cdfc0bb758042e850c4c934ffd975,CONFIRMED_NEYSAN,unclean,v2,CONFIRMED_NOT_V1TEST,DAY_CLEAR,vanet,vanet,True,0.6614,0.6613723039627075,True,sent_to_review,2.2734324375051074e-05,6.357624897646019e-07,0.0006817150278948247,0.027726583182811737,0.30962440371513367,2.5168776573991636e-07,0.0005713904392905533,0.6613723039627075
564,v2/unclean/vanet/208270780.jpg,087c26132711931e5d1925febb18b9b4bafda7abdd972c09311d6d8f9aec85fb,CONFIRMED_NEYSAN,unclean,v2,CONFIRMED_NOT_V1TEST,DAY_CLEAR,vanet,vanet,True,0.9997,0.9996533393859863,False,silent_acceptance,1.5855321180424653e-05,2.354997863385222e-10,3.615474852836087e-08,7.475904567399994e-05,1.7855975329439389e-06,1.7424437146473792e-06,0.00025246874429285526,0.9996533393859863
565,v2/unclean/vanet/208296936.jpg,81a07910a69aee6cd358f7f1bf01959bbf24f9d56e52b898514dc42e12f30103,CONFIRMED_NEYSAN,unclean,v2,CONFIRMED_NOT_V1TEST,DAY_CLEAR,vanet,vanet,True,0.9996,0.9996490478515625,False,silent_acceptance,2.1125401872268412e-06,8.188013045362652e-10,2.1709001885028556e-05,2.1789583115605637e-05,6.673605093965307e-05,7.700789979026013e-07,0.00023786975361872464,0.9996490478515625
566,v2/unclean/vanet/208337677.jpg,aaea35106e079962d20682968344990d78ab4927c2e3bb3d4c4157c704d3d0c8,CONFIRMED_NEYSAN,unclean,v2,CONFIRMED_NOT_V1TEST,DAY_CLEAR,vanet,vanet,True,0.9424,0.942425012588501,True,sent_to_review,4.3300289689796045e-05,1.434822110013556e-07,0.014902137219905853,0.03980856016278267,0.0024177958257496357,6.267589469644008e-07,0.0004024755326099694,0.942425012588501
567,v2/unclean/vanet/208529735.jpg,a3d8895aae6dc42e08f65f366f721b0b405f0684efae84644c0b0ebc9bb787b2,CONFIRMED_NEYSAN,unclean,v2,CONFIRMED_NOT_V1TEST,DAY_CLEAR,vanet,vanet,True,0.5840,0.5839770436286926,True,sent_to_review,0.0019380118465051055,3.2858274323643855e-08,0.25382861495018005,0.15259979665279388,0.0075133382342755795,6.298589738662486e-08,0.0001431325654266402,0.5839770436286926
568,v2/unclean/vanet/208657736.jpg,01d909f7a542ebe4615c12b0bfbc37c467ea7b250ae14932c247aa7dd44c8ef2,CONFIRMED_NEYSAN,unclean,v2,CONFIRMED_NOT_V1TEST,DAY_CLEAR,vanet,vanet,True,0.9983,0.9982919096946716,False,silent_acceptance,5.6442928325850517e-05,1.2001105664793954e-09,8.295575639749586e-07,7.253514195326716e-05,0.0014029077719897032,1.7593123402548372e-07,0.00017519696848466992,0.9982919096946716
569,v2/unclean/vanet/209052190.jpg,d9bf9645cd7fa17e968bc4a98b36eb7606e1fa172d0cf3027c7328391428a530,CONFIRMED_NEYSAN,unclean,v2,CONFIRMED_NOT_V1TEST,DAY_CLEAR,vanet,vanet,True,0.9920,0.9919561147689819,False,silent_acceptance,4.5576805860036984e-05,3.9791533956723413e-10,0.0004665020096581429,0.007521414663642645,6.6690613493847195e-06,1.949548433799464e-08,3.7138779589440674e-06,0.9919561147689819
570,v2/unclean/vanet/209440438.jpg,f013c234182c5b1e17edc9c549cd08f4b435d05df04b41a4299724a78a420533,CONFIRMED_NEYSAN,unclean,v2,CONFIRMED_NOT_V1TEST,DAY_CLEAR,vanet,vanet,True,0.9992,0.9991645812988281,False,silent_acceptance,1.761856401572004e-05,1.1375452801942743e-09,0.0001038422851706855,0.0002783687668852508,0.0004269678611308336,1.085754153251628e-08,8.649418305139989e-06,0.9991645812988281
571,v2/unclean/vanet/209500130.jpg,834b1f9f528dae7fcf27e7a17dd416fecd78f2905c02a34cb284e69745470b33,CONFIRMED_NEYSAN,unclean,v2,CONFIRMED_NOT_V1TEST,DAY_CLEAR,vanet,vanet,True,0.9991,0.9990817308425903,False,silent_acceptance,2.274982534800074e-06,6.987915107670162e-11,1.6903695723158307e-05,0.0007319956785067916,0.00016543891979381442,3.6762828892200616e-10,1.6456948515042313e-06,0.9990817308425903
572,v2/unclean/vanet/209726658.jpg,75b4814ed270a53d1a693e73cfd0c9d86d5aec26d81df14723ae6ba758c67f9a,CONFIRMED_NEYSAN,unclean,v2,CONFIRMED_NOT_V1TEST,DAY_CLEAR,vanet,vanet,True,0.9895,0.989516019821167,False,silent_acceptance,3.0415076253120787e-05,4.666914632522889e-10,0.0002624666958581656,0.006657347083091736,1.9501343558658846e-05,3.7651710727004684e-07,0.0035138761159032583,0.989516019821167
573,v2/unclean/vanet/209749493.jpg,4c268cd485320b67937a13fd6903690bf2c0ce9d0cf04df1e6c5566568252f55,CONFIRMED_NEYSAN,unclean,v2,CONFIRMED_NOT_V1TEST,DAY_CLEAR,vanet,vanet,True,0.9997,0.9997342228889465,False,silent_acceptance,4.415840066940291e-06,1.40458325526005e-10,8.695088808963192e-07,2.5221948817488737e-05,1.2915970728499815e-06,9.122296091845783e-07,0.00023302265617530793,0.9997342228889465
574,v2/unclean/vanet/210819242.jpg,781030a0affa298c6e01fbb5a8a3b72b03c12f381a0ab29d1f0758d5e521a7b0,CONFIRMED_NEYSAN,unclean,v2,CONFIRMED_NOT_V1TEST,NIGHT,vanet,vanet,True,0.9233,0.923316240310669,True,sent_to_review,0.00027861821581609547,4.752531822305173e-06,0.002386929467320442,0.0005843298276886344,0.0007442443165928125,0.06031857058405876,0.012366287410259247,0.923316240310669
575,v2/unclean/vanet/211048353.jpg,72defd06aac55734d268e7c4774207eda7f9965ad74506cc5c9359f536f2e2e0,CONFIRMED_NEYSAN,unclean,v2,CONFIRMED_NOT_V1TEST,DAY_CLEAR,vanet,vanet,True,0.9990,0.9989514350891113,False,silent_acceptance,2.2715057639288716e-06,3.088451805410841e-08,6.364999717334285e-05,0.0008529198239557445,7.843101775506511e-05,1.418260012542305e-06,4.980137964594178e-05,0.9989514350891113
576,v2/unclean/vanet/211529650.jpg,81649dbe58b15eb8d2c1638267b37d16203530d397a98821b69cca4217337f6c,CONFIRMED_NEYSAN,unclean,v2,CONFIRMED_NOT_V1TEST,DAY_CLEAR,vanet,vanet,True,0.9191,0.9190880656242371,True,sent_to_review,0.00018013360386248678,3.4603317544679157e-06,0.0009441549191251397,0.059548087418079376,0.008185033686459064,2.8635972171286994e-07,0.012050759047269821,0.9190880656242371
577,v2/unclean/vanet/211742372.jpg,6e8c2532a5802af9e9fcd98af6bf9a34b3ac5cf7b84714b0cc9e9bcb9131843e,CONFIRMED_NEYSAN,unclean,v2,CONFIRMED_NOT_V1TEST,DAY_CLEAR,vanet,vanet,True,0.9997,0.9997096657752991,False,silent_acceptance,1.0872456186916679e-05,3.4303879181685204e-11,1.6451954465424024e-08,2.4565331841586158e-05,0.000252808938967064,1.3633720641337277e-07,1.8756195458990987e-06,0.9997096657752991
578,v2/unclean/vanet/212002204.jpg,d6c30acefc3ee5a43b1fadd9fc2d3e91fc5b2c276c1cac29dcccbbfe5183f4a5,CONFIRMED_NEYSAN,unclean,v2,CONFIRMED_NOT_V1TEST,DAY_CLEAR,vanet,vanet,True,0.9980,0.9980138540267944,False,silent_acceptance,1.2477098607632797e-06,6.217887316140036e-11,9.492697245150339e-06,0.00023306356160901487,1.3640144061355386e-05,2.1899388968904532e-08,0.0017286480870097876,0.9980138540267944
579,v2/unclean/vanet/212037438.jpg,242394515317fc6c351bc9589614e9ca4bdbe6ee65de8785e574d12f7ba37f70,CONFIRMED_NEYSAN,unclean,v2,CONFIRMED_NOT_V1TEST,DAY_CLEAR,vanet,vanet,True,0.9994,0.9993846416473389,False,silent_acceptance,4.248503955750493e-06,1.9919959778902374e-11,5.717559361073654e-06,2.2775817342335358e-05,2.6495805286685936e-05,6.733809243542055e-08,0.0005560360150411725,0.9993846416473389
580,v2/unclean/vanet/212164480.jpg,763dde6c3983588da24bcd4c195b484932aa55f2dc1ac7388861eddf848cd2e5,CONFIRMED_NEYSAN,unclean,v2,CONFIRMED_NOT_V1TEST,DAY_CLEAR,vanet,vanet,True,0.9079,0.9078736305236816,True,sent_to_review,1.881176467577461e-05,3.4851681540715163e-09,0.0011173293460160494,0.09095357358455658,7.383511729130987e-06,6.7356586974653965e-09,2.924811815319117e-05,0.9078736305236816
581,v2/unclean/vanet/212228652.jpg,3d902359a0c914dbda643e475e344637029fff4fceb0562c7e16e04fbe10e018,CONFIRMED_NEYSAN,unclean,v2,CONFIRMED_NOT_V1TEST,DAY_CLEAR,vanet,vanet,True,0.9873,0.9873233437538147,False,silent_acceptance,7.227394235087559e-05,1.3457045611176e-07,6.366362867993303e-07,0.012059547007083893,0.0004314715042710304,1.9049819002248114e-06,0.00011066251317970455,0.9873233437538147
582,v2/unclean/vanet/212397930.jpg,552e38d4d08732416a447359729e02f6b2816adb5d6203e8761e2a2a847a2824,CONFIRMED_NEYSAN,unclean,v2,CONFIRMED_NOT_V1TEST,NIGHT,vanet,savari,False,0.9202,0.9201532006263733,True,error_caught,2.9019290650467156e-06,8.866908842719567e-07,2.742299045621621e-07,4.913514567306265e-05,8.350732059625443e-06,0.9201532006263733,0.0007336555281654,0.07905161380767822
583,v2/unclean/vanet/212462069.jpg,cad64ae32909a8b2d7c6e14ff11ebfa1a448740c97e5517f4f780445c57e4930,CONFIRMED_NEYSAN,unclean,v2,CONFIRMED_NOT_V1TEST,NIGHT,vanet,vanet,True,0.6483,0.648267924785614,True,sent_to_review,0.00013585264969151467,0.00395364873111248,0.0008150886278599501,0.012947151437401772,0.029215270653367043,0.05620058998465538,0.24846448004245758,0.648267924785614
584,v2/unclean/vanet/212794066.jpg,da078275ec24e814c595d6ee9503d5f093e395823f02b217af2bb7ea5d8bce16,CONFIRMED_NEYSAN,unclean,v2,CONFIRMED_NOT_V1TEST,DAY_PARTIAL_OR_NOT_OBSERVABLE,vanet,vanet,True,0.9697,0.969728946685791,False,silent_acceptance,0.0006125973304733634,4.2173819991830896e-08,0.00015777027874719352,0.02853366918861866,0.00035152281634509563,0.00011615634866757318,0.0004993040929548442,0.969728946685791
585,v2/unclean/vanet/213250902.jpg,3cca89dc6f32539a08023f6fcdc7783614e7f18261cbabb335a54c2ad05a79ee,CONFIRMED_NEYSAN,unclean,v2,CONFIRMED_NOT_V1TEST,DAY_CLEAR,vanet,vanet,True,0.9947,0.9946905970573425,False,silent_acceptance,6.810054037487134e-05,5.2053543697638816e-09,1.5379496289824601e-06,0.0025655569043010473,0.002647665562108159,3.44344755376369e-07,2.618950020405464e-05,0.9946905970573425
586,v2/unclean/vanet/213498106.jpg,9cb3c0de8e769219239e3b5331dc03ce4bbfb3ec21edb4bbf6b356a867fd3450,CONFIRMED_NEYSAN,unclean,v2,CONFIRMED_NOT_V1TEST,DAY_CLEAR,vanet,kamyun,False,0.9176,0.9176205396652222,True,error_caught,2.8714828658849e-05,1.6649005374347325e-07,0.9176205396652222,0.008573596365749836,0.00723225437104702,7.817153147016143e-08,0.009195946156978607,0.05734868720173836
587,v2/unclean/vanet/213802809.jpg,b0ef1f0677ec40e2f9d8419275990e3e104fd5fe55347049e411652b03ec9b74,CONFIRMED_NEYSAN,unclean,v2,CONFIRMED_NOT_V1TEST,DAY_CLEAR,vanet,vanet,True,0.9999,0.9999268054962158,False,silent_acceptance,1.9011273252544925e-05,1.0049019749658328e-07,6.013513939251425e-06,3.441338412812911e-05,2.734618647082243e-06,1.7081964642784442e-07,1.0788677172968164e-05,0.9999268054962158
588,v2/unclean/vanet/213961662.jpg,861b143c3f9867582b5068fd03ddd802a4ae7727a8d0c5ebcfbee800fbe4c5e2,CONFIRMED_NEYSAN,unclean,v2,CONFIRMED_NOT_V1TEST,DAY_CLEAR,vanet,vanet,True,0.9770,0.9770484566688538,False,silent_acceptance,2.7968539143330418e-05,2.869910975533685e-10,1.1157768312841654e-05,0.02159177139401436,2.286651942995377e-05,5.767050725857814e-10,0.0012977010337635875,0.9770484566688538
589,v2/unclean/vanet/214415720.jpg,e066d200d0270e6e277f08c29229311b0e2586687731112d8fd1cbab4e1992c7,CONFIRMED_NEYSAN,unclean,v2,CONFIRMED_NOT_V1TEST,DAY_CLEAR,vanet,vanet,True,0.9733,0.9733057618141174,False,silent_acceptance,1.69611976161832e-05,3.798091563478323e-10,0.0029126163572072983,0.02361707016825676,2.807047167152632e-05,7.703622628696394e-09,0.00011955126683460549,0.9733057618141174
590,v2/unclean/vanet/214543167.jpg,96dce6bfd5f4109a1525ed3d97d765e8035a1b040b9aec16609651588db23464,CONFIRMED_NEYSAN,unclean,v2,CONFIRMED_NOT_V1TEST,DAY_CLEAR,vanet,vanet,True,0.7766,0.776596188545227,True,sent_to_review,5.5225529649760574e-05,9.423982705314415e-10,1.0792708735607448e-06,0.22155945003032684,0.0017837273189797997,5.794134949610452e-09,4.307813469495159e-06,0.776596188545227
591,v2/unclean/vanet/214628303.jpg,5b73204abfd8ef0d2a141779f70318864f5a85c803650eb20ea9d51905ca69cb,CONFIRMED_NEYSAN,unclean,v2,CONFIRMED_NOT_V1TEST,DAY_CLEAR,vanet,vanet,True,0.9385,0.9385266900062561,True,sent_to_review,0.00016321103612426668,1.6172690964211256e-09,0.00030670291744172573,0.06093042716383934,4.833060665987432e-05,2.984143350204249e-07,2.4339708033949137e-05,0.9385266900062561
592,v2/unclean/vanet/214704493.jpg,c7bf48561d82e56c85a43210716e81feb56cf4bd29c484c9c5a6ff8bc4ec7e87,CONFIRMED_NEYSAN,unclean,v2,CONFIRMED_NOT_V1TEST,DAY_PARTIAL_OR_NOT_OBSERVABLE,vanet,vanet,True,0.9617,0.9616790413856506,False,silent_acceptance,1.3484633427651715e-06,3.591225663512887e-07,0.0006719644879922271,0.03606526926159859,0.0013586332788690925,7.77574143739912e-07,0.00022265077859628946,0.9616790413856506
593,v2/unclean/vanet/214710884.jpg,a3e1ffb9adccb4c166891ee08705526a66c0a808caf8ee97a50822f0e306079f,CONFIRMED_NEYSAN,unclean,v2,CONFIRMED_NOT_V1TEST,DAY_CLEAR,vanet,vanet,True,0.9982,0.9981822967529297,False,silent_acceptance,2.041737207036931e-05,3.3172662533553776e-11,1.108122796722455e-05,0.00168470642529428,4.85742675664369e-05,9.067512962701585e-09,5.2907595090800896e-05,0.9981822967529297
594,v2/unclean/vanet/215297064.jpg,46f036b9fa3ad8b3574638022e60ce3288262c8c9f1dece2acba5fb7f8c5aef4,CONFIRMED_NEYSAN,unclean,v2,CONFIRMED_NOT_V1TEST,DAY_CLEAR,vanet,vanet,True,0.9986,0.9985572695732117,False,silent_acceptance,0.0002359284262638539,8.372496296260579e-08,0.00037997387698851526,0.0003589721454773098,5.474741919897497e-05,1.977924739549053e-07,0.00041288178181275725,0.9985572695732117
595,v2/unclean/vanet/215726436.jpg,2ff5f4b9bb3b1a3db7da3f045d5542620ff59d162314f7a240568ee285ab56d8,CONFIRMED_NEYSAN,unclean,v2,CONFIRMED_NOT_V1TEST,DAY_CLEAR,vanet,vanet,True,0.9499,0.949889600276947,True,sent_to_review,0.0002822016831487417,4.4179691371937224e-07,0.024986572563648224,0.02325339987874031,0.0011082491837441921,3.681630573737493e-07,0.00047916214680299163,0.949889600276947
596,v2/unclean/vanet/215780374.jpg,21519b7c4ddcc0227c9cf4fd396f4615d5a50251a9bbe73d9b27c7b3a5ae1177,CONFIRMED_NEYSAN,unclean,v2,CONFIRMED_NOT_V1TEST,DAY_CLEAR,vanet,vanet,True,0.9999,0.999937891960144,False,silent_acceptance,6.261297585297143e-06,6.141794184344462e-09,3.50856197428584e-07,4.334148979978636e-05,1.1494991667859722e-05,1.241294356191247e-08,6.783037633795175e-07,0.999937891960144
597,v2/unclean/vanet/215880051.jpg,ccf5622a72d9289daff3700d2fc2b784e5464c58a28f35911980cee814b8ef05,CONFIRMED_NEYSAN,unclean,v2,CONFIRMED_NOT_V1TEST,DAY_CLEAR,vanet,vanet,True,0.9830,0.9829508662223816,False,silent_acceptance,5.235648495727219e-05,1.1337871086425366e-07,0.0026721192989498377,0.013635934330523014,0.00045962349395267665,1.1814259437414876e-07,0.00022886067745275795,0.9829508662223816
598,v2/unclean/vanet/215976038.jpg,efc5bdbbf2d8af2161fa457f15c5be3172a0c4788afc4544fed784a261b2f856,CONFIRMED_NEYSAN,unclean,v2,CONFIRMED_NOT_V1TEST,DAY_CLEAR,vanet,vanet,True,0.9966,0.9965950846672058,False,silent_acceptance,2.980540921271313e-05,9.507838427680326e-08,0.0016584591940045357,0.0012094508856534958,5.8844372688326985e-05,2.527389142414904e-07,0.00044802037882618606,0.9965950846672058
599,v2/unclean/vanet/216119284.jpg,dc9bd0c1b2f30f51a539c39c758fc195f66f69c076cca585822b227c396d1383,CONFIRMED_NEYSAN,unclean,v2,CONFIRMED_NOT_V1TEST,DAY_CLEAR,vanet,minibus,False,0.6284,0.6284321546554565,True,error_caught,2.9255703339003958e-05,3.262927918967762e-07,0.27934885025024414,0.005913569591939449,0.6284321546554565,1.1081267103918435e-07,0.006226181983947754,0.0800495594739914
600,v2/unclean/vanet/216688804.jpg,8ca8a9265e16ed207dc00739d8ee832ca878166bcbf75648ac0d2b592ff24f7f,CONFIRMED_NEYSAN,unclean,v2,CONFIRMED_NOT_V1TEST,DAY_CLEAR,vanet,vanet,True,0.9874,0.9874349236488342,False,silent_acceptance,0.001635980443097651,8.55676063338251e-08,0.001128539675846696,0.0005593433743342757,0.009154437109827995,3.5346613458386855e-07,8.639673615107313e-05,0.9874349236488342
601,v2/unclean/vanet/216755502.jpg,c5ccc059a36430e61037522eeffbd3069d5634898150af1146430bb4ac1d2309,CONFIRMED_NEYSAN,unclean,v2,CONFIRMED_NOT_V1TEST,DAY_CLEAR,vanet,vanet,True,0.9990,0.9990143775939941,False,silent_acceptance,0.00012535107089206576,1.1113816533736554e-08,0.0005562820588238537,0.0001992275647353381,5.336420508683659e-05,4.896288032796292e-07,5.088217949378304e-05,0.9990143775939941
602,v2/unclean/vanet/216766888.jpg,5a9b0db8ada2038ed41f52b242dd34d2d7f06abc1e81d971f2e5d5723e1ce2df,CONFIRMED_NEYSAN,unclean,v2,CONFIRMED_NOT_V1TEST,DAY_CLEAR,vanet,vanet,True,0.9990,0.9989996552467346,False,silent_acceptance,0.000705262937117368,1.2046854180880473e-08,0.0002495668886695057,2.2243295461521484e-05,2.0790788767044432e-05,1.903325710372883e-06,6.011505320202559e-07,0.9989996552467346
603,v2/unclean/vanet/216896507.jpg,7fe7400479a9b562b64b28b108d278799c53ba1318030e000e4426f956d6a140,CONFIRMED_NEYSAN,unclean,v2,CONFIRMED_NOT_V1TEST,INFRARED,vanet,vanet,True,0.6936,0.6936041116714478,True,sent_to_review,0.00011563247971935198,7.256996781279668e-08,0.00019892689306288958,0.07644248008728027,0.0006110058166086674,0.00033611091203056276,0.2286916822195053,0.6936041116714478
604,v2/unclean/vanet/217212790.jpg,99c83f3763efe1d59e266f6f81f32e7f17d39bb1a11623154ac23a06b6e60187,CONFIRMED_NEYSAN,unclean,v2,CONFIRMED_NOT_V1TEST,NIGHT,vanet,vanet,True,0.9974,0.9974074959754944,False,silent_acceptance,2.8080548872821964e-05,1.792915327314404e-08,6.391672400241077e-07,9.861825674306601e-06,1.4049469427845906e-05,0.0018886544276028872,0.0006512279505841434,0.9974074959754944
605,v2/unclean/vanet/217412296.jpg,ac12bac26856715b550f8846fac64cca9fd61d1841dbbe0a8db2f57ee8ccf446,CONFIRMED_NEYSAN,unclean,v2,CONFIRMED_NOT_V1TEST,NIGHT,vanet,savari,False,0.8257,0.8257284760475159,True,error_caught,0.0002608778595458716,0.0010771752567961812,2.0156221580691636e-05,0.0024370700120925903,0.0008067154558375478,0.8257284760475159,0.03144038841128349,0.138229101896286
606,v2/unclean/vanet/217426680.jpg,388f051f16945fab4ba0ebab9187d0d632bcc268b3d95d3696f7912fbb2a880b,CONFIRMED_NEYSAN,unclean,v2,CONFIRMED_NOT_V1TEST,INFRARED,vanet,kamyun,False,0.4255,0.42549455165863037,True,error_caught,7.205941074062139e-05,1.0504138572287047e-06,0.42549455165863037,0.15236178040504456,0.00023764802608639002,2.2944809643377084e-06,0.00010646491864463314,0.42172420024871826
607,v2/unclean/vanet/217684475.jpg,b07918077d8f31703896c74b726419a53eb78c791b8b854415c3e6f5260fd7eb,CONFIRMED_NEYSAN,unclean,v2,CONFIRMED_NOT_V1TEST,DAY_CLEAR,vanet,vanet,True,0.9914,0.9914047718048096,False,silent_acceptance,9.127222438110039e-05,8.077853053123363e-09,6.450839009630727e-06,0.002486503217369318,0.005856513511389494,5.491352794706472e-08,0.00015444646123796701,0.9914047718048096
608,v2/unclean/vanet/217770313.jpg,68fbeaddc9385c9fc6ea39a4463e70735bca2ca6bb1713bdfaaff88cd4bc6db7,CONFIRMED_NEYSAN,unclean,v2,CONFIRMED_NOT_V1TEST,DAY_CLEAR,vanet,vanet,True,0.9995,0.9995334148406982,False,silent_acceptance,0.0004404242499731481,2.611351312964416e-08,2.7305750336381607e-06,6.273447525018128e-06,9.249591130355839e-06,7.63210300647188e-06,2.586730261100456e-07,0.9995334148406982
609,v2/unclean/vanet/217961793.jpg,bc0c0dc73d32e2bb30c55b919223169066ea59717a8c1061498757731e604bde,CONFIRMED_NEYSAN,unclean,v2,CONFIRMED_NOT_V1TEST,DAY_CLEAR,vanet,vanet,True,0.9782,0.9782031178474426,False,silent_acceptance,0.0008133082883432508,2.322766476936522e-07,0.002181348856538534,0.013645007275044918,0.005120539106428623,1.3339786164578982e-07,3.6320932849776e-05,0.9782031178474426
610,v2/unclean/vanet/218015373.jpg,d1fde6e8fb17997de62ecac93bb1af5f643cce5bacdf179868d518f8e4f1604d,CONFIRMED_NEYSAN,unclean,v2,CONFIRMED_NOT_V1TEST,DAY_CLEAR,vanet,vanet,True,0.9998,0.999798595905304,False,silent_acceptance,6.097361620049924e-06,1.6715135942035886e-08,2.5311971967312275e-06,0.00012440854334272444,6.786641461076215e-05,3.388794596048683e-07,1.118716141945697e-07,0.999798595905304
611,v2/unclean/vanet/218216229.jpg,8d86e4295f9989b718c2a054f64233037b6336f47cc747f97a7ba253ff9ad784,CONFIRMED_NEYSAN,unclean,v2,CONFIRMED_NOT_V1TEST,LOW_LIGHT_UNCLEAR,vanet,vanet,True,0.9864,0.9863511919975281,False,silent_acceptance,0.0033093083184212446,2.631581537571037e-06,4.46327576355543e-05,0.0011427151039242744,0.009121917188167572,2.059319922409486e-05,7.014138191152597e-06,0.9863511919975281
612,v2/unclean/vanet/218383178.jpg,263105ac0e6ffd9d7e04b5c0ca55085621613da2b8b412dd9da066fb4f9b3d92,CONFIRMED_NEYSAN,unclean,v2,CONFIRMED_NOT_V1TEST,DAY_CLEAR,vanet,ambulance,False,0.7383,0.7382686138153076,True,error_caught,0.7382686138153076,1.1952079950749983e-11,1.3714070989934157e-09,4.4253820874473604e-07,3.087316144956276e-06,2.3420756406267174e-05,1.0850524631678127e-05,0.26169365644454956
613,v2/unclean/vanet/218530330.jpg,fc37fbf30950712482abe7f0ce4867c2e9856e8d8cec1a2ff98080ec7e9af422,CONFIRMED_NEYSAN,unclean,v2,CONFIRMED_NOT_V1TEST,NIGHT,vanet,vanet,True,0.4744,0.4744184911251068,True,sent_to_review,0.00017885251145344228,9.88221358966257e-07,2.2861068771362625e-07,9.191588469548151e-05,0.15473976731300354,0.0070750596933066845,0.36349472403526306,0.4744184911251068
614,v2/unclean/vanet/218692911.jpg,8a7e23d265a2b68c254952aaec243d081827131b756d7a40938e2d768d5c1416,CONFIRMED_NEYSAN,unclean,v2,CONFIRMED_NOT_V1TEST,DAY_CLEAR,vanet,vanet,True,0.7700,0.7699881196022034,True,sent_to_review,0.00018550598178990185,1.7328563899354776e-06,0.00014264817582443357,0.005235598888248205,0.2159138023853302,8.127773980959319e-06,0.00852446723729372,0.7699881196022034
615,v2/unclean/vanet/218701154.jpg,4cf5d6fc1bcb9f95a1912fe4fcd296abdfdca98cab41b2ce4a153dabc8dfcdef,CONFIRMED_NEYSAN,unclean,v2,CONFIRMED_NOT_V1TEST,DAY_CLEAR,vanet,vanet,True,0.9791,0.9791321754455566,False,silent_acceptance,1.0192879926762544e-05,1.0214924941465142e-06,2.8145615942776203e-05,0.005636163521558046,0.0007919757044874132,4.271895704732742e-06,0.014396029524505138,0.9791321754455566
616,v2/unclean/vanet/218733711.jpg,a4c1c8aa34caebaa898710cb18890c950624f432550b08f27273cd4d00ebe267,CONFIRMED_NEYSAN,unclean,v2,CONFIRMED_NOT_V1TEST,DAY_CLEAR,vanet,vanet,True,0.9998,0.9997878670692444,False,silent_acceptance,2.0410445358720608e-05,4.229856020998568e-09,5.499485632753931e-05,2.0008706997032277e-05,2.7620228593150387e-07,2.3448396859748755e-06,0.00011412720050429925,0.9997878670692444
617,v2/unclean/vanet/218769882.jpg,6bd991fad83ba6d42636f96833413db4b0502ea1c05be62520be9fee1f376529,CONFIRMED_NEYSAN,unclean,v2,CONFIRMED_NOT_V1TEST,DAY_CLEAR,vanet,vanet,True,0.9945,0.9944884777069092,False,silent_acceptance,0.00015334489580709487,4.854008306409696e-10,0.00013329584908206016,0.004697686526924372,0.00040666296263225377,7.892182196655995e-08,0.0001204225336550735,0.9944884777069092
618,v2/unclean/vanet/218807829.jpg,08789671b7589c7b6800af94a1031ec8b80b6f61b8f9100b9fde61d78b92f2dc,CONFIRMED_NEYSAN,unclean,v2,CONFIRMED_NOT_V1TEST,DAY_CLEAR,vanet,vanet,True,0.9790,0.9789958000183105,False,silent_acceptance,5.588039130088873e-06,2.045703328956705e-10,0.0001460286002838984,0.020683372393250465,1.4881995411997195e-05,6.061678714530672e-09,0.00015424944285769016,0.9789958000183105
619,v2/unclean/vanet/218879049.jpg,50bb6d33db5ca36668d64fd113e6c2f2f5180ffd212c476f4242e08d3b97d212,CONFIRMED_NEYSAN,unclean,v2,CONFIRMED_NOT_V1TEST,DAY_CLEAR,vanet,vanet,True,0.9996,0.9995692372322083,False,silent_acceptance,1.2574771972140297e-05,2.5963986516330806e-10,9.881984624371398e-06,0.0003884333127643913,1.978255204448942e-05,8.52663717409996e-10,9.01927279528536e-08,0.9995692372322083
620,v2/unclean/vanet/218932038.jpg,6701f085a5eb467ff64e02d1900db5c1a1267e0dc5c1dfb92ce2ee784f4ad247,CONFIRMED_NEYSAN,unclean,v2,CONFIRMED_NOT_V1TEST,DAY_CLEAR,vanet,vanet,True,0.9995,0.9994612336158752,False,silent_acceptance,0.00037948237149976194,1.1426188706309404e-07,2.8669031962635927e-05,7.163800091802841e-06,5.420619345386513e-06,1.155041900346987e-05,0.00010640649270499125,0.9994612336158752
621,v2/unclean/vanet/218984663.jpg,6568d0d4e251273652f2b704b68551f12e8b618622f3bc0405cbc4a80d9c87d2,CONFIRMED_NEYSAN,unclean,v2,CONFIRMED_NOT_V1TEST,DAY_CLEAR,vanet,vanet,True,0.9989,0.9989110231399536,False,silent_acceptance,0.0003173823934048414,4.690953847585888e-09,8.032029654714279e-06,0.0007476408500224352,1.4225840459403116e-05,9.618536722655335e-08,1.6207245607802179e-06,0.9989110231399536
